2016-04-27 16:34:14.661, field, MessageQueue,R#0000,R#0001,R#0002,R#0003,R#0004,R#0005,R#0006,R#0007,R#0008,R#0009
2016-04-27 16:34:14.661, data, MessageQueue,0,0,0,0,0,0,0,0,0,0
2016-04-27 16:34:14.699, field, AgentTransaction,R#0000,R#0002,R#0001,R#0004,R#0003,R#0006,R#0005,R#0008,R#0007,R#0009,Total
2016-04-27 16:34:14.700, data, AgentTransaction,0,0,0,0,0,0,0,0,0,0,0
2016-04-27 16:34:14.700, field, MessageLatency,R#0004
2016-04-27 16:34:14.700, data, MessageLatency,0
2016-04-27 16:34:15.638, field, MessageQueue,R#0000,R#0001,R#0002,R#0003,R#0004,R#0005,R#0006,R#0007,R#0008,R#0009
2016-04-27 16:34:15.638, data, MessageQueue,0,0,0,0,0,0,0,0,0,0
2016-04-27 16:34:15.744, field, AgentTransaction,R#0000,R#0002,R#0001,R#0004,R#0003,R#0006,R#0005,R#0008,R#0007,R#0009,Total
2016-04-27 16:34:15.745, data, AgentTransaction,0,0,0,0,300,0,300,0,0,0,600
2016-04-27 16:34:15.745, field, MessageLatency,R#0004,R#0003,R#0005
2016-04-27 16:34:15.745, data, MessageLatency,48,41,56
2016-04-27 16:34:16.638, field, MessageQueue,R#0000,R#0001,R#0002,R#0003,R#0004,R#0005,R#0006,R#0007,R#0008,R#0009
2016-04-27 16:34:16.638, data, MessageQueue,0,0,0,0,0,1,0,0,0,0
2016-04-27 16:34:16.706, field, AgentTransaction,R#0000,R#0002,R#0001,R#0004,R#0003,R#0006,R#0005,R#0008,R#0007,R#0009,Total
2016-04-27 16:34:16.707, data, AgentTransaction,0,600,0,4311,1700,1700,3400,0,100,0,11811
2016-04-27 16:34:16.707, field, MessageLatency,R#0002,R#0004,R#0003,R#0006,R#0005,R#0007
2016-04-27 16:34:16.707, data, MessageLatency,13,45,42,35,51,36
2016-04-27 16:34:17.638, field, MessageQueue,R#0000,R#0001,R#0002,R#0003,R#0004,R#0005,R#0006,R#0007,R#0008,R#0009
2016-04-27 16:34:17.638, data, MessageQueue,0,0,1,0,2,1,0,0,0,0
2016-04-27 16:34:17.684, field, AgentTransaction,R#0000,R#0002,R#0001,R#0004,R#0003,R#0006,R#0005,R#0008,R#0007,R#0009,Total
2016-04-27 16:34:17.684, data, AgentTransaction,0,1000,0,10911,5000,3735,10000,0,700,0,31346
2016-04-27 16:34:17.685, field, MessageLatency,R#0002,R#0004,R#0003,R#0006,R#0005,R#0007
2016-04-27 16:34:17.685, data, MessageLatency,12,36,26,22,31,4
2016-04-27 16:34:18.637, field, MessageQueue,R#0000,R#0001,R#0002,R#0003,R#0004,R#0005,R#0006,R#0007,R#0008,R#0009
2016-04-27 16:34:18.637, data, MessageQueue,0,0,0,0,0,0,0,0,0,0
2016-04-27 16:34:18.678, field, AgentTransaction,R#0000,R#0002,R#0001,R#0004,R#0003,R#0006,R#0005,R#0008,R#0007,R#0009,Total
2016-04-27 16:34:18.678, data, AgentTransaction,0,1800,100,21436,9600,7035,19600,0,1100,0,60671
2016-04-27 16:34:18.679, field, MessageLatency,R#0002,R#0001,R#0004,R#0003,R#0006,R#0005,R#0007
2016-04-27 16:34:18.679, data, MessageLatency,6,788,5,27,150,35,8
2016-04-27 16:34:19.638, field, MessageQueue,R#0000,R#0001,R#0002,R#0003,R#0004,R#0005,R#0006,R#0007,R#0008,R#0009
2016-04-27 16:34:19.639, data, MessageQueue,0,0,0,1,4,4,0,0,0,0
2016-04-27 16:34:19.676, field, AgentTransaction,R#0000,R#0002,R#0001,R#0004,R#0003,R#0006,R#0005,R#0008,R#0007,R#0009,Total
2016-04-27 16:34:19.676, data, AgentTransaction,0,2800,100,35836,15900,12220,32700,0,1800,0,101356
2016-04-27 16:34:19.677, field, MessageLatency,R#0002,R#0001,R#0004,R#0003,R#0006,R#0005,R#0007
2016-04-27 16:34:19.677, data, MessageLatency,7,1007,32,32,20,35,15
2016-04-27 16:34:20.638, field, MessageQueue,R#0000,R#0001,R#0002,R#0003,R#0004,R#0005,R#0006,R#0007,R#0008,R#0009
2016-04-27 16:34:20.639, data, MessageQueue,0,0,0,0,2,2,0,0,0,0
2016-04-27 16:34:20.691, field, AgentTransaction,R#0000,R#0002,R#0001,R#0004,R#0003,R#0006,R#0005,R#0008,R#0007,R#0009,Total
2016-04-27 16:34:20.691, data, AgentTransaction,0,4300,200,53736,23800,18120,49094,100,2700,0,152050
2016-04-27 16:34:20.692, field, MessageLatency,R#0002,R#0001,R#0004,R#0003,R#0006,R#0005,R#0008,R#0007
2016-04-27 16:34:20.692, data, MessageLatency,5,810,44,27,37,43,1815,4
2016-04-27 16:34:21.637, field, MessageQueue,R#0000,R#0001,R#0002,R#0003,R#0004,R#0005,R#0006,R#0007,R#0008,R#0009
2016-04-27 16:34:21.638, data, MessageQueue,0,0,0,0,1,1,0,0,0,0
2016-04-27 16:34:21.666, field, AgentTransaction,R#0000,R#0002,R#0001,R#0004,R#0003,R#0006,R#0005,R#0008,R#0007,R#0009,Total
2016-04-27 16:34:21.667, data, AgentTransaction,0,5500,400,74836,33200,24920,68794,100,3600,0,211350
2016-04-27 16:34:21.667, field, MessageLatency,R#0002,R#0001,R#0004,R#0003,R#0006,R#0005,R#0008,R#0007
2016-04-27 16:34:21.668, data, MessageLatency,670,940,13,8,5,12,1815,236
2016-04-27 16:34:22.637, field, MessageQueue,R#0000,R#0001,R#0002,R#0003,R#0004,R#0005,R#0006,R#0007,R#0008,R#0009
2016-04-27 16:34:22.637, data, MessageQueue,0,0,0,0,1,1,1,0,0,0
2016-04-27 16:34:22.656, field, AgentTransaction,R#0000,R#0002,R#0001,R#0004,R#0003,R#0006,R#0005,R#0008,R#0007,R#0009,Total
2016-04-27 16:34:22.656, data, AgentTransaction,0,7300,500,99136,44287,33020,91394,200,4800,0,280637
2016-04-27 16:34:22.656, field, MessageLatency,R#0002,R#0001,R#0004,R#0003,R#0006,R#0005,R#0008,R#0007
2016-04-27 16:34:22.656, data, MessageLatency,9,35,15,5,9,15,1062,274
2016-04-27 16:34:23.637, field, MessageQueue,R#0000,R#0001,R#0002,R#0003,R#0004,R#0005,R#0006,R#0007,R#0008,R#0009
2016-04-27 16:34:23.638, data, MessageQueue,0,0,0,0,2,2,0,0,0,0
2016-04-27 16:34:23.666, field, AgentTransaction,R#0000,R#0002,R#0001,R#0004,R#0003,R#0006,R#0005,R#0008,R#0007,R#0009,Total
2016-04-27 16:34:23.666, data, AgentTransaction,0,9500,600,128236,56987,42408,117394,300,6300,0,361725
2016-04-27 16:34:23.667, field, MessageLatency,R#0002,R#0001,R#0004,R#0003,R#0006,R#0005,R#0008,R#0007
2016-04-27 16:34:23.668, data, MessageLatency,7,317,17,14,14,9,358,89
2016-04-27 16:34:24.637, field, MessageQueue,R#0000,R#0001,R#0002,R#0003,R#0004,R#0005,R#0006,R#0007,R#0008,R#0009
2016-04-27 16:34:24.638, data, MessageQueue,0,0,0,0,0,0,0,0,0,0
2016-04-27 16:34:24.686, field, AgentTransaction,R#0000,R#0002,R#0001,R#0004,R#0003,R#0006,R#0005,R#0008,R#0007,R#0009,Total
2016-04-27 16:34:24.686, data, AgentTransaction,0,11900,800,162096,71187,53808,146994,300,7800,0,454885
2016-04-27 16:34:24.687, field, MessageLatency,R#0002,R#0001,R#0004,R#0003,R#0006,R#0005,R#0008,R#0007
2016-04-27 16:34:24.687, data, MessageLatency,18,33,4,21,1,34,358,22
2016-04-27 16:34:25.638, field, MessageQueue,R#0000,R#0001,R#0002,R#0003,R#0004,R#0005,R#0006,R#0007,R#0008,R#0009
2016-04-27 16:34:25.638, data, MessageQueue,0,0,0,0,0,1,0,0,0,0
2016-04-27 16:34:25.682, field, AgentTransaction,R#0000,R#0002,R#0001,R#0004,R#0003,R#0006,R#0005,R#0008,R#0007,R#0009,Total
2016-04-27 16:34:25.682, data, AgentTransaction,0,14700,1000,196079,86987,65208,179394,400,9500,0,553268
2016-04-27 16:34:25.683, field, MessageLatency,R#0002,R#0001,R#0004,R#0003,R#0006,R#0005,R#0008,R#0007
2016-04-27 16:34:25.683, data, MessageLatency,5,25,32,24,27,32,772,4
2016-04-27 16:34:26.638, field, MessageQueue,R#0000,R#0001,R#0002,R#0003,R#0004,R#0005,R#0006,R#0007,R#0008,R#0009
2016-04-27 16:34:26.638, data, MessageQueue,0,0,0,2,7,6,3,1,0,0
2016-04-27 16:34:26.668, field, AgentTransaction,R#0000,R#0002,R#0001,R#0004,R#0003,R#0006,R#0005,R#0008,R#0007,R#0009,Total
2016-04-27 16:34:26.668, data, AgentTransaction,0,17300,1200,234139,104387,77308,215294,500,11300,0,661428
2016-04-27 16:34:26.669, field, MessageLatency,R#0002,R#0001,R#0004,R#0003,R#0006,R#0005,R#0008,R#0007
2016-04-27 16:34:26.669, data, MessageLatency,11,443,29,24,499,31,657,651
2016-04-27 16:34:27.638, field, MessageQueue,R#0000,R#0001,R#0002,R#0003,R#0004,R#0005,R#0006,R#0007,R#0008,R#0009
2016-04-27 16:34:27.638, data, MessageQueue,0,0,0,0,2,2,0,0,0,0
2016-04-27 16:34:27.698, field, AgentTransaction,R#0000,R#0002,R#0001,R#0004,R#0003,R#0006,R#0005,R#0008,R#0007,R#0009,Total
2016-04-27 16:34:27.699, data, AgentTransaction,0,21100,1500,277163,124187,93508,255294,600,13700,0,787052
2016-04-27 16:34:27.700, field, MessageLatency,R#0002,R#0001,R#0004,R#0003,R#0006,R#0005,R#0008,R#0007
2016-04-27 16:34:27.700, data, MessageLatency,3,749,55,24,27,44,418,4
2016-04-27 16:34:28.638, field, MessageQueue,R#0000,R#0001,R#0002,R#0003,R#0004,R#0005,R#0006,R#0007,R#0008,R#0009
2016-04-27 16:34:28.639, data, MessageQueue,0,0,0,4,13,10,3,0,0,0
2016-04-27 16:34:28.703, field, AgentTransaction,R#0000,R#0002,R#0001,R#0004,R#0003,R#0006,R#0005,R#0008,R#0007,R#0009,Total
2016-04-27 16:34:28.704, data, AgentTransaction,0,24600,1800,322263,145909,109308,299494,800,16900,0,921074
2016-04-27 16:34:28.704, field, MessageLatency,R#0002,R#0001,R#0004,R#0003,R#0006,R#0005,R#0008,R#0007
2016-04-27 16:34:28.704, data, MessageLatency,24,269,64,51,45,58,468,3
2016-04-27 16:34:29.637, field, MessageQueue,R#0000,R#0001,R#0002,R#0003,R#0004,R#0005,R#0006,R#0007,R#0008,R#0009
2016-04-27 16:34:29.637, data, MessageQueue,0,0,0,1,1,1,0,0,0,0
2016-04-27 16:34:29.672, field, AgentTransaction,R#0000,R#0002,R#0001,R#0004,R#0003,R#0006,R#0005,R#0008,R#0007,R#0009,Total
2016-04-27 16:34:29.672, data, AgentTransaction,0,27500,2000,372263,166009,123108,342287,800,18300,0,1052267
2016-04-27 16:34:29.672, field, MessageLatency,R#0002,R#0001,R#0004,R#0003,R#0006,R#0005,R#0008,R#0007
2016-04-27 16:34:29.672, data, MessageLatency,4,867,29,17,814,31,468,6
2016-04-27 16:34:30.637, field, MessageQueue,R#0000,R#0001,R#0002,R#0003,R#0004,R#0005,R#0006,R#0007,R#0008,R#0009
2016-04-27 16:34:30.637, data, MessageQueue,0,0,0,2,6,5,1,0,0,0
2016-04-27 16:34:30.665, field, AgentTransaction,R#0000,R#0002,R#0001,R#0004,R#0003,R#0006,R#0005,R#0008,R#0007,R#0009,Total
2016-04-27 16:34:30.666, data, AgentTransaction,0,31300,2300,424563,188858,141708,391387,1000,21000,0,1202116
2016-04-27 16:34:30.667, field, MessageLatency,R#0002,R#0001,R#0004,R#0003,R#0006,R#0005,R#0008,R#0007
2016-04-27 16:34:30.668, data, MessageLatency,3,700,325,8,18,27,767,2
2016-04-27 16:34:31.637, field, MessageQueue,R#0000,R#0001,R#0002,R#0003,R#0004,R#0005,R#0006,R#0007,R#0008,R#0009
2016-04-27 16:34:31.637, data, MessageQueue,0,0,0,1,3,1,0,0,0,0
2016-04-27 16:34:31.670, field, AgentTransaction,R#0000,R#0002,R#0001,R#0004,R#0003,R#0006,R#0005,R#0008,R#0007,R#0009,Total
2016-04-27 16:34:31.670, data, AgentTransaction,0,35300,2600,481563,214258,159708,443288,1100,23700,0,1361517
2016-04-27 16:34:31.671, field, MessageLatency,R#0002,R#0001,R#0004,R#0003,R#0006,R#0005,R#0008,R#0007
2016-04-27 16:34:31.671, data, MessageLatency,17,693,25,29,18,22,73,13
2016-04-27 16:34:32.638, field, MessageQueue,R#0000,R#0001,R#0002,R#0003,R#0004,R#0005,R#0006,R#0007,R#0008,R#0009
2016-04-27 16:34:32.638, data, MessageQueue,0,0,0,2,9,3,0,1,0,0
2016-04-27 16:34:32.722, field, AgentTransaction,R#0000,R#0002,R#0001,R#0004,R#0003,R#0006,R#0005,R#0008,R#0007,R#0009,Total
2016-04-27 16:34:32.722, data, AgentTransaction,0,41400,3000,543263,241658,183236,499788,1300,27200,0,1540845
2016-04-27 16:34:32.722, field, MessageLatency,R#0002,R#0001,R#0004,R#0003,R#0006,R#0005,R#0008,R#0007
2016-04-27 16:34:32.722, data, MessageLatency,4,19,72,72,41,77,574,33
2016-04-27 16:34:33.637, field, MessageQueue,R#0000,R#0001,R#0002,R#0003,R#0004,R#0005,R#0006,R#0007,R#0008,R#0009
2016-04-27 16:34:33.638, data, MessageQueue,0,0,0,1,63,81,1,0,0,0
2016-04-27 16:34:33.670, field, AgentTransaction,R#0000,R#0002,R#0001,R#0004,R#0003,R#0006,R#0005,R#0008,R#0007,R#0009,Total
2016-04-27 16:34:33.670, data, AgentTransaction,0,44800,3200,601163,269558,201536,549688,1400,29600,0,1700945
2016-04-27 16:34:33.671, field, MessageLatency,R#0002,R#0001,R#0004,R#0003,R#0006,R#0005,R#0008,R#0007
2016-04-27 16:34:33.672, data, MessageLatency,6,21,888,21,10,902,55,6
2016-04-27 16:34:34.637, field, MessageQueue,R#0000,R#0001,R#0002,R#0003,R#0004,R#0005,R#0006,R#0007,R#0008,R#0009
2016-04-27 16:34:34.637, data, MessageQueue,0,0,0,1,138,119,0,0,0,0
2016-04-27 16:34:34.718, field, AgentTransaction,R#0000,R#0002,R#0001,R#0004,R#0003,R#0006,R#0005,R#0008,R#0007,R#0009,Total
2016-04-27 16:34:34.718, data, AgentTransaction,0,49400,3600,659124,298858,222736,607088,1500,32800,0,1875106
2016-04-27 16:34:34.718, field, MessageLatency,R#0002,R#0001,R#0004,R#0003,R#0006,R#0005,R#0008,R#0007
2016-04-27 16:34:34.718, data, MessageLatency,78,20,859,86,147,875,87,457
2016-04-27 16:34:35.639, field, MessageQueue,R#0000,R#0001,R#0002,R#0003,R#0004,R#0005,R#0006,R#0007,R#0008,R#0009
2016-04-27 16:34:35.639, data, MessageQueue,0,0,0,3,34,6,1,0,0,0
2016-04-27 16:34:35.673, field, AgentTransaction,R#0000,R#0002,R#0001,R#0004,R#0003,R#0006,R#0005,R#0008,R#0007,R#0009,Total
2016-04-27 16:34:35.673, data, AgentTransaction,100,55200,4000,741481,330558,246836,684387,1700,36300,0,2100562
2016-04-27 16:34:35.674, field, MessageLatency,R#0000,R#0002,R#0001,R#0004,R#0003,R#0006,R#0005,R#0008,R#0007
2016-04-27 16:34:35.674, data, MessageLatency,6666,3,700,791,21,26,28,57,3
2016-04-27 16:34:36.638, field, MessageQueue,R#0000,R#0001,R#0002,R#0003,R#0004,R#0005,R#0006,R#0007,R#0008,R#0009
2016-04-27 16:34:36.639, data, MessageQueue,0,0,0,2,4,4,0,0,0,0
2016-04-27 16:34:36.661, field, AgentTransaction,R#0000,R#0002,R#0001,R#0004,R#0003,R#0006,R#0005,R#0008,R#0007,R#0009,Total
2016-04-27 16:34:36.661, data, AgentTransaction,100,60300,4400,818181,363458,271672,753087,1900,39900,0,2312998
2016-04-27 16:34:36.662, field, MessageLatency,R#0000,R#0002,R#0001,R#0004,R#0003,R#0006,R#0005,R#0008,R#0007
2016-04-27 16:34:36.663, data, MessageLatency,6666,5,735,18,20,10,19,822,9
2016-04-27 16:34:37.639, field, MessageQueue,R#0000,R#0001,R#0002,R#0003,R#0004,R#0005,R#0006,R#0007,R#0008,R#0009
2016-04-27 16:34:37.639, data, MessageQueue,0,0,0,6,77,14,4,0,0,0
2016-04-27 16:34:37.784, field, AgentTransaction,R#0000,R#0002,R#0001,R#0004,R#0003,R#0006,R#0005,R#0008,R#0007,R#0009,Total
2016-04-27 16:34:37.784, data, AgentTransaction,100,66100,4900,889681,397958,296572,823687,2000,43700,0,2524698
2016-04-27 16:34:37.785, field, MessageLatency,R#0000,R#0002,R#0001,R#0004,R#0003,R#0006,R#0005,R#0008,R#0007
2016-04-27 16:34:37.785, data, MessageLatency,6666,10,23,833,489,53,768,686,159
2016-04-27 16:34:38.637, field, MessageQueue,R#0000,R#0001,R#0002,R#0003,R#0004,R#0005,R#0006,R#0007,R#0008,R#0009
2016-04-27 16:34:38.637, data, MessageQueue,0,0,0,2,157,6,1,0,0,0
2016-04-27 16:34:38.680, field, AgentTransaction,R#0000,R#0002,R#0001,R#0004,R#0003,R#0006,R#0005,R#0008,R#0007,R#0009,Total
2016-04-27 16:34:38.680, data, AgentTransaction,100,72900,5300,964459,436858,323972,898887,2300,48300,0,2753076
2016-04-27 16:34:38.681, field, MessageLatency,R#0000,R#0002,R#0001,R#0004,R#0003,R#0006,R#0005,R#0008,R#0007
2016-04-27 16:34:38.681, data, MessageLatency,6666,2,333,781,28,39,39,543,3
2016-04-27 16:34:39.637, field, MessageQueue,R#0000,R#0001,R#0002,R#0003,R#0004,R#0005,R#0006,R#0007,R#0008,R#0009
2016-04-27 16:34:39.637, data, MessageQueue,0,0,0,2,165,75,1,0,0,0
2016-04-27 16:34:39.669, field, AgentTransaction,R#0000,R#0002,R#0001,R#0004,R#0003,R#0006,R#0005,R#0008,R#0007,R#0009,Total
2016-04-27 16:34:39.670, data, AgentTransaction,100,78800,5700,1047186,472158,353272,970287,2400,51800,0,2981703
2016-04-27 16:34:39.670, field, MessageLatency,R#0000,R#0002,R#0001,R#0004,R#0003,R#0006,R#0005,R#0008,R#0007
2016-04-27 16:34:39.670, data, MessageLatency,6666,2,23,853,16,20,830,50,3
2016-04-27 16:34:40.637, field, MessageQueue,R#0000,R#0001,R#0002,R#0003,R#0004,R#0005,R#0006,R#0007,R#0008,R#0009
2016-04-27 16:34:40.637, data, MessageQueue,0,0,0,3,211,121,2,0,0,0
2016-04-27 16:34:40.687, field, AgentTransaction,R#0000,R#0002,R#0001,R#0004,R#0003,R#0006,R#0005,R#0008,R#0007,R#0009,Total
2016-04-27 16:34:40.688, data, AgentTransaction,100,85600,6200,1134093,511758,382572,1047787,2700,56500,0,3227310
2016-04-27 16:34:40.688, field, MessageLatency,R#0000,R#0002,R#0001,R#0004,R#0003,R#0006,R#0005,R#0008,R#0007
2016-04-27 16:34:40.689, data, MessageLatency,6666,2,602,863,42,38,849,628,4
2016-04-27 16:34:41.637, field, MessageQueue,R#0000,R#0001,R#0002,R#0003,R#0004,R#0005,R#0006,R#0007,R#0008,R#0009
2016-04-27 16:34:41.637, data, MessageQueue,0,0,0,1,148,118,2,0,0,0
2016-04-27 16:34:41.659, field, AgentTransaction,R#0000,R#0002,R#0001,R#0004,R#0003,R#0006,R#0005,R#0008,R#0007,R#0009,Total
2016-04-27 16:34:41.660, data, AgentTransaction,100,91600,6600,1229023,552658,412672,1132187,2800,60500,0,3488140
2016-04-27 16:34:41.660, field, MessageLatency,R#0000,R#0002,R#0001,R#0004,R#0003,R#0006,R#0005,R#0008,R#0007
2016-04-27 16:34:41.660, data, MessageLatency,6666,3,541,799,14,8,801,61,3
2016-04-27 16:34:42.656, field, MessageQueue,R#0000,R#0001,R#0002,R#0003,R#0004,R#0005,R#0006,R#0007,R#0008,R#0009
2016-04-27 16:34:42.656, data, MessageQueue,0,0,1,20,340,131,25,0,0,0
2016-04-27 16:34:42.707, field, AgentTransaction,R#0000,R#0002,R#0001,R#0004,R#0003,R#0006,R#0005,R#0008,R#0007,R#0009,Total
2016-04-27 16:34:42.707, data, AgentTransaction,100,100200,7200,1315323,596158,446845,1225870,3100,65700,0,3760496
2016-04-27 16:34:42.708, field, MessageLatency,R#0000,R#0002,R#0001,R#0004,R#0003,R#0006,R#0005,R#0008,R#0007
2016-04-27 16:34:42.708, data, MessageLatency,6666,7,22,899,53,35,842,799,3
2016-04-27 16:34:43.637, field, MessageQueue,R#0000,R#0001,R#0002,R#0003,R#0004,R#0005,R#0006,R#0007,R#0008,R#0009
2016-04-27 16:34:43.637, data, MessageQueue,0,0,0,0,188,210,0,1,0,0
2016-04-27 16:34:43.707, field, AgentTransaction,R#0000,R#0002,R#0001,R#0004,R#0003,R#0006,R#0005,R#0008,R#0007,R#0009,Total
2016-04-27 16:34:43.707, data, AgentTransaction,200,106600,7800,1423723,643658,481345,1304470,3300,70900,0,4041996
2016-04-27 16:34:43.708, field, MessageLatency,R#0000,R#0002,R#0001,R#0004,R#0003,R#0006,R#0005,R#0008,R#0007
2016-04-27 16:34:43.708, data, MessageLatency,3646,5,120,866,27,12,880,48,5
2016-04-27 16:34:44.637, field, MessageQueue,R#0000,R#0001,R#0002,R#0003,R#0004,R#0005,R#0006,R#0007,R#0008,R#0009
2016-04-27 16:34:44.637, data, MessageQueue,0,0,0,0,452,464,0,0,0,0
2016-04-27 16:34:44.656, field, AgentTransaction,R#0000,R#0002,R#0001,R#0004,R#0003,R#0006,R#0005,R#0008,R#0007,R#0009,Total
2016-04-27 16:34:44.656, data, AgentTransaction,200,113100,8200,1494163,684358,509845,1370270,3500,75000,0,4258636
2016-04-27 16:34:44.656, field, MessageLatency,R#0000,R#0002,R#0001,R#0004,R#0003,R#0006,R#0005,R#0008,R#0007
2016-04-27 16:34:44.656, data, MessageLatency,3646,408,21,831,10,120,858,54,4
2016-04-27 16:34:45.637, field, MessageQueue,R#0000,R#0001,R#0002,R#0003,R#0004,R#0005,R#0006,R#0007,R#0008,R#0009
2016-04-27 16:34:45.637, data, MessageQueue,0,0,1,4,767,461,2,0,0,0
2016-04-27 16:34:45.650, field, AgentTransaction,R#0000,R#0002,R#0001,R#0004,R#0003,R#0006,R#0005,R#0008,R#0007,R#0009,Total
2016-04-27 16:34:45.650, data, AgentTransaction,200,120800,8800,1569638,731358,544945,1469370,3800,80300,0,4529211
2016-04-27 16:34:45.651, field, MessageLatency,R#0000,R#0002,R#0001,R#0004,R#0003,R#0006,R#0005,R#0008,R#0007
2016-04-27 16:34:45.651, data, MessageLatency,3646,8,109,931,7,9,866,255,3
2016-04-27 16:34:46.638, field, MessageQueue,R#0000,R#0001,R#0002,R#0003,R#0004,R#0005,R#0006,R#0007,R#0008,R#0009,R#0010
2016-04-27 16:34:46.638, data, MessageQueue,0,0,0,3,751,612,2,0,0,0,5
2016-04-27 16:34:46.707, field, AgentTransaction,R#0000,R#0010,R#0002,R#0001,R#0004,R#0003,R#0006,R#0005,R#0008,R#0007,R#0009,Total
2016-04-27 16:34:46.707, data, AgentTransaction,200,36400,131200,9500,1648038,782858,585445,1555560,4100,86300,0,4839601
2016-04-27 16:34:46.708, field, MessageLatency,R#0000,R#0010,R#0002,R#0001,R#0004,R#0003,R#0006,R#0005,R#0008,R#0007
2016-04-27 16:34:46.708, data, MessageLatency,3646,63,3,89,1065,43,43,774,332,3
2016-04-27 16:34:47.638, field, MessageQueue,R#0000,R#0001,R#0002,R#0003,R#0004,R#0005,R#0006,R#0007,R#0008,R#0009,R#0010
2016-04-27 16:34:47.638, data, MessageQueue,0,0,1,4,575,917,2,0,0,0,6
2016-04-27 16:34:47.722, field, AgentTransaction,R#0000,R#0010,R#0002,R#0001,R#0004,R#0003,R#0006,R#0005,R#0008,R#0007,R#0009,Total
2016-04-27 16:34:47.722, data, AgentTransaction,200,94463,138300,10100,1726338,834258,622945,1631463,4300,91600,0,5153967
2016-04-27 16:34:47.723, field, MessageLatency,R#0000,R#0010,R#0002,R#0001,R#0004,R#0003,R#0006,R#0005,R#0008,R#0007
2016-04-27 16:34:47.723, data, MessageLatency,3646,63,8,64,1054,19,46,1038,272,16
2016-04-27 16:34:48.637, field, MessageQueue,R#0000,R#0001,R#0002,R#0003,R#0004,R#0005,R#0006,R#0007,R#0008,R#0009,R#0010,R#0011
2016-04-27 16:34:48.637, data, MessageQueue,0,0,0,0,290,867,0,0,0,0,1,0
2016-04-27 16:34:48.665, field, AgentTransaction,R#0000,R#0011,R#0010,R#0002,R#0001,R#0004,R#0003,R#0006,R#0005,R#0008,R#0007,R#0009,Total
2016-04-27 16:34:48.665, data, AgentTransaction,200,43500,151063,145800,10600,1806638,882558,658645,1698563,4600,96800,0,5498967
2016-04-27 16:34:48.666, field, MessageLatency,R#0000,R#0011,R#0010,R#0002,R#0001,R#0004,R#0003,R#0006,R#0005,R#0008,R#0007
2016-04-27 16:34:48.666, data, MessageLatency,3646,5,23,3,59,496,21,2,1386,143,28
2016-04-27 16:34:49.637, field, MessageQueue,R#0000,R#0001,R#0002,R#0003,R#0004,R#0005,R#0006,R#0007,R#0008,R#0009,R#0010,R#0011
2016-04-27 16:34:49.637, data, MessageQueue,0,0,0,0,43,672,1,0,0,0,0,0
2016-04-27 16:34:49.663, field, AgentTransaction,R#0000,R#0011,R#0010,R#0002,R#0001,R#0004,R#0003,R#0006,R#0005,R#0008,R#0007,R#0009,Total
2016-04-27 16:34:49.663, data, AgentTransaction,200,96200,211426,154800,11300,1890838,936158,698145,1775563,4800,102700,0,5882130
2016-04-27 16:34:49.664, field, MessageLatency,R#0000,R#0011,R#0010,R#0002,R#0001,R#0004,R#0003,R#0006,R#0005,R#0008,R#0007
2016-04-27 16:34:49.664, data, MessageLatency,3646,18,7,8,65,494,21,6,1242,104,7
2016-04-27 16:34:50.638, field, MessageQueue,R#0000,R#0001,R#0002,R#0003,R#0004,R#0005,R#0006,R#0007,R#0008,R#0009,R#0010,R#0011
2016-04-27 16:34:50.638, data, MessageQueue,0,0,0,2,2,321,0,0,0,0,1,2
2016-04-27 16:34:50.655, field, AgentTransaction,R#0000,R#0011,R#0010,R#0002,R#0001,R#0004,R#0003,R#0006,R#0005,R#0008,R#0007,R#0009,Total
2016-04-27 16:34:50.655, data, AgentTransaction,300,154600,274326,163900,11900,1955238,992058,738859,1866457,5100,108700,0,6271438
2016-04-27 16:34:50.656, field, MessageLatency,R#0000,R#0011,R#0010,R#0002,R#0001,R#0004,R#0003,R#0006,R#0005,R#0008,R#0007
2016-04-27 16:34:50.656, data, MessageLatency,3177,13,12,8,37,495,7,10,858,60,5
2016-04-27 16:34:51.637, field, MessageQueue,R#0000,R#0001,R#0002,R#0003,R#0004,R#0005,R#0006,R#0007,R#0008,R#0009,R#0010,R#0011
2016-04-27 16:34:51.637, data, MessageQueue,0,0,1,1,3,118,0,0,0,0,0,2
2016-04-27 16:34:51.760, field, AgentTransaction,R#0000,R#0011,R#0010,R#0002,R#0001,R#0004,R#0003,R#0006,R#0005,R#0008,R#0007,R#0009,Total
2016-04-27 16:34:51.760, data, AgentTransaction,300,216300,345581,173100,12800,2017638,1054058,781459,1949157,5400,116100,0,6671893
2016-04-27 16:34:51.760, field, MessageLatency,R#0000,R#0011,R#0010,R#0002,R#0001,R#0004,R#0003,R#0006,R#0005,R#0008,R#0007
2016-04-27 16:34:51.760, data, MessageLatency,3177,61,83,11,21,87,69,57,838,529,5
2016-04-27 16:34:52.639, field, MessageQueue,R#0000,R#0001,R#0002,R#0003,R#0004,R#0005,R#0006,R#0007,R#0008,R#0009,R#0010,R#0011
2016-04-27 16:34:52.639, data, MessageQueue,0,0,1,5,4,6,2,0,0,0,7,5
2016-04-27 16:34:52.763, field, AgentTransaction,R#0000,R#0011,R#0010,R#0002,R#0001,R#0004,R#0003,R#0006,R#0005,R#0008,R#0007,R#0009,Total
2016-04-27 16:34:52.763, data, AgentTransaction,300,282200,409281,186300,13500,2091138,1110158,830929,2014657,5800,123000,0,7067263
2016-04-27 16:34:52.764, field, MessageLatency,R#0000,R#0011,R#0010,R#0002,R#0001,R#0004,R#0003,R#0006,R#0005,R#0008,R#0007
2016-04-27 16:34:52.764, data, MessageLatency,3177,98,88,2,23,94,89,78,95,546,3
2016-04-27 16:34:53.638, field, MessageQueue,R#0000,R#0001,R#0002,R#0003,R#0004,R#0005,R#0006,R#0007,R#0008,R#0009,R#0010,R#0011
2016-04-27 16:34:53.638, data, MessageQueue,0,0,0,3,6,3,3,1,0,0,2,4
2016-04-27 16:34:53.791, field, AgentTransaction,R#0000,R#0011,R#0010,R#0002,R#0001,R#0004,R#0003,R#0006,R#0005,R#0008,R#0007,R#0009,Total
2016-04-27 16:34:53.791, data, AgentTransaction,300,339486,479981,192800,14400,2152738,1175458,869129,2082457,6000,128000,0,7440749
2016-04-27 16:34:53.792, field, MessageLatency,R#0000,R#0011,R#0010,R#0002,R#0001,R#0004,R#0003,R#0006,R#0005,R#0008,R#0007
2016-04-27 16:34:53.792, data, MessageLatency,3177,109,115,3,27,104,106,113,122,42,82
2016-04-27 16:34:54.637, field, MessageQueue,R#0000,R#0001,R#0002,R#0003,R#0004,R#0005,R#0006,R#0007,R#0008,R#0009,R#0010,R#0011
2016-04-27 16:34:54.638, data, MessageQueue,0,0,0,3,0,5,2,1,0,0,7,1
2016-04-27 16:34:54.767, field, AgentTransaction,R#0000,R#0011,R#0010,R#0002,R#0001,R#0004,R#0003,R#0006,R#0005,R#0008,R#0007,R#0009,Total
2016-04-27 16:34:54.767, data, AgentTransaction,300,409886,539281,206700,14800,2228338,1227458,921857,2137657,6500,134400,0,7827177
2016-04-27 16:34:54.767, field, MessageLatency,R#0000,R#0011,R#0010,R#0002,R#0001,R#0004,R#0003,R#0006,R#0005,R#0008,R#0007
2016-04-27 16:34:54.767, data, MessageLatency,3177,96,101,2,22,99,92,79,100,45,6
2016-04-27 16:34:55.639, field, MessageQueue,R#0000,R#0001,R#0002,R#0003,R#0004,R#0005,R#0006,R#0007,R#0008,R#0009,R#0010,R#0011
2016-04-27 16:34:55.639, data, MessageQueue,0,0,0,2,4,1,2,0,0,0,1,3
2016-04-27 16:34:55.665, field, AgentTransaction,R#0000,R#0011,R#0010,R#0002,R#0001,R#0004,R#0003,R#0006,R#0005,R#0008,R#0007,R#0009,Total
2016-04-27 16:34:55.665, data, AgentTransaction,400,469186,606473,213400,15500,2296338,1290658,961357,2202757,6700,141600,0,8204369
2016-04-27 16:34:55.666, field, MessageLatency,R#0000,R#0011,R#0010,R#0002,R#0001,R#0004,R#0003,R#0006,R#0005,R#0008,R#0007
2016-04-27 16:34:55.667, data, MessageLatency,2592,19,19,4,25,22,20,19,18,52,8
2016-04-27 16:34:56.637, field, MessageQueue,R#0000,R#0001,R#0002,R#0003,R#0004,R#0005,R#0006,R#0007,R#0008,R#0009,R#0010,R#0011
2016-04-27 16:34:56.637, data, MessageQueue,0,0,0,1,2,2,0,0,0,0,0,0
2016-04-27 16:34:56.736, field, AgentTransaction,R#0000,R#0011,R#0010,R#0002,R#0001,R#0004,R#0003,R#0006,R#0005,R#0008,R#0007,R#0009,Total
2016-04-27 16:34:56.736, data, AgentTransaction,400,545080,679973,226700,16300,2373238,1354858,1016157,2266257,7100,149000,0,8635063
2016-04-27 16:34:56.736, field, MessageLatency,R#0000,R#0011,R#0010,R#0002,R#0001,R#0004,R#0003,R#0006,R#0005,R#0008,R#0007
2016-04-27 16:34:56.736, data, MessageLatency,2592,57,58,2,21,63,59,42,56,439,3
2016-04-27 16:34:57.637, field, MessageQueue,R#0000,R#0001,R#0002,R#0003,R#0004,R#0005,R#0006,R#0007,R#0008,R#0009,R#0010,R#0011
2016-04-27 16:34:57.637, data, MessageQueue,0,0,0,1,1,2,1,1,0,0,3,1
2016-04-27 16:34:57.676, field, AgentTransaction,R#0000,R#0011,R#0010,R#0002,R#0001,R#0004,R#0003,R#0006,R#0005,R#0008,R#0007,R#0009,Total
2016-04-27 16:34:57.676, data, AgentTransaction,400,605180,754073,234800,17200,2442638,1421758,1058757,2336985,7400,155800,0,9034991
2016-04-27 16:34:57.676, field, MessageLatency,R#0000,R#0011,R#0010,R#0002,R#0001,R#0004,R#0003,R#0006,R#0005,R#0008,R#0007
2016-04-27 16:34:57.677, data, MessageLatency,2592,18,32,4,417,22,30,25,29,47,20
2016-04-27 16:34:58.638, field, MessageQueue,R#0000,R#0001,R#0002,R#0003,R#0004,R#0005,R#0006,R#0007,R#0008,R#0009,R#0010,R#0011
2016-04-27 16:34:58.638, data, MessageQueue,0,0,1,2,0,0,1,0,0,0,3,3
2016-04-27 16:34:58.690, field, AgentTransaction,R#0000,R#0011,R#0010,R#0002,R#0001,R#0004,R#0003,R#0006,R#0005,R#0008,R#0007,R#0009,Total
2016-04-27 16:34:58.690, data, AgentTransaction,400,677980,826773,246700,18000,2522938,1489058,1110657,2405353,7700,163200,0,9468759
2016-04-27 16:34:58.691, field, MessageLatency,R#0000,R#0011,R#0010,R#0002,R#0001,R#0004,R#0003,R#0006,R#0005,R#0008,R#0007
2016-04-27 16:34:58.691, data, MessageLatency,2592,38,44,5,502,34,24,28,38,55,3
2016-04-27 16:34:59.637, field, MessageQueue,R#0000,R#0001,R#0002,R#0003,R#0004,R#0005,R#0006,R#0007,R#0008,R#0009,R#0010,R#0011
2016-04-27 16:34:59.637, data, MessageQueue,0,0,0,1,2,2,1,0,0,0,1,1
2016-04-27 16:34:59.665, field, AgentTransaction,R#0000,R#0011,R#0010,R#0002,R#0001,R#0004,R#0003,R#0006,R#0005,R#0008,R#0007,R#0009,Total
2016-04-27 16:34:59.666, data, AgentTransaction,400,746480,906673,257600,18800,2597738,1557958,1160657,2478753,8100,170900,0,9904059
2016-04-27 16:34:59.667, field, MessageLatency,R#0000,R#0011,R#0010,R#0002,R#0001,R#0004,R#0003,R#0006,R#0005,R#0008,R#0007
2016-04-27 16:34:59.667, data, MessageLatency,2592,20,19,2,22,19,21,21,24,55,5
2016-04-27 16:35:00.637, field, MessageQueue,R#0000,R#0001,R#0002,R#0003,R#0004,R#0005,R#0006,R#0007,R#0008,R#0009,R#0010,R#0011
2016-04-27 16:35:00.638, data, MessageQueue,0,0,0,1,1,1,1,0,0,0,2,2
2016-04-27 16:35:00.665, field, AgentTransaction,R#0000,R#0011,R#0010,R#0002,R#0001,R#0004,R#0003,R#0006,R#0005,R#0008,R#0007,R#0009,Total
2016-04-27 16:35:00.665, data, AgentTransaction,500,818780,984973,269200,19600,2678138,1628424,1213357,2553153,8400,178600,100,10353225
2016-04-27 16:35:00.667, field, MessageLatency,R#0000,R#0011,R#0010,R#0002,R#0001,R#0004,R#0003,R#0006,R#0005,R#0008,R#0007,R#0009
2016-04-27 16:35:00.667, data, MessageLatency,2483,16,21,5,437,24,23,20,18,658,4,14974
2016-04-27 16:35:01.637, field, MessageQueue,R#0000,R#0001,R#0002,R#0003,R#0004,R#0005,R#0006,R#0007,R#0008,R#0009,R#0010,R#0011
2016-04-27 16:35:01.638, data, MessageQueue,0,0,1,1,0,2,1,0,0,0,3,0
2016-04-27 16:35:01.732, field, AgentTransaction,R#0000,R#0011,R#0010,R#0002,R#0001,R#0004,R#0003,R#0006,R#0005,R#0008,R#0007,R#0009,Total
2016-04-27 16:35:01.732, data, AgentTransaction,500,897932,1068073,283400,20700,2763638,1702724,1272657,2632253,8900,188000,100,10838877
2016-04-27 16:35:01.733, field, MessageLatency,R#0000,R#0011,R#0010,R#0002,R#0001,R#0004,R#0003,R#0006,R#0005,R#0008,R#0007,R#0009
2016-04-27 16:35:01.733, data, MessageLatency,2483,47,85,2,31,53,74,39,58,441,3,14974
2016-04-27 16:35:02.637, field, MessageQueue,R#0000,R#0001,R#0002,R#0003,R#0004,R#0005,R#0006,R#0007,R#0008,R#0009,R#0010,R#0011
2016-04-27 16:35:02.637, data, MessageQueue,0,0,0,1,1,2,1,0,0,0,16,0
2016-04-27 16:35:02.683, field, AgentTransaction,R#0000,R#0011,R#0010,R#0002,R#0001,R#0004,R#0003,R#0006,R#0005,R#0008,R#0007,R#0009,Total
2016-04-27 16:35:02.683, data, AgentTransaction,500,967132,1149473,293400,21400,2842338,1775224,1322057,2706968,9200,194600,100,11282392
2016-04-27 16:35:02.683, field, MessageLatency,R#0000,R#0011,R#0010,R#0002,R#0001,R#0004,R#0003,R#0006,R#0005,R#0008,R#0007,R#0009
2016-04-27 16:35:02.683, data, MessageLatency,2483,33,26,16,194,32,20,40,29,50,10,14974
2016-04-27 16:35:03.638, field, MessageQueue,R#0000,R#0001,R#0002,R#0003,R#0004,R#0005,R#0006,R#0007,R#0008,R#0009,R#0010,R#0011
2016-04-27 16:35:03.638, data, MessageQueue,0,0,0,1,60,1,1,0,0,0,2,2
2016-04-27 16:35:03.687, field, AgentTransaction,R#0000,R#0011,R#0010,R#0002,R#0001,R#0004,R#0003,R#0006,R#0005,R#0008,R#0007,R#0009,Total
2016-04-27 16:35:03.687, data, AgentTransaction,500,1050932,1232973,306500,22300,2926938,1851124,1378890,2781468,9600,202900,100,11764225
2016-04-27 16:35:03.688, field, MessageLatency,R#0000,R#0011,R#0010,R#0002,R#0001,R#0004,R#0003,R#0006,R#0005,R#0008,R#0007,R#0009
2016-04-27 16:35:03.688, data, MessageLatency,2483,33,17,1,20,630,17,40,22,69,5,14974
2016-04-27 16:35:04.638, field, MessageQueue,R#0000,R#0001,R#0002,R#0003,R#0004,R#0005,R#0006,R#0007,R#0008,R#0009,R#0010,R#0011
2016-04-27 16:35:04.638, data, MessageQueue,0,0,0,2,60,1,1,0,0,0,13,2
2016-04-27 16:35:04.670, field, AgentTransaction,R#0000,R#0011,R#0010,R#0002,R#0001,R#0004,R#0003,R#0006,R#0005,R#0008,R#0007,R#0009,Total
2016-04-27 16:35:04.671, data, AgentTransaction,600,1131532,1315473,318700,23300,3013538,1927424,1436290,2859368,10000,211400,100,12247725
2016-04-27 16:35:04.672, field, MessageLatency,R#0000,R#0011,R#0010,R#0002,R#0001,R#0004,R#0003,R#0006,R#0005,R#0008,R#0007,R#0009
2016-04-27 16:35:04.672, data, MessageLatency,2080,19,619,5,462,634,25,22,22,60,7,14974
2016-04-27 16:35:05.638, field, MessageQueue,R#0000,R#0001,R#0002,R#0003,R#0004,R#0005,R#0006,R#0007,R#0008,R#0009,R#0010,R#0011
2016-04-27 16:35:05.638, data, MessageQueue,0,0,0,2,48,2,2,0,0,0,44,1
2016-04-27 16:35:05.664, field, AgentTransaction,R#0000,R#0011,R#0010,R#0002,R#0001,R#0004,R#0003,R#0006,R#0005,R#0008,R#0007,R#0009,Total
2016-04-27 16:35:05.664, data, AgentTransaction,600,1214432,1404973,331400,24200,3099421,2006224,1494690,2939168,10400,219900,100,12745508
2016-04-27 16:35:05.665, field, MessageLatency,R#0000,R#0011,R#0010,R#0002,R#0001,R#0004,R#0003,R#0006,R#0005,R#0008,R#0007,R#0009
2016-04-27 16:35:05.665, data, MessageLatency,2080,12,596,409,19,606,14,15,2,56,4,14974
2016-04-27 16:35:06.638, field, MessageQueue,R#0000,R#0001,R#0002,R#0003,R#0004,R#0005,R#0006,R#0007,R#0008,R#0009,R#0010,R#0011
2016-04-27 16:35:06.638, data, MessageQueue,0,0,0,2,63,2,2,0,0,0,130,2
2016-04-27 16:35:06.669, field, AgentTransaction,R#0000,R#0011,R#0010,R#0002,R#0001,R#0004,R#0003,R#0006,R#0005,R#0008,R#0007,R#0009,Total
2016-04-27 16:35:06.669, data, AgentTransaction,600,1294732,1485173,344800,25200,3188636,2086583,1554190,3024068,10800,228700,100,13243582
2016-04-27 16:35:06.671, field, MessageLatency,R#0000,R#0011,R#0010,R#0002,R#0001,R#0004,R#0003,R#0006,R#0005,R#0008,R#0007,R#0009
2016-04-27 16:35:06.671, data, MessageLatency,2080,17,659,4,556,624,24,12,28,51,12,14974
2016-04-27 16:35:07.637, field, MessageQueue,R#0000,R#0001,R#0002,R#0003,R#0004,R#0005,R#0006,R#0007,R#0008,R#0009,R#0010,R#0011
2016-04-27 16:35:07.637, data, MessageQueue,0,0,1,3,106,5,2,0,0,0,214,5
2016-04-27 16:35:07.654, field, AgentTransaction,R#0000,R#0011,R#0010,R#0002,R#0001,R#0004,R#0003,R#0006,R#0005,R#0008,R#0007,R#0009,Total
2016-04-27 16:35:07.654, data, AgentTransaction,600,1381432,1570173,358400,26100,3275836,2168183,1615743,3106968,11300,237600,100,13752435
2016-04-27 16:35:07.655, field, MessageLatency,R#0000,R#0011,R#0010,R#0002,R#0001,R#0004,R#0003,R#0006,R#0005,R#0008,R#0007,R#0009
2016-04-27 16:35:07.655, data, MessageLatency,2080,14,674,7,19,638,13,12,15,604,383,14974
2016-04-27 16:35:08.637, field, MessageQueue,R#0000,R#0001,R#0002,R#0003,R#0004,R#0005,R#0006,R#0007,R#0008,R#0009,R#0010,R#0011
2016-04-27 16:35:08.637, data, MessageQueue,0,0,0,2,145,3,2,0,0,0,287,1
2016-04-27 16:35:08.705, field, AgentTransaction,R#0000,R#0011,R#0010,R#0002,R#0001,R#0004,R#0003,R#0006,R#0005,R#0008,R#0007,R#0009,Total
2016-04-27 16:35:08.705, data, AgentTransaction,700,1466232,1656373,372000,27200,3365236,2251283,1677143,3195161,11700,246800,100,14269928
2016-04-27 16:35:08.706, field, MessageLatency,R#0000,R#0011,R#0010,R#0002,R#0001,R#0004,R#0003,R#0006,R#0005,R#0008,R#0007,R#0009
2016-04-27 16:35:08.706, data, MessageLatency,1958,37,728,9,20,664,44,279,39,47,4,14974
2016-04-27 16:35:09.637, field, MessageQueue,R#0000,R#0001,R#0002,R#0003,R#0004,R#0005,R#0006,R#0007,R#0008,R#0009,R#0010,R#0011
2016-04-27 16:35:09.637, data, MessageQueue,0,0,1,2,296,47,1,0,0,0,272,4
2016-04-27 16:35:09.663, field, AgentTransaction,R#0000,R#0011,R#0010,R#0002,R#0001,R#0004,R#0003,R#0006,R#0005,R#0008,R#0007,R#0009,Total
2016-04-27 16:35:09.663, data, AgentTransaction,700,1551832,1750973,386200,28200,3448936,2336583,1741443,3280461,12100,256200,100,14793728
2016-04-27 16:35:09.663, field, MessageLatency,R#0000,R#0011,R#0010,R#0002,R#0001,R#0004,R#0003,R#0006,R#0005,R#0008,R#0007,R#0009
2016-04-27 16:35:09.663, data, MessageLatency,1958,15,724,1,20,715,21,9,625,44,13,14974
2016-04-27 16:35:10.637, field, MessageQueue,R#0000,R#0001,R#0002,R#0003,R#0004,R#0005,R#0006,R#0007,R#0008,R#0009,R#0010,R#0011
2016-04-27 16:35:10.637, data, MessageQueue,0,0,0,2,335,118,1,0,0,0,424,71
2016-04-27 16:35:10.742, field, AgentTransaction,R#0000,R#0011,R#0010,R#0002,R#0001,R#0004,R#0003,R#0006,R#0005,R#0008,R#0007,R#0009,Total
2016-04-27 16:35:10.742, data, AgentTransaction,700,1639332,1838173,403500,29200,3543881,2422683,1813343,3363561,12700,265600,100,15332773
2016-04-27 16:35:10.743, field, MessageLatency,R#0000,R#0011,R#0010,R#0002,R#0001,R#0004,R#0003,R#0006,R#0005,R#0008,R#0007,R#0009
2016-04-27 16:35:10.743, data, MessageLatency,1958,647,793,6,19,768,63,47,665,206,2,14974
2016-04-27 16:35:11.637, field, MessageQueue,R#0000,R#0001,R#0002,R#0003,R#0004,R#0005,R#0006,R#0007,R#0008,R#0009,R#0010,R#0011
2016-04-27 16:35:11.637, data, MessageQueue,0,0,1,3,407,136,2,0,0,0,496,65
2016-04-27 16:35:11.673, field, AgentTransaction,R#0000,R#0011,R#0010,R#0002,R#0001,R#0004,R#0003,R#0006,R#0005,R#0008,R#0007,R#0009,Total
2016-04-27 16:35:11.673, data, AgentTransaction,800,1724532,1933610,414800,30300,3628981,2510592,1873343,3455561,13100,275500,100,15861219
2016-04-27 16:35:11.674, field, MessageLatency,R#0000,R#0011,R#0010,R#0002,R#0001,R#0004,R#0003,R#0006,R#0005,R#0008,R#0007,R#0009
2016-04-27 16:35:11.674, data, MessageLatency,2036,591,784,29,141,743,19,16,637,555,3,14974
2016-04-27 16:35:12.637, field, MessageQueue,R#0000,R#0001,R#0002,R#0003,R#0004,R#0005,R#0006,R#0007,R#0008,R#0009,R#0010,R#0011
2016-04-27 16:35:12.637, data, MessageQueue,0,0,0,323,548,246,2,0,0,0,634,141
2016-04-27 16:35:12.657, field, AgentTransaction,R#0000,R#0011,R#0010,R#0002,R#0001,R#0004,R#0003,R#0006,R#0005,R#0008,R#0007,R#0009,Total
2016-04-27 16:35:12.657, data, AgentTransaction,800,1808132,2019110,429700,31400,3713981,2568892,1938143,3538661,13500,285200,100,16347619
2016-04-27 16:35:12.658, field, MessageLatency,R#0000,R#0011,R#0010,R#0002,R#0001,R#0004,R#0003,R#0006,R#0005,R#0008,R#0007,R#0009
2016-04-27 16:35:12.658, data, MessageLatency,2036,591,858,6,41,800,731,10,686,94,4,14974
2016-04-27 16:35:13.638, field, MessageQueue,R#0000,R#0001,R#0002,R#0003,R#0004,R#0005,R#0006,R#0007,R#0008,R#0009,R#0010,R#0011
2016-04-27 16:35:13.638, data, MessageQueue,0,0,0,311,670,259,2,0,0,0,698,225
2016-04-27 16:35:13.659, field, AgentTransaction,R#0000,R#0011,R#0010,R#0002,R#0001,R#0004,R#0003,R#0006,R#0005,R#0008,R#0007,R#0009,Total
2016-04-27 16:35:13.659, data, AgentTransaction,800,1897032,2110410,445000,32500,3808881,2661192,2005843,3628380,14000,295200,100,16899338
2016-04-27 16:35:13.659, field, MessageLatency,R#0000,R#0011,R#0010,R#0002,R#0001,R#0004,R#0003,R#0006,R#0005,R#0008,R#0007,R#0009
2016-04-27 16:35:13.659, data, MessageLatency,2036,559,871,3,42,831,698,13,624,136,3,14974
2016-04-27 16:35:14.637, field, MessageQueue,R#0000,R#0001,R#0002,R#0003,R#0004,R#0005,R#0006,R#0007,R#0008,R#0009,R#0010,R#0011
2016-04-27 16:35:14.637, data, MessageQueue,0,0,0,350,829,358,1,0,0,0,909,321
2016-04-27 16:35:14.718, field, AgentTransaction,R#0000,R#0011,R#0010,R#0002,R#0001,R#0004,R#0003,R#0006,R#0005,R#0008,R#0007,R#0009,Total
2016-04-27 16:35:14.718, data, AgentTransaction,800,1988732,2196710,462300,33600,3897781,2750792,2077736,3713811,14500,305300,100,17442162
2016-04-27 16:35:14.718, field, MessageLatency,R#0000,R#0011,R#0010,R#0002,R#0001,R#0004,R#0003,R#0006,R#0005,R#0008,R#0007,R#0009
2016-04-27 16:35:14.718, data, MessageLatency,2036,577,978,2,82,976,599,60,668,148,15,14974
2016-04-27 16:35:15.637, field, MessageQueue,R#0000,R#0001,R#0002,R#0003,R#0004,R#0005,R#0006,R#0007,R#0008,R#0009,R#0010,R#0011
2016-04-27 16:35:15.637, data, MessageQueue,0,0,0,243,1001,551,0,0,0,0,962,269
2016-04-27 16:35:15.676, field, AgentTransaction,R#0000,R#0011,R#0010,R#0002,R#0001,R#0004,R#0003,R#0006,R#0005,R#0008,R#0007,R#0009,Total
2016-04-27 16:35:15.676, data, AgentTransaction,900,2071332,2280710,473500,34600,3968481,2840292,2135036,3779011,14900,313900,100,17912762
2016-04-27 16:35:15.676, field, MessageLatency,R#0000,R#0011,R#0010,R#0002,R#0001,R#0004,R#0003,R#0006,R#0005,R#0008,R#0007,R#0009
2016-04-27 16:35:15.676, data, MessageLatency,1885,371,1221,7,62,1266,359,15,771,144,8,14974
2016-04-27 16:35:16.637, field, MessageQueue,R#0000,R#0001,R#0002,R#0003,R#0004,R#0005,R#0006,R#0007,R#0008,R#0009,R#0010,R#0011,R#0012
2016-04-27 16:35:16.637, data, MessageQueue,0,0,0,366,1001,803,48,0,0,0,856,355,89
2016-04-27 16:35:16.651, field, AgentTransaction,R#0000,R#0011,R#0010,R#0002,R#0001,R#0012,R#0004,R#0003,R#0006,R#0005,R#0008,R#0007,R#0009,Total
2016-04-27 16:35:16.651, data, AgentTransaction,900,2154565,2359010,488300,35700,57700,4037881,2919092,2197636,3849211,15400,323900,100,18439395
2016-04-27 16:35:16.651, field, MessageLatency,R#0000,R#0011,R#0010,R#0002,R#0001,R#0012,R#0004,R#0003,R#0006,R#0005,R#0008,R#0007,R#0009
2016-04-27 16:35:16.651, data, MessageLatency,1885,414,1228,4,58,145,1405,427,90,808,124,5,14974
2016-04-27 16:35:17.637, field, MessageQueue,R#0000,R#0001,R#0002,R#0003,R#0004,R#0005,R#0006,R#0007,R#0008,R#0009,R#0010,R#0011,R#0012,R#0013
2016-04-27 16:35:17.637, data, MessageQueue,0,0,0,535,799,1000,33,0,0,0,639,631,7,3
2016-04-27 16:35:17.661, field, AgentTransaction,R#0000,R#0011,R#0010,R#0002,R#0013,R#0001,R#0012,R#0004,R#0003,R#0006,R#0005,R#0008,R#0007,R#0009,Total
2016-04-27 16:35:17.661, data, AgentTransaction,900,2230265,2436910,504200,51700,36800,120300,4114481,2999092,2270994,3925511,15900,334500,100,19041653
2016-04-27 16:35:17.661, field, MessageLatency,R#0000,R#0011,R#0010,R#0002,R#0013,R#0001,R#0012,R#0004,R#0003,R#0006,R#0005,R#0008,R#0007,R#0009
2016-04-27 16:35:17.661, data, MessageLatency,1885,694,1153,4,3,48,2,1357,603,39,1060,115,8,14974
2016-04-27 16:35:18.637, field, MessageQueue,R#0000,R#0001,R#0002,R#0003,R#0004,R#0005,R#0006,R#0007,R#0008,R#0009,R#0010,R#0011,R#0012,R#0013,R#0014,R#0015,R#0016,R#0017,R#0018
2016-04-27 16:35:18.637, data, MessageQueue,0,0,0,1001,810,940,355,0,0,0,637,392,205,169,47,153,16,0,95
2016-04-27 16:35:18.661, field, AgentTransaction,R#0000,R#0011,R#0010,R#0002,R#0013,R#0001,R#0012,R#0004,R#0015,R#0003,R#0014,R#0006,R#0017,R#0005,R#0016,R#0008,R#0007,R#0018,R#0009,Total
2016-04-27 16:35:18.661, data, AgentTransaction,1000,2295465,2502310,522500,98100,38200,161500,4172881,18213,3062792,31700,2321094,35100,3974511,28800,16400,346600,5100,200,19632466
2016-04-27 16:35:18.661, field, MessageLatency,R#0000,R#0011,R#0010,R#0002,R#0013,R#0001,R#0012,R#0004,R#0015,R#0003,R#0014,R#0006,R#0017,R#0005,R#0016,R#0008,R#0007,R#0018,R#0009
2016-04-27 16:35:18.661, data, MessageLatency,1524,975,934,8,201,44,244,1478,342,825,146,338,3,1591,17,55,13,191,8964
2016-04-27 16:35:19.637, field, MessageQueue,R#0000,R#0001,R#0002,R#0003,R#0004,R#0005,R#0006,R#0007,R#0008,R#0009,R#0010,R#0011,R#0012,R#0013,R#0014,R#0015,R#0016,R#0017,R#0018,R#0019
2016-04-27 16:35:19.637, data, MessageQueue,0,0,11,1001,812,751,605,1,0,0,634,193,250,130,5,36,0,3,36,84
2016-04-27 16:35:19.752, field, AgentTransaction,R#0000,R#0011,R#0010,R#0002,R#0013,R#0001,R#0012,R#0004,R#0015,R#0003,R#0014,R#0006,R#0017,R#0005,R#0016,R#0008,R#0019,R#0007,R#0018,R#0009,Total
2016-04-27 16:35:19.752, data, AgentTransaction,1000,2347365,2553710,538700,158700,39300,219400,4225181,60513,3110192,65200,2370394,62900,4022011,58800,17000,44700,357300,43800,200,20296366
2016-04-27 16:35:19.753, field, MessageLatency,R#0000,R#0011,R#0010,R#0002,R#0013,R#0001,R#0012,R#0004,R#0015,R#0003,R#0014,R#0006,R#0017,R#0005,R#0016,R#0008,R#0019,R#0007,R#0018,R#0009
2016-04-27 16:35:19.753, data, MessageLatency,1524,565,1250,8,236,50,419,1452,96,1459,3,858,2,2135,11,130,204,11,7,8964
2016-04-27 16:35:20.643, field, MessageQueue,R#0000,R#0001,R#0002,R#0003,R#0004,R#0005,R#0006,R#0007,R#0008,R#0009,R#0010,R#0011,R#0012,R#0013,R#0014,R#0015,R#0016,R#0017,R#0018,R#0019,R#0020,R#0021,R#0022,R#0023
2016-04-27 16:35:20.643, data, MessageQueue,0,0,1,908,1001,699,961,0,0,0,880,269,329,354,45,1,16,12,69,18,13,7,27,32
2016-04-27 16:35:20.887, field, AgentTransaction,R#0011,R#0010,R#0013,R#0012,R#0015,R#0014,R#0017,R#0016,R#0019,R#0018,R#0000,R#0022,R#0021,R#0002,R#0024,R#0001,R#0023,R#0004,R#0003,R#0006,R#0005,R#0008,R#0007,R#0009,R#0020,Total
2016-04-27 16:35:20.887, data, AgentTransaction,2373765,2592610,200900,264900,93769,93100,99800,89600,76580,68300,1000,7600,20800,557200,900,40600,4600,4272481,3145392,2419094,4063111,17500,368600,200,20000,20892402
2016-04-27 16:35:20.887, field, MessageLatency,R#0011,R#0010,R#0013,R#0012,R#0015,R#0014,R#0017,R#0016,R#0019,R#0018,R#0000,R#0022,R#0021,R#0002,R#0024,R#0001,R#0023,R#0004,R#0003,R#0025,R#0006,R#0005,R#0008,R#0007,R#0009,R#0020
2016-04-27 16:35:20.888, data, MessageLatency,833,1582,748,743,5,46,14,3,85,83,1524,2,17,63,47,112,81,1786,2349,93,1314,2173,78,7,8964,105
2016-04-27 16:35:21.637, field, MessageQueue,R#0000,R#0001,R#0002,R#0003,R#0004,R#0005,R#0006,R#0007,R#0008,R#0009,R#0010,R#0011,R#0012,R#0013,R#0014,R#0015,R#0016,R#0017,R#0018,R#0019,R#0020,R#0021,R#0022,R#0023,R#0024,R#0025,R#0026,R#0027
2016-04-27 16:35:21.637, data, MessageQueue,0,1,10,554,913,553,1001,13,0,0,694,27,85,184,37,29,11,49,14,14,0,1,6,22,16,9,7,44
2016-04-27 16:35:21.713, field, AgentTransaction,R#0011,R#0010,R#0013,R#0012,R#0015,R#0014,R#0017,R#0016,R#0019,R#0018,R#0000,R#0022,R#0021,R#0002,R#0024,R#0001,R#0023,R#0004,R#0026,R#0003,R#0025,R#0006,R#0005,R#0027,R#0008,R#0007,R#0009,R#0020,Total
2016-04-27 16:35:21.713, data, AgentTransaction,2408665,2630610,233100,305400,107469,109800,110200,108300,84780,90600,1000,17300,30700,566200,21300,41300,12700,4300081,15400,3192252,19800,2448194,4090111,300,17700,375400,200,30000,21368862
2016-04-27 16:35:21.713, field, MessageLatency,R#0011,R#0010,R#0013,R#0012,R#0015,R#0014,R#0017,R#0016,R#0019,R#0018,R#0000,R#0022,R#0021,R#0002,R#0024,R#0001,R#0023,R#0004,R#0026,R#0003,R#0025,R#0006,R#0005,R#0027,R#0008,R#0007,R#0009,R#0020
2016-04-27 16:35:21.713, data, MessageLatency,85,1741,829,414,73,128,164,7,70,4,1524,101,54,26,47,71,9,2148,15,2355,65,1722,2160,156,183,15,8964,16
2016-04-27 16:35:22.637, field, MessageQueue,R#0000,R#0001,R#0002,R#0003,R#0004,R#0005,R#0006,R#0007,R#0008,R#0009,R#0010,R#0011,R#0012,R#0013,R#0014,R#0015,R#0016,R#0017,R#0018,R#0019,R#0020,R#0021,R#0022,R#0023,R#0024,R#0025,R#0026,R#0027,R#0028,R#0029,R#0030
2016-04-27 16:35:22.637, data, MessageQueue,0,1,26,397,907,682,993,10,0,0,725,172,359,168,185,254,200,73,55,85,67,62,4,11,159,92,189,44,96,19,12
2016-04-27 16:35:23.331, field, AgentTransaction,R#0011,R#0033,R#0010,R#0032,R#0013,R#0012,R#0015,R#0014,R#0017,R#0016,R#0019,R#0018,R#0031,R#0030,R#0000,R#0022,R#0021,R#0002,R#0024,R#0001,R#0023,R#0004,R#0026,R#0003,R#0025,R#0006,R#0028,R#0005,R#0027,R#0008,R#0007,R#0029,R#0009,R#0020,Total
2016-04-27 16:35:23.331, data, AgentTransaction,2444065,3100,2693410,2100,283600,321100,134269,145200,155893,148500,112780,133000,3300,9600,1100,43100,56900,593300,62500,43500,45200,4346581,52900,3247552,70400,2488594,35600,4126511,42500,18800,395500,3200,200,54800,22318655
2016-04-27 16:35:23.331, field, MessageLatency,R#0011,R#0033,R#0010,R#0032,R#0013,R#0012,R#0015,R#0014,R#0017,R#0016,R#0019,R#0018,R#0031,R#0030,R#0000,R#0022,R#0021,R#0002,R#0024,R#0001,R#0023,R#0004,R#0026,R#0003,R#0025,R#0006,R#0028,R#0005,R#0027,R#0008,R#0007,R#0029,R#0009,R#0020
2016-04-27 16:35:23.331, data, MessageLatency,1049,8,1725,47,699,1395,818,533,597,496,252,243,8,72,1960,231,356,76,570,95,70,2919,463,1453,236,2816,21,2604,62,139,14,614,8964,113
2016-04-27 16:35:23.637, field, MessageQueue,R#0000,R#0001,R#0002,R#0003,R#0004,R#0005,R#0006,R#0007,R#0008,R#0009,R#0010,R#0011,R#0012,R#0013,R#0014,R#0015,R#0016,R#0017,R#0018,R#0019,R#0020,R#0021,R#0022,R#0023,R#0024,R#0025,R#0026,R#0027,R#0028,R#0029,R#0030,R#0031,R#0032,R#0033,R#0034
2016-04-27 16:35:23.638, data, MessageQueue,0,0,13,193,912,791,899,2,0,0,695,329,374,212,149,281,47,88,15,19,30,7,10,4,149,18,194,7,7,18,0,9,0,2,27
2016-04-27 16:35:23.752, field, AgentTransaction,R#0011,R#0033,R#0010,R#0032,R#0013,R#0012,R#0034,R#0015,R#0014,R#0017,R#0016,R#0019,R#0018,R#0031,R#0030,R#0000,R#0022,R#0021,R#0002,R#0024,R#0001,R#0023,R#0004,R#0026,R#0003,R#0025,R#0006,R#0028,R#0005,R#0027,R#0008,R#0007,R#0029,R#0009,R#0020,Total
2016-04-27 16:35:23.752, data, AgentTransaction,2451365,5500,2701710,3900,293400,345700,3200,141769,155100,171393,166900,120180,146900,4200,11300,1100,48400,65200,600000,76700,43800,50000,4361581,64400,3269552,84600,2499194,37000,4129511,43900,18900,397800,10400,200,63200,22587955
2016-04-27 16:35:23.752, field, MessageLatency,R#0011,R#0033,R#0010,R#0032,R#0013,R#0012,R#0034,R#0015,R#0014,R#0017,R#0016,R#0019,R#0018,R#0031,R#0030,R#0000,R#0022,R#0021,R#0002,R#0024,R#0001,R#0023,R#0004,R#0026,R#0003,R#0025,R#0006,R#0028,R#0005,R#0027,R#0008,R#0007,R#0029,R#0009,R#0020
2016-04-27 16:35:23.752, data, MessageLatency,1116,21,1900,60,915,1451,131,1115,660,488,12,50,28,21,41,1960,4,27,17,632,116,24,3169,878,981,38,3172,6,2881,217,228,8,241,8964,47
2016-04-27 16:35:24.638, field, MessageQueue,R#0000,R#0001,R#0002,R#0003,R#0004,R#0005,R#0006,R#0007,R#0008,R#0009,R#0010,R#0011,R#0012,R#0013,R#0014,R#0015,R#0016,R#0017,R#0018,R#0019,R#0020,R#0021,R#0022,R#0023,R#0024,R#0025,R#0026,R#0027,R#0028,R#0029,R#0030,R#0031,R#0032,R#0033,R#0034
2016-04-27 16:35:24.638, data, MessageQueue,0,0,0,3,676,626,475,3,0,0,380,158,39,2,3,41,8,7,9,1,3,0,5,5,2,2,11,2,2,4,0,2,3,0,6
2016-04-27 16:35:24.791, field, AgentTransaction,R#0011,R#0033,R#0010,R#0032,R#0013,R#0012,R#0034,R#0015,R#0014,R#0017,R#0016,R#0019,R#0018,R#0031,R#0030,R#0000,R#0022,R#0021,R#0002,R#0024,R#0001,R#0023,R#0004,R#0026,R#0003,R#0025,R#0006,R#0028,R#0005,R#0027,R#0008,R#0007,R#0029,R#0009,R#0020,Total
2016-04-27 16:35:24.791, data, AgentTransaction,2486565,11700,2751254,8600,331900,393900,26800,188069,192100,198393,185600,137780,170600,13600,17800,1100,62611,74200,609700,106400,44800,61100,4403081,101700,3291352,105000,2547994,41800,4169611,52000,19200,405900,18000,200,75700,23306110
2016-04-27 16:35:24.792, field, MessageLatency,R#0011,R#0033,R#0010,R#0032,R#0013,R#0012,R#0034,R#0015,R#0014,R#0017,R#0016,R#0019,R#0018,R#0031,R#0030,R#0000,R#0022,R#0021,R#0002,R#0024,R#0001,R#0023,R#0004,R#0026,R#0003,R#0025,R#0006,R#0028,R#0005,R#0027,R#0008,R#0007,R#0029,R#0009,R#0020
2016-04-27 16:35:24.792, data, MessageLatency,691,12,1705,21,83,140,14,113,55,87,68,30,46,43,4,1960,70,88,3,139,40,26,2680,90,4,60,3101,43,2558,18,191,58,7,8964,49
2016-04-27 16:35:25.637, field, MessageQueue,R#0000,R#0001,R#0002,R#0003,R#0004,R#0005,R#0006,R#0007,R#0008,R#0009,R#0010,R#0011,R#0012,R#0013,R#0014,R#0015,R#0016,R#0017,R#0018,R#0019,R#0020,R#0021,R#0022,R#0023,R#0024,R#0025,R#0026,R#0027,R#0028,R#0029,R#0030,R#0031,R#0032,R#0033,R#0034
2016-04-27 16:35:25.638, data, MessageQueue,0,1,2,3,343,288,27,1,0,0,0,0,1,4,5,4,5,9,1,2,1,1,3,2,11,22,0,1,0,2,0,0,4,0,6
2016-04-27 16:35:25.790, field, AgentTransaction,R#0011,R#0033,R#0010,R#0032,R#0013,R#0012,R#0034,R#0015,R#0014,R#0017,R#0016,R#0019,R#0018,R#0031,R#0030,R#0000,R#0022,R#0021,R#0002,R#0024,R#0001,R#0023,R#0004,R#0026,R#0003,R#0025,R#0006,R#0028,R#0005,R#0027,R#0008,R#0007,R#0029,R#0009,R#0020,Total
2016-04-27 16:35:25.790, data, AgentTransaction,2522165,20400,2802254,16200,352400,418600,47700,209969,212100,215093,210300,150180,194800,20900,26600,1100,75311,88000,623300,130400,45400,70300,4461981,121000,3306252,126700,2597894,48500,4222511,57200,19600,414800,27000,200,86900,23944010
2016-04-27 16:35:25.791, field, MessageLatency,R#0011,R#0033,R#0010,R#0032,R#0013,R#0012,R#0034,R#0015,R#0014,R#0017,R#0016,R#0019,R#0018,R#0031,R#0030,R#0000,R#0022,R#0021,R#0002,R#0024,R#0001,R#0023,R#0004,R#0026,R#0003,R#0025,R#0006,R#0028,R#0005,R#0027,R#0008,R#0007,R#0029,R#0009,R#0020
2016-04-27 16:35:25.791, data, MessageLatency,107,1,1,112,58,49,75,3,57,137,54,26,5,24,101,2135,11,7,43,79,62,149,1540,98,78,116,34,54,1285,3,108,23,13,8964,14
2016-04-27 16:35:26.637, field, MessageQueue,R#0000,R#0001,R#0002,R#0003,R#0004,R#0005,R#0006,R#0007,R#0008,R#0009,R#0010,R#0011,R#0012,R#0013,R#0014,R#0015,R#0016,R#0017,R#0018,R#0019,R#0020,R#0021,R#0022,R#0023,R#0024,R#0025,R#0026,R#0027,R#0028,R#0029,R#0030,R#0031,R#0032,R#0033,R#0034
2016-04-27 16:35:26.638, data, MessageQueue,0,0,0,0,0,0,0,0,0,0,0,0,0,0,0,0,0,0,0,0,0,0,0,0,0,0,0,0,0,0,0,0,0,0,0
2016-04-27 16:35:26.664, field, AgentTransaction,R#0011,R#0033,R#0010,R#0032,R#0013,R#0012,R#0034,R#0015,R#0014,R#0017,R#0016,R#0019,R#0018,R#0031,R#0030,R#0000,R#0022,R#0021,R#0002,R#0024,R#0001,R#0023,R#0004,R#0026,R#0003,R#0025,R#0006,R#0028,R#0005,R#0027,R#0008,R#0007,R#0029,R#0009,R#0020,Total
2016-04-27 16:35:26.664, data, AgentTransaction,2542965,27100,2825054,23000,374100,434800,65900,231469,234700,241384,229900,158480,210700,26100,34000,1200,87311,99700,635200,149400,46400,83400,4514281,139900,3318452,145400,2602594,53800,4269411,63200,20000,421400,35100,200,97800,24443801
2016-04-27 16:35:26.664, field, MessageLatency,R#0011,R#0033,R#0010,R#0032,R#0013,R#0012,R#0034,R#0015,R#0014,R#0017,R#0016,R#0019,R#0018,R#0031,R#0030,R#0000,R#0022,R#0021,R#0002,R#0024,R#0001,R#0023,R#0004,R#0026,R#0003,R#0025,R#0006,R#0028,R#0005,R#0027,R#0008,R#0007,R#0029,R#0009,R#0020
2016-04-27 16:35:26.664, data, MessageLatency,0,1,1,2,2,2,1,0,1,4,1,1,1,1,0,2135,1,5,5,1,46,1,2,1,1,0,1,2,1,1,127,9,1,8964,2
2016-04-27 16:35:27.637, field, MessageQueue,R#0000,R#0001,R#0002,R#0003,R#0004,R#0005,R#0006,R#0007,R#0008,R#0009,R#0010,R#0011,R#0012,R#0013,R#0014,R#0015,R#0016,R#0017,R#0018,R#0019,R#0020,R#0021,R#0022,R#0023,R#0024,R#0025,R#0026,R#0027,R#0028,R#0029,R#0030,R#0031,R#0032,R#0033,R#0034
2016-04-27 16:35:27.637, data, MessageQueue,0,0,0,0,0,0,0,0,0,0,0,0,0,0,0,0,0,0,0,0,0,0,0,0,0,0,0,0,0,0,0,0,0,0,0
2016-04-27 16:35:27.651, field, AgentTransaction,R#0011,R#0033,R#0010,R#0032,R#0013,R#0012,R#0034,R#0015,R#0014,R#0017,R#0016,R#0019,R#0018,R#0031,R#0030,R#0000,R#0022,R#0021,R#0002,R#0024,R#0001,R#0023,R#0004,R#0026,R#0003,R#0025,R#0006,R#0028,R#0005,R#0027,R#0008,R#0007,R#0029,R#0009,R#0020,Total
2016-04-27 16:35:27.651, data, AgentTransaction,2566365,34000,2845854,31400,395800,456500,89520,255169,258300,263084,253700,172480,233200,34700,40400,1200,100111,112900,648200,171000,47300,94900,4537681,162100,3332752,166900,2609494,60500,4292611,70400,20400,429900,42300,200,110200,24941521
2016-04-27 16:35:27.652, field, MessageLatency,R#0011,R#0033,R#0010,R#0032,R#0013,R#0012,R#0034,R#0015,R#0014,R#0017,R#0016,R#0019,R#0018,R#0031,R#0030,R#0000,R#0022,R#0021,R#0002,R#0024,R#0001,R#0023,R#0004,R#0026,R#0003,R#0025,R#0006,R#0028,R#0005,R#0027,R#0008,R#0007,R#0029,R#0009,R#0020
2016-04-27 16:35:27.652, data, MessageLatency,3,2,1,2,1,1,1,1,2,1,1,1,1,1,1,2135,2,1,4,0,54,2,1,1,2,2,1,1,5,2,141,6,1,8964,1
2016-04-27 16:35:28.638, field, MessageQueue,R#0000,R#0001,R#0002,R#0003,R#0004,R#0005,R#0006,R#0007,R#0008,R#0009,R#0010,R#0011,R#0012,R#0013,R#0014,R#0015,R#0016,R#0017,R#0018,R#0019,R#0020,R#0021,R#0022,R#0023,R#0024,R#0025,R#0026,R#0027,R#0028,R#0029,R#0030,R#0031,R#0032,R#0033,R#0034
2016-04-27 16:35:28.638, data, MessageQueue,0,0,0,0,2,0,0,0,0,0,0,1,0,1,2,1,0,0,1,0,1,0,0,1,0,2,0,0,0,0,0,0,1,0,0
2016-04-27 16:35:28.651, field, AgentTransaction,R#0011,R#0033,R#0010,R#0032,R#0013,R#0012,R#0034,R#0015,R#0014,R#0017,R#0016,R#0019,R#0018,R#0031,R#0030,R#0000,R#0022,R#0021,R#0002,R#0024,R#0001,R#0023,R#0004,R#0026,R#0003,R#0025,R#0006,R#0028,R#0005,R#0027,R#0008,R#0007,R#0029,R#0009,R#0020,Total
2016-04-27 16:35:28.651, data, AgentTransaction,2593465,42600,2869754,39800,420000,477200,110720,277669,284200,285384,277300,184780,255400,42400,48200,1200,113911,127600,661700,195800,48300,106900,4560081,186500,3349052,188900,2616694,67500,4318011,77400,20800,438900,49300,200,122700,25460321
2016-04-27 16:35:28.652, field, MessageLatency,R#0011,R#0033,R#0010,R#0032,R#0013,R#0012,R#0034,R#0015,R#0014,R#0017,R#0016,R#0019,R#0018,R#0031,R#0030,R#0000,R#0022,R#0021,R#0002,R#0024,R#0001,R#0023,R#0004,R#0026,R#0003,R#0025,R#0006,R#0028,R#0005,R#0027,R#0008,R#0007,R#0029,R#0009,R#0020
2016-04-27 16:35:28.652, data, MessageLatency,7,1,2,1,1,2,1,4,1,1,6,2,1,2,1,2135,5,2,5,1,46,2,7,1,5,1,3,1,0,1,114,8,2,8964,3
2016-04-27 16:35:29.637, field, MessageQueue,R#0000,R#0001,R#0002,R#0003,R#0004,R#0005,R#0006,R#0007,R#0008,R#0009,R#0010,R#0011,R#0012,R#0013,R#0014,R#0015,R#0016,R#0017,R#0018,R#0019,R#0020,R#0021,R#0022,R#0023,R#0024,R#0025,R#0026,R#0027,R#0028,R#0029,R#0030,R#0031,R#0032,R#0033,R#0034
2016-04-27 16:35:29.637, data, MessageQueue,0,0,0,0,0,0,0,0,0,0,0,0,0,0,0,0,0,0,0,0,0,0,0,0,0,0,0,0,0,0,0,0,0,0,0
2016-04-27 16:35:29.649, field, AgentTransaction,R#0011,R#0033,R#0010,R#0032,R#0013,R#0012,R#0034,R#0015,R#0014,R#0017,R#0016,R#0019,R#0018,R#0031,R#0030,R#0000,R#0022,R#0021,R#0002,R#0024,R#0001,R#0023,R#0004,R#0026,R#0003,R#0025,R#0006,R#0028,R#0005,R#0027,R#0008,R#0007,R#0029,R#0009,R#0020,Total
2016-04-27 16:35:29.649, data, AgentTransaction,2617965,50300,2893254,47200,443100,501900,132320,301490,307300,309484,302800,197780,278000,50400,56100,1200,127211,140700,675300,218000,49300,121700,4583381,210000,3362252,212000,2623794,74500,4344811,84500,21300,447900,58500,200,137600,25983542
2016-04-27 16:35:29.649, field, MessageLatency,R#0011,R#0033,R#0010,R#0032,R#0013,R#0012,R#0034,R#0015,R#0014,R#0017,R#0016,R#0019,R#0018,R#0031,R#0030,R#0000,R#0022,R#0021,R#0002,R#0024,R#0001,R#0023,R#0004,R#0026,R#0003,R#0025,R#0006,R#0028,R#0005,R#0027,R#0008,R#0007,R#0029,R#0009,R#0020
2016-04-27 16:35:29.649, data, MessageLatency,1,1,1,2,1,1,1,1,0,1,1,1,1,1,2,1900,1,2,5,2,49,2,1,1,1,1,3,2,3,2,124,6,1,8964,1
2016-04-27 16:35:30.637, field, MessageQueue,R#0000,R#0001,R#0002,R#0003,R#0004,R#0005,R#0006,R#0007,R#0008,R#0009,R#0010,R#0011,R#0012,R#0013,R#0014,R#0015,R#0016,R#0017,R#0018,R#0019,R#0020,R#0021,R#0022,R#0023,R#0024,R#0025,R#0026,R#0027,R#0028,R#0029,R#0030,R#0031,R#0032,R#0033,R#0034
2016-04-27 16:35:30.637, data, MessageQueue,0,0,0,0,0,0,0,0,0,0,0,0,0,1,0,0,0,0,0,0,0,0,0,0,0,0,0,0,0,0,0,0,0,0,0
2016-04-27 16:35:30.653, field, AgentTransaction,R#0011,R#0033,R#0010,R#0032,R#0013,R#0012,R#0034,R#0015,R#0014,R#0017,R#0016,R#0019,R#0018,R#0031,R#0030,R#0000,R#0022,R#0021,R#0002,R#0024,R#0001,R#0023,R#0004,R#0026,R#0003,R#0025,R#0006,R#0028,R#0005,R#0027,R#0008,R#0007,R#0029,R#0009,R#0020,Total
2016-04-27 16:35:30.653, data, AgentTransaction,2638665,55900,2915654,56100,464900,524000,154620,327190,330900,331526,324900,211080,305100,58600,62100,1300,138811,153600,688400,240900,50300,134700,4606581,230300,3377052,235100,2631594,81500,4367511,92200,21700,456600,66500,200,151400,26487484
2016-04-27 16:35:30.654, field, MessageLatency,R#0011,R#0033,R#0010,R#0032,R#0013,R#0012,R#0034,R#0015,R#0014,R#0017,R#0016,R#0019,R#0018,R#0031,R#0030,R#0000,R#0022,R#0021,R#0002,R#0024,R#0001,R#0023,R#0004,R#0026,R#0003,R#0025,R#0006,R#0028,R#0005,R#0027,R#0008,R#0007,R#0029,R#0009,R#0020
2016-04-27 16:35:30.654, data, MessageLatency,1,1,2,2,1,2,2,1,2,1,12,2,3,2,2,1900,2,1,6,1,56,1,1,1,2,2,3,3,1,1,118,7,1,8964,1
2016-04-27 16:35:31.637, field, MessageQueue,R#0000,R#0001,R#0002,R#0003,R#0004,R#0005,R#0006,R#0007,R#0008,R#0009,R#0010,R#0011,R#0012,R#0013,R#0014,R#0015,R#0016,R#0017,R#0018,R#0019,R#0020,R#0021,R#0022,R#0023,R#0024,R#0025,R#0026,R#0027,R#0028,R#0029,R#0030,R#0031,R#0032,R#0033,R#0034
2016-04-27 16:35:31.637, data, MessageQueue,0,0,0,0,0,0,0,0,0,0,0,1,0,0,0,0,0,0,0,0,0,0,0,0,1,0,0,0,0,0,0,0,0,0,0
2016-04-27 16:35:31.653, field, AgentTransaction,R#0011,R#0033,R#0010,R#0032,R#0013,R#0012,R#0034,R#0015,R#0014,R#0017,R#0016,R#0019,R#0018,R#0031,R#0030,R#0000,R#0022,R#0021,R#0002,R#0024,R#0001,R#0023,R#0004,R#0026,R#0003,R#0025,R#0006,R#0028,R#0005,R#0027,R#0008,R#0007,R#0029,R#0009,R#0020,Total
2016-04-27 16:35:31.653, data, AgentTransaction,2661965,63800,2936754,64000,487100,546700,176620,350290,351700,356326,349300,224780,329000,63800,70200,1300,153111,163900,701500,265200,51200,148100,4631081,250700,3389352,256100,2638594,88600,4391311,99800,22100,465300,74600,200,166500,26990884
2016-04-27 16:35:31.653, field, MessageLatency,R#0011,R#0033,R#0010,R#0032,R#0013,R#0012,R#0034,R#0015,R#0014,R#0017,R#0016,R#0019,R#0018,R#0031,R#0030,R#0000,R#0022,R#0021,R#0002,R#0024,R#0001,R#0023,R#0004,R#0026,R#0003,R#0025,R#0006,R#0028,R#0005,R#0027,R#0008,R#0007,R#0029,R#0009,R#0020
2016-04-27 16:35:31.653, data, MessageLatency,1,1,1,2,7,1,0,1,1,0,3,1,2,1,3,1900,2,1,7,0,47,2,5,1,1,0,1,2,0,2,101,8,1,8964,5
2016-04-27 16:35:32.637, field, MessageQueue,R#0000,R#0001,R#0002,R#0003,R#0004,R#0005,R#0006,R#0007,R#0008,R#0009,R#0010,R#0011,R#0012,R#0013,R#0014,R#0015,R#0016,R#0017,R#0018,R#0019,R#0020,R#0021,R#0022,R#0023,R#0024,R#0025,R#0026,R#0027,R#0028,R#0029,R#0030,R#0031,R#0032,R#0033,R#0034
2016-04-27 16:35:32.637, data, MessageQueue,0,0,0,0,0,1,0,0,0,0,0,0,2,0,0,0,0,0,4,0,0,0,0,0,0,1,0,0,0,0,0,0,0,0,0
2016-04-27 16:35:32.649, field, AgentTransaction,R#0011,R#0033,R#0010,R#0032,R#0013,R#0012,R#0034,R#0015,R#0014,R#0017,R#0016,R#0019,R#0018,R#0031,R#0030,R#0000,R#0022,R#0021,R#0002,R#0024,R#0001,R#0023,R#0004,R#0026,R#0003,R#0025,R#0006,R#0028,R#0005,R#0027,R#0008,R#0007,R#0029,R#0009,R#0020,Total
2016-04-27 16:35:32.649, data, AgentTransaction,2683165,69700,2958754,71700,505800,567271,196520,370390,372100,374826,369500,236780,350600,69300,75500,1300,163411,174800,713000,285300,52100,159700,4649681,268300,3400252,275200,2645594,94500,4413311,106900,22500,472900,82000,200,180300,27433155
2016-04-27 16:35:32.649, field, MessageLatency,R#0011,R#0033,R#0010,R#0032,R#0013,R#0012,R#0034,R#0015,R#0014,R#0017,R#0016,R#0019,R#0018,R#0031,R#0030,R#0000,R#0022,R#0021,R#0002,R#0024,R#0001,R#0023,R#0004,R#0026,R#0003,R#0025,R#0006,R#0028,R#0005,R#0027,R#0008,R#0007,R#0029,R#0009,R#0020
2016-04-27 16:35:32.649, data, MessageLatency,0,2,1,3,0,1,1,1,1,1,2,3,1,1,1,1900,1,2,5,1,53,2,1,1,2,1,1,1,1,2,122,5,6,8964,2
2016-04-27 16:35:33.637, field, MessageQueue,R#0000,R#0001,R#0002,R#0003,R#0004,R#0005,R#0006,R#0007,R#0008,R#0009,R#0010,R#0011,R#0012,R#0013,R#0014,R#0015,R#0016,R#0017,R#0018,R#0019,R#0020,R#0021,R#0022,R#0023,R#0024,R#0025,R#0026,R#0027,R#0028,R#0029,R#0030,R#0031,R#0032,R#0033,R#0034
2016-04-27 16:35:33.637, data, MessageQueue,0,0,0,2,0,1,0,0,0,0,0,2,0,0,2,0,0,0,1,0,0,1,0,0,0,0,3,0,0,0,0,0,0,0,0
2016-04-27 16:35:33.656, field, AgentTransaction,R#0011,R#0033,R#0010,R#0032,R#0013,R#0012,R#0034,R#0015,R#0014,R#0017,R#0016,R#0019,R#0018,R#0031,R#0030,R#0000,R#0022,R#0021,R#0002,R#0024,R#0001,R#0023,R#0004,R#0026,R#0003,R#0025,R#0006,R#0028,R#0005,R#0027,R#0008,R#0007,R#0029,R#0009,R#0020,Total
2016-04-27 16:35:33.656, data, AgentTransaction,2706965,77900,2979854,79400,530000,589171,217620,391790,394100,397226,391509,248480,377400,75900,82200,1300,178011,189700,726200,307800,53000,171800,4673981,288700,3413152,299000,2652894,101900,4439911,114400,22900,481600,90200,200,193800,27939964
2016-04-27 16:35:33.656, field, MessageLatency,R#0011,R#0033,R#0010,R#0032,R#0013,R#0012,R#0034,R#0015,R#0014,R#0017,R#0016,R#0019,R#0018,R#0031,R#0030,R#0000,R#0022,R#0021,R#0002,R#0024,R#0001,R#0023,R#0004,R#0026,R#0003,R#0025,R#0006,R#0028,R#0005,R#0027,R#0008,R#0007,R#0029,R#0009,R#0020
2016-04-27 16:35:33.656, data, MessageLatency,5,1,2,1,3,2,2,4,1,2,2,0,3,3,2,1900,2,19,7,1,46,2,2,6,1,11,1,3,3,3,103,8,1,8964,3
2016-04-27 16:35:34.637, field, MessageQueue,R#0000,R#0001,R#0002,R#0003,R#0004,R#0005,R#0006,R#0007,R#0008,R#0009,R#0010,R#0011,R#0012,R#0013,R#0014,R#0015,R#0016,R#0017,R#0018,R#0019,R#0020,R#0021,R#0022,R#0023,R#0024,R#0025,R#0026,R#0027,R#0028,R#0029,R#0030,R#0031,R#0032,R#0033,R#0034
2016-04-27 16:35:34.637, data, MessageQueue,0,0,0,0,0,0,0,0,0,0,0,0,0,1,0,0,0,0,0,0,0,0,0,0,0,0,0,0,0,0,0,0,0,0,0
2016-04-27 16:35:34.664, field, AgentTransaction,R#0011,R#0033,R#0010,R#0032,R#0013,R#0012,R#0034,R#0015,R#0014,R#0017,R#0016,R#0019,R#0018,R#0031,R#0030,R#0000,R#0022,R#0021,R#0002,R#0024,R#0001,R#0023,R#0004,R#0026,R#0003,R#0025,R#0006,R#0028,R#0005,R#0027,R#0008,R#0007,R#0029,R#0009,R#0020,Total
2016-04-27 16:35:34.664, data, AgentTransaction,2731265,86700,3002254,88700,552800,613371,238520,416390,418800,421526,415309,262280,402300,84400,90200,1400,192711,203200,739900,331700,54100,186700,4699181,312200,3426352,323700,2660594,109600,4466111,121300,23300,490800,95400,200,206900,28470164
2016-04-27 16:35:34.664, field, MessageLatency,R#0011,R#0033,R#0010,R#0032,R#0013,R#0012,R#0034,R#0015,R#0014,R#0017,R#0016,R#0019,R#0018,R#0031,R#0030,R#0000,R#0022,R#0021,R#0002,R#0024,R#0001,R#0023,R#0004,R#0026,R#0003,R#0025,R#0006,R#0028,R#0005,R#0027,R#0008,R#0007,R#0029,R#0009,R#0020
2016-04-27 16:35:34.664, data, MessageLatency,1,1,1,2,1,0,1,2,1,1,1,1,1,2,1,2005,14,1,6,1,50,1,2,1,2,2,1,1,1,2,114,7,1,8964,1
2016-04-27 16:35:35.637, field, MessageQueue,R#0000,R#0001,R#0002,R#0003,R#0004,R#0005,R#0006,R#0007,R#0008,R#0009,R#0010,R#0011,R#0012,R#0013,R#0014,R#0015,R#0016,R#0017,R#0018,R#0019,R#0020,R#0021,R#0022,R#0023,R#0024,R#0025,R#0026,R#0027,R#0028,R#0029,R#0030,R#0031,R#0032,R#0033,R#0034
2016-04-27 16:35:35.637, data, MessageQueue,0,0,0,0,0,0,0,0,0,0,0,0,0,0,0,0,0,0,0,0,0,0,0,0,0,0,0,0,0,0,0,0,0,0,0
2016-04-27 16:35:35.647, field, AgentTransaction,R#0011,R#0033,R#0010,R#0032,R#0013,R#0012,R#0034,R#0015,R#0014,R#0017,R#0016,R#0019,R#0018,R#0031,R#0030,R#0000,R#0022,R#0021,R#0002,R#0024,R#0001,R#0023,R#0004,R#0026,R#0003,R#0025,R#0006,R#0028,R#0005,R#0027,R#0008,R#0007,R#0029,R#0009,R#0020,Total
2016-04-27 16:35:35.647, data, AgentTransaction,2753865,93400,3024654,96400,575700,634271,259920,438590,443399,446226,438809,274880,426600,93100,97400,1400,205911,218000,753100,354700,55000,199600,4722081,335300,3439752,346200,2667694,117200,4489011,128900,23700,499500,102000,200,219900,28976363
2016-04-27 16:35:35.648, field, MessageLatency,R#0011,R#0033,R#0010,R#0032,R#0013,R#0012,R#0034,R#0015,R#0014,R#0017,R#0016,R#0019,R#0018,R#0031,R#0030,R#0000,R#0022,R#0021,R#0002,R#0024,R#0001,R#0023,R#0004,R#0026,R#0003,R#0025,R#0006,R#0028,R#0005,R#0027,R#0008,R#0007,R#0029,R#0009,R#0020
2016-04-27 16:35:35.648, data, MessageLatency,1,1,2,1,1,1,0,1,2,1,1,1,1,1,1,2005,1,2,5,2,53,0,1,1,1,1,2,1,1,0,114,9,1,8964,0
2016-04-27 16:35:36.637, field, MessageQueue,R#0000,R#0001,R#0002,R#0003,R#0004,R#0005,R#0006,R#0007,R#0008,R#0009,R#0010,R#0011,R#0012,R#0013,R#0014,R#0015,R#0016,R#0017,R#0018,R#0019,R#0020,R#0021,R#0022,R#0023,R#0024,R#0025,R#0026,R#0027,R#0028,R#0029,R#0030,R#0031,R#0032,R#0033,R#0034
2016-04-27 16:35:36.637, data, MessageQueue,0,0,0,0,0,0,0,0,0,0,0,0,0,0,0,0,0,0,0,0,0,0,0,0,0,0,0,0,0,0,0,0,0,0,0
2016-04-27 16:35:36.649, field, AgentTransaction,R#0011,R#0033,R#0010,R#0032,R#0013,R#0012,R#0034,R#0015,R#0014,R#0017,R#0016,R#0019,R#0018,R#0031,R#0030,R#0000,R#0022,R#0021,R#0002,R#0024,R#0001,R#0023,R#0004,R#0026,R#0003,R#0025,R#0006,R#0028,R#0005,R#0027,R#0008,R#0007,R#0029,R#0009,R#0020,Total
2016-04-27 16:35:36.649, data, AgentTransaction,2778665,99100,3048454,104700,597600,657171,285720,464090,466999,470426,462109,287880,450700,101300,104400,1400,218811,230200,766700,378600,56000,214000,4743881,357200,3454252,369360,2675494,124700,4514011,136300,24100,508500,111300,200,235200,29499523
2016-04-27 16:35:36.649, field, MessageLatency,R#0011,R#0033,R#0010,R#0032,R#0013,R#0012,R#0034,R#0015,R#0014,R#0017,R#0016,R#0019,R#0018,R#0031,R#0030,R#0000,R#0022,R#0021,R#0002,R#0024,R#0001,R#0023,R#0004,R#0026,R#0003,R#0025,R#0006,R#0028,R#0005,R#0027,R#0008,R#0007,R#0029,R#0009,R#0020
2016-04-27 16:35:36.649, data, MessageLatency,1,2,0,2,1,1,2,1,0,1,1,3,1,2,2,2005,1,1,5,1,46,2,1,2,1,0,2,3,1,1,130,7,1,8964,1
2016-04-27 16:35:37.637, field, MessageQueue,R#0000,R#0001,R#0002,R#0003,R#0004,R#0005,R#0006,R#0007,R#0008,R#0009,R#0010,R#0011,R#0012,R#0013,R#0014,R#0015,R#0016,R#0017,R#0018,R#0019,R#0020,R#0021,R#0022,R#0023,R#0024,R#0025,R#0026,R#0027,R#0028,R#0029,R#0030,R#0031,R#0032,R#0033,R#0034
2016-04-27 16:35:37.637, data, MessageQueue,0,0,0,0,0,0,0,0,0,0,0,1,0,0,0,0,0,0,0,0,0,0,0,0,0,0,0,0,0,0,0,0,0,0,0
2016-04-27 16:35:37.648, field, AgentTransaction,R#0011,R#0033,R#0010,R#0032,R#0013,R#0012,R#0034,R#0015,R#0014,R#0017,R#0016,R#0019,R#0018,R#0031,R#0030,R#0000,R#0022,R#0021,R#0002,R#0024,R#0001,R#0023,R#0004,R#0026,R#0003,R#0025,R#0006,R#0028,R#0005,R#0027,R#0008,R#0007,R#0029,R#0009,R#0020,Total
2016-04-27 16:35:37.648, data, AgentTransaction,2801665,106600,3070754,112800,618900,680071,307720,489390,489299,493526,487809,299180,473100,108800,111600,1500,231611,244900,780000,401000,57000,226900,4766281,377900,3468252,396260,2684194,131700,4538511,143600,24600,517300,118100,300,249800,30010923
2016-04-27 16:35:37.649, field, MessageLatency,R#0011,R#0033,R#0010,R#0032,R#0013,R#0012,R#0034,R#0015,R#0014,R#0017,R#0016,R#0019,R#0018,R#0031,R#0030,R#0000,R#0022,R#0021,R#0002,R#0024,R#0001,R#0023,R#0004,R#0026,R#0003,R#0025,R#0006,R#0028,R#0005,R#0027,R#0008,R#0007,R#0029,R#0009,R#0020
2016-04-27 16:35:37.649, data, MessageLatency,3,1,1,4,1,0,1,1,1,2,1,2,2,1,1,1896,1,2,6,2,49,2,1,1,1,1,1,1,2,2,122,8,1,9736,1
2016-04-27 16:35:38.637, field, MessageQueue,R#0000,R#0001,R#0002,R#0003,R#0004,R#0005,R#0006,R#0007,R#0008,R#0009,R#0010,R#0011,R#0012,R#0013,R#0014,R#0015,R#0016,R#0017,R#0018,R#0019,R#0020,R#0021,R#0022,R#0023,R#0024,R#0025,R#0026,R#0027,R#0028,R#0029,R#0030,R#0031,R#0032,R#0033,R#0034
2016-04-27 16:35:38.637, data, MessageQueue,0,0,0,0,1,0,0,0,0,0,0,0,0,0,0,0,0,0,0,0,0,0,0,0,0,0,0,0,0,0,0,0,0,0,0
2016-04-27 16:35:38.668, field, AgentTransaction,R#0011,R#0033,R#0010,R#0032,R#0013,R#0012,R#0034,R#0015,R#0014,R#0017,R#0016,R#0019,R#0018,R#0031,R#0030,R#0000,R#0022,R#0021,R#0002,R#0024,R#0001,R#0023,R#0004,R#0026,R#0003,R#0025,R#0006,R#0028,R#0005,R#0027,R#0008,R#0007,R#0029,R#0009,R#0020,Total
2016-04-27 16:35:38.668, data, AgentTransaction,2827765,114100,3096754,120600,638800,702571,333620,512990,513799,516326,512109,311880,497200,115600,119900,1500,245711,258300,793400,423000,58000,241000,4790281,398900,3480952,417455,2690894,140600,4560511,150900,25000,526200,125200,300,264000,30526118
2016-04-27 16:35:38.668, field, MessageLatency,R#0011,R#0033,R#0010,R#0032,R#0013,R#0012,R#0034,R#0015,R#0014,R#0017,R#0016,R#0019,R#0018,R#0031,R#0030,R#0000,R#0022,R#0021,R#0002,R#0024,R#0001,R#0023,R#0004,R#0026,R#0003,R#0025,R#0006,R#0028,R#0005,R#0027,R#0008,R#0007,R#0029,R#0009,R#0020
2016-04-27 16:35:38.668, data, MessageLatency,14,1,1,2,6,0,1,2,0,3,2,5,1,2,2,1896,3,9,8,20,53,1,7,1,2,2,1,1,3,1,122,10,1,9736,1
2016-04-27 16:35:39.637, field, MessageQueue,R#0000,R#0001,R#0002,R#0003,R#0004,R#0005,R#0006,R#0007,R#0008,R#0009,R#0010,R#0011,R#0012,R#0013,R#0014,R#0015,R#0016,R#0017,R#0018,R#0019,R#0020,R#0021,R#0022,R#0023,R#0024,R#0025,R#0026,R#0027,R#0028,R#0029,R#0030,R#0031,R#0032,R#0033,R#0034
2016-04-27 16:35:39.637, data, MessageQueue,0,0,0,0,0,0,0,0,0,0,0,0,1,0,0,0,0,0,0,0,0,1,0,0,0,0,0,0,0,0,0,0,0,0,0
2016-04-27 16:35:39.654, field, AgentTransaction,R#0011,R#0033,R#0010,R#0032,R#0013,R#0012,R#0034,R#0015,R#0014,R#0017,R#0016,R#0019,R#0018,R#0031,R#0030,R#0000,R#0022,R#0021,R#0002,R#0024,R#0001,R#0023,R#0004,R#0026,R#0003,R#0025,R#0006,R#0028,R#0005,R#0027,R#0008,R#0007,R#0029,R#0009,R#0020,Total
2016-04-27 16:35:39.654, data, AgentTransaction,2852165,120300,3120454,128500,660300,724271,355720,536690,536299,541803,534409,326280,521300,123000,127200,1500,258611,272100,806700,447400,58900,252800,4812081,423100,3494252,439755,2699194,147400,4585811,158700,25400,535100,133600,300,278500,31039895
2016-04-27 16:35:39.655, field, MessageLatency,R#0011,R#0033,R#0010,R#0032,R#0013,R#0012,R#0034,R#0015,R#0014,R#0017,R#0016,R#0019,R#0018,R#0031,R#0030,R#0000,R#0022,R#0021,R#0002,R#0024,R#0001,R#0023,R#0004,R#0026,R#0003,R#0025,R#0006,R#0028,R#0005,R#0027,R#0008,R#0007,R#0029,R#0009,R#0020
2016-04-27 16:35:39.655, data, MessageLatency,3,1,1,2,1,2,2,1,3,1,1,1,1,1,1,1896,1,0,10,1,47,2,1,2,1,2,1,0,1,2,122,8,1,9736,1
2016-04-27 16:35:40.637, field, MessageQueue,R#0000,R#0001,R#0002,R#0003,R#0004,R#0005,R#0006,R#0007,R#0008,R#0009,R#0010,R#0011,R#0012,R#0013,R#0014,R#0015,R#0016,R#0017,R#0018,R#0019,R#0020,R#0021,R#0022,R#0023,R#0024,R#0025,R#0026,R#0027,R#0028,R#0029,R#0030,R#0031,R#0032,R#0033,R#0034
2016-04-27 16:35:40.637, data, MessageQueue,0,0,0,0,1,0,0,0,0,0,1,0,0,0,0,0,2,0,0,0,0,0,0,0,0,0,0,0,0,0,0,0,0,0,0
2016-04-27 16:35:40.653, field, AgentTransaction,R#0011,R#0033,R#0010,R#0032,R#0013,R#0012,R#0034,R#0015,R#0014,R#0017,R#0016,R#0019,R#0018,R#0031,R#0030,R#0000,R#0022,R#0021,R#0002,R#0024,R#0001,R#0023,R#0004,R#0026,R#0003,R#0025,R#0006,R#0028,R#0005,R#0027,R#0008,R#0007,R#0029,R#0009,R#0020,Total
2016-04-27 16:35:40.653, data, AgentTransaction,2877865,128300,3141454,136200,683800,746171,376820,557790,560099,563503,560109,339680,543700,129800,136000,1500,270811,285200,819900,472100,59900,268400,4833881,445500,3508252,462655,2705994,154600,4610411,165600,25800,543800,140900,300,290000,31546795
2016-04-27 16:35:40.653, field, MessageLatency,R#0011,R#0033,R#0010,R#0032,R#0013,R#0012,R#0034,R#0015,R#0014,R#0017,R#0016,R#0019,R#0018,R#0031,R#0030,R#0000,R#0022,R#0021,R#0002,R#0024,R#0001,R#0023,R#0004,R#0026,R#0003,R#0025,R#0006,R#0028,R#0005,R#0027,R#0008,R#0007,R#0029,R#0009,R#0020
2016-04-27 16:35:40.653, data, MessageLatency,2,1,1,2,1,1,1,1,0,2,5,1,3,1,1,1896,2,0,4,1,49,1,3,1,1,1,1,1,2,3,107,7,1,9736,1
2016-04-27 16:35:41.637, field, MessageQueue,R#0000,R#0001,R#0002,R#0003,R#0004,R#0005,R#0006,R#0007,R#0008,R#0009,R#0010,R#0011,R#0012,R#0013,R#0014,R#0015,R#0016,R#0017,R#0018,R#0019,R#0020,R#0021,R#0022,R#0023,R#0024,R#0025,R#0026,R#0027,R#0028,R#0029,R#0030,R#0031,R#0032,R#0033,R#0034
2016-04-27 16:35:41.637, data, MessageQueue,0,0,0,0,0,0,0,0,0,0,0,0,0,0,0,0,2,0,0,1,0,0,0,0,0,0,0,0,0,0,0,0,0,0,0
2016-04-27 16:35:41.654, field, AgentTransaction,R#0011,R#0033,R#0010,R#0032,R#0013,R#0012,R#0034,R#0015,R#0014,R#0017,R#0016,R#0019,R#0018,R#0031,R#0030,R#0000,R#0022,R#0021,R#0002,R#0024,R#0001,R#0023,R#0004,R#0026,R#0003,R#0025,R#0006,R#0028,R#0005,R#0027,R#0008,R#0007,R#0029,R#0009,R#0020,Total
2016-04-27 16:35:41.655, data, AgentTransaction,2902665,136300,3165054,144000,705100,768071,403482,582990,583399,587903,580409,352980,569600,138600,142900,1600,282711,300300,833400,495700,60900,284500,4854981,468100,3521352,485755,2712694,162300,4635711,173800,26200,552800,147700,300,302100,32066357
2016-04-27 16:35:41.655, field, MessageLatency,R#0011,R#0033,R#0010,R#0032,R#0013,R#0012,R#0034,R#0015,R#0014,R#0017,R#0016,R#0019,R#0018,R#0031,R#0030,R#0000,R#0022,R#0021,R#0002,R#0024,R#0001,R#0023,R#0004,R#0026,R#0003,R#0025,R#0006,R#0028,R#0005,R#0027,R#0008,R#0007,R#0029,R#0009,R#0020
2016-04-27 16:35:41.655, data, MessageLatency,1,1,2,1,2,0,1,0,0,3,1,0,1,1,2,1899,1,0,5,2,53,1,1,1,0,2,0,2,0,3,102,8,1,9736,1
2016-04-27 16:35:42.637, field, MessageQueue,R#0000,R#0001,R#0002,R#0003,R#0004,R#0005,R#0006,R#0007,R#0008,R#0009,R#0010,R#0011,R#0012,R#0013,R#0014,R#0015,R#0016,R#0017,R#0018,R#0019,R#0020,R#0021,R#0022,R#0023,R#0024,R#0025,R#0026,R#0027,R#0028,R#0029,R#0030,R#0031,R#0032,R#0033,R#0034
2016-04-27 16:35:42.637, data, MessageQueue,0,0,0,0,0,0,0,0,0,0,0,0,0,0,0,0,0,0,0,0,0,0,0,0,0,0,0,0,0,0,0,0,0,0,1
2016-04-27 16:35:42.650, field, AgentTransaction,R#0011,R#0033,R#0010,R#0032,R#0013,R#0012,R#0034,R#0015,R#0014,R#0017,R#0016,R#0019,R#0018,R#0031,R#0030,R#0000,R#0022,R#0021,R#0002,R#0024,R#0001,R#0023,R#0004,R#0026,R#0003,R#0025,R#0006,R#0028,R#0005,R#0027,R#0008,R#0007,R#0029,R#0009,R#0020,Total
2016-04-27 16:35:42.650, data, AgentTransaction,2928865,143100,3188854,152000,725800,791871,427382,608790,604699,610803,605209,367680,595400,145800,150500,1600,297211,312000,847000,517900,61900,299400,4878581,490600,3535322,509755,2720194,170900,4659011,181500,26700,561800,155500,300,314600,32588527
2016-04-27 16:35:42.650, field, MessageLatency,R#0011,R#0033,R#0010,R#0032,R#0013,R#0012,R#0034,R#0015,R#0014,R#0017,R#0016,R#0019,R#0018,R#0031,R#0030,R#0000,R#0022,R#0021,R#0002,R#0024,R#0001,R#0023,R#0004,R#0026,R#0003,R#0025,R#0006,R#0028,R#0005,R#0027,R#0008,R#0007,R#0029,R#0009,R#0020
2016-04-27 16:35:42.650, data, MessageLatency,4,1,1,1,2,1,3,1,0,1,0,1,1,1,0,1899,0,0,6,1,53,2,2,2,0,2,1,1,3,2,106,8,3,9736,2
2016-04-27 16:35:43.637, field, MessageQueue,R#0000,R#0001,R#0002,R#0003,R#0004,R#0005,R#0006,R#0007,R#0008,R#0009,R#0010,R#0011,R#0012,R#0013,R#0014,R#0015,R#0016,R#0017,R#0018,R#0019,R#0020,R#0021,R#0022,R#0023,R#0024,R#0025,R#0026,R#0027,R#0028,R#0029,R#0030,R#0031,R#0032,R#0033,R#0034
2016-04-27 16:35:43.637, data, MessageQueue,0,0,0,0,0,0,0,0,0,0,0,0,0,0,0,0,0,0,0,0,0,0,0,0,0,0,0,0,0,0,0,0,0,0,0
2016-04-27 16:35:43.651, field, AgentTransaction,R#0011,R#0033,R#0010,R#0032,R#0013,R#0012,R#0034,R#0015,R#0014,R#0017,R#0016,R#0019,R#0018,R#0031,R#0030,R#0000,R#0022,R#0021,R#0002,R#0024,R#0001,R#0023,R#0004,R#0026,R#0003,R#0025,R#0006,R#0028,R#0005,R#0027,R#0008,R#0007,R#0029,R#0009,R#0020,Total
2016-04-27 16:35:43.651, data, AgentTransaction,2955765,151200,3212054,159800,750400,818871,448782,632590,627499,635303,627809,381480,619200,154500,157400,1600,312411,325600,860500,540600,62900,312600,4902181,511500,3547122,531355,2727894,178100,4684711,188700,27100,570800,163100,300,329200,33110927
2016-04-27 16:35:43.651, field, MessageLatency,R#0011,R#0033,R#0010,R#0032,R#0013,R#0012,R#0034,R#0015,R#0014,R#0017,R#0016,R#0019,R#0018,R#0031,R#0030,R#0000,R#0022,R#0021,R#0002,R#0024,R#0001,R#0023,R#0004,R#0026,R#0003,R#0025,R#0006,R#0028,R#0005,R#0027,R#0008,R#0007,R#0029,R#0009,R#0020
2016-04-27 16:35:43.651, data, MessageLatency,2,2,2,1,1,1,2,2,1,1,4,1,1,2,3,1899,1,2,5,1,48,0,1,1,2,1,1,1,2,2,107,6,2,9736,1
2016-04-27 16:35:44.637, field, MessageQueue,R#0000,R#0001,R#0002,R#0003,R#0004,R#0005,R#0006,R#0007,R#0008,R#0009,R#0010,R#0011,R#0012,R#0013,R#0014,R#0015,R#0016,R#0017,R#0018,R#0019,R#0020,R#0021,R#0022,R#0023,R#0024,R#0025,R#0026,R#0027,R#0028,R#0029,R#0030,R#0031,R#0032,R#0033,R#0034
2016-04-27 16:35:44.637, data, MessageQueue,0,0,0,0,0,0,0,0,0,0,0,0,0,0,0,0,0,0,0,0,0,0,0,0,0,0,0,0,0,0,0,0,0,0,0
2016-04-27 16:35:44.650, field, AgentTransaction,R#0011,R#0033,R#0010,R#0032,R#0013,R#0012,R#0034,R#0015,R#0014,R#0017,R#0016,R#0019,R#0018,R#0031,R#0030,R#0000,R#0022,R#0021,R#0002,R#0024,R#0001,R#0023,R#0004,R#0026,R#0003,R#0025,R#0006,R#0028,R#0005,R#0027,R#0008,R#0007,R#0029,R#0009,R#0020,Total
2016-04-27 16:35:44.650, data, AgentTransaction,2982265,160100,3234254,167000,773900,841171,472582,655890,650184,658903,653109,396680,644500,162000,165400,1600,324911,338900,874000,566600,63900,328400,4922781,533700,3560222,554355,2735694,185300,4706711,195100,27500,579700,170900,300,340800,33629312
2016-04-27 16:35:44.650, field, MessageLatency,R#0011,R#0033,R#0010,R#0032,R#0013,R#0012,R#0034,R#0015,R#0014,R#0017,R#0016,R#0019,R#0018,R#0031,R#0030,R#0000,R#0022,R#0021,R#0002,R#0024,R#0001,R#0023,R#0004,R#0026,R#0003,R#0025,R#0006,R#0028,R#0005,R#0027,R#0008,R#0007,R#0029,R#0009,R#0020
2016-04-27 16:35:44.650, data, MessageLatency,1,0,0,2,1,1,1,1,2,1,1,1,1,1,1,1899,2,1,3,1,47,1,2,1,1,2,1,10,2,1,107,7,1,9736,1
2016-04-27 16:35:45.637, field, MessageQueue,R#0000,R#0001,R#0002,R#0003,R#0004,R#0005,R#0006,R#0007,R#0008,R#0009,R#0010,R#0011,R#0012,R#0013,R#0014,R#0015,R#0016,R#0017,R#0018,R#0019,R#0020,R#0021,R#0022,R#0023,R#0024,R#0025,R#0026,R#0027,R#0028,R#0029,R#0030,R#0031,R#0032,R#0033,R#0034
2016-04-27 16:35:45.637, data, MessageQueue,0,0,0,0,0,0,0,0,0,0,0,0,1,0,0,0,0,1,0,0,0,0,1,0,0,0,0,0,0,0,0,1,0,0,0
2016-04-27 16:35:45.654, field, AgentTransaction,R#0011,R#0033,R#0010,R#0032,R#0013,R#0012,R#0034,R#0015,R#0014,R#0017,R#0016,R#0019,R#0018,R#0031,R#0030,R#0000,R#0022,R#0021,R#0002,R#0024,R#0001,R#0023,R#0004,R#0026,R#0003,R#0025,R#0006,R#0028,R#0005,R#0027,R#0008,R#0007,R#0029,R#0009,R#0020,Total
2016-04-27 16:35:45.654, data, AgentTransaction,3005165,166000,3255712,175100,793100,863371,497682,677790,670884,686603,678309,409080,670600,169600,173500,1700,338611,353600,887400,590900,64800,341300,4943781,557800,3573222,578355,2743294,193000,4729411,202200,28000,588600,178800,300,354700,34142270
2016-04-27 16:35:45.655, field, MessageLatency,R#0011,R#0033,R#0010,R#0032,R#0013,R#0012,R#0034,R#0015,R#0014,R#0017,R#0016,R#0019,R#0018,R#0031,R#0030,R#0000,R#0022,R#0021,R#0002,R#0024,R#0001,R#0023,R#0004,R#0026,R#0003,R#0025,R#0006,R#0028,R#0005,R#0027,R#0008,R#0007,R#0029,R#0009,R#0020
2016-04-27 16:35:45.655, data, MessageLatency,5,1,2,2,7,1,3,6,1,5,1,3,1,6,2,1892,2,1,3,2,49,2,2,1,3,1,1,1,2,1,110,8,2,9736,6
2016-04-27 16:35:46.637, field, MessageQueue,R#0000,R#0001,R#0002,R#0003,R#0004,R#0005,R#0006,R#0007,R#0008,R#0009,R#0010,R#0011,R#0012,R#0013,R#0014,R#0015,R#0016,R#0017,R#0018,R#0019,R#0020,R#0021,R#0022,R#0023,R#0024,R#0025,R#0026,R#0027,R#0028,R#0029,R#0030,R#0031,R#0032,R#0033,R#0034
2016-04-27 16:35:46.637, data, MessageQueue,0,0,0,0,0,0,0,0,0,0,0,0,0,0,0,0,0,0,0,0,0,0,0,0,0,0,0,0,0,0,0,0,0,0,0
2016-04-27 16:35:46.648, field, AgentTransaction,R#0011,R#0033,R#0010,R#0032,R#0013,R#0012,R#0034,R#0015,R#0014,R#0017,R#0016,R#0019,R#0018,R#0031,R#0030,R#0000,R#0022,R#0021,R#0002,R#0024,R#0001,R#0023,R#0004,R#0026,R#0003,R#0025,R#0006,R#0028,R#0005,R#0027,R#0008,R#0007,R#0029,R#0009,R#0020,Total
2016-04-27 16:35:46.648, data, AgentTransaction,3031265,173400,3278912,182200,816000,887071,521582,701390,695384,710203,701509,421980,694800,177200,180900,1700,352411,366300,900900,613200,65800,354200,4966781,580300,3586922,601255,2751694,200200,4753911,209000,28400,597600,188000,300,370800,34663470
2016-04-27 16:35:46.648, field, MessageLatency,R#0011,R#0033,R#0010,R#0032,R#0013,R#0012,R#0034,R#0015,R#0014,R#0017,R#0016,R#0019,R#0018,R#0031,R#0030,R#0000,R#0022,R#0021,R#0002,R#0024,R#0001,R#0023,R#0004,R#0026,R#0003,R#0025,R#0006,R#0028,R#0005,R#0027,R#0008,R#0007,R#0029,R#0009,R#0020
2016-04-27 16:35:46.648, data, MessageLatency,3,1,1,2,1,1,1,2,1,1,1,7,2,1,2,1892,1,2,3,1,47,1,1,1,1,6,1,7,1,1,106,5,1,9736,1
2016-04-27 16:35:47.637, field, MessageQueue,R#0000,R#0001,R#0002,R#0003,R#0004,R#0005,R#0006,R#0007,R#0008,R#0009,R#0010,R#0011,R#0012,R#0013,R#0014,R#0015,R#0016,R#0017,R#0018,R#0019,R#0020,R#0021,R#0022,R#0023,R#0024,R#0025,R#0026,R#0027,R#0028,R#0029,R#0030,R#0031,R#0032,R#0033,R#0034
2016-04-27 16:35:47.637, data, MessageQueue,0,0,0,0,0,0,0,0,0,0,0,0,0,0,0,0,0,0,0,0,0,0,0,0,0,0,0,0,0,0,0,0,0,0,0
2016-04-27 16:35:47.654, field, AgentTransaction,R#0011,R#0033,R#0010,R#0032,R#0013,R#0012,R#0034,R#0015,R#0014,R#0017,R#0016,R#0019,R#0018,R#0031,R#0030,R#0000,R#0022,R#0021,R#0002,R#0024,R#0001,R#0023,R#0004,R#0026,R#0003,R#0025,R#0006,R#0028,R#0005,R#0027,R#0008,R#0007,R#0029,R#0009,R#0020,Total
2016-04-27 16:35:47.654, data, AgentTransaction,3055265,180500,3301512,189500,835000,910171,543482,722990,720184,734803,725509,434980,717600,183800,187900,1700,364311,379300,913900,636329,66800,367600,4990681,603600,3601322,622655,2759594,206600,4776211,217400,28800,606300,196400,300,384400,35167399
2016-04-27 16:35:47.654, field, MessageLatency,R#0011,R#0033,R#0010,R#0032,R#0013,R#0012,R#0034,R#0015,R#0014,R#0017,R#0016,R#0019,R#0018,R#0031,R#0030,R#0000,R#0022,R#0021,R#0002,R#0024,R#0001,R#0023,R#0004,R#0026,R#0003,R#0025,R#0006,R#0028,R#0005,R#0027,R#0008,R#0007,R#0029,R#0009,R#0020
2016-04-27 16:35:47.654, data, MessageLatency,1,1,3,1,1,0,1,2,6,1,1,1,2,1,1,1892,2,1,4,1,53,1,3,3,6,1,5,1,2,2,114,11,4,9736,1
2016-04-27 16:35:48.637, field, MessageQueue,R#0000,R#0001,R#0002,R#0003,R#0004,R#0005,R#0006,R#0007,R#0008,R#0009,R#0010,R#0011,R#0012,R#0013,R#0014,R#0015,R#0016,R#0017,R#0018,R#0019,R#0020,R#0021,R#0022,R#0023,R#0024,R#0025,R#0026,R#0027,R#0028,R#0029,R#0030,R#0031,R#0032,R#0033,R#0034
2016-04-27 16:35:48.637, data, MessageQueue,0,0,0,0,0,0,0,0,0,0,0,0,0,0,0,1,1,0,0,0,0,0,0,0,0,1,0,0,0,0,0,0,0,0,0
2016-04-27 16:35:48.656, field, AgentTransaction,R#0011,R#0033,R#0010,R#0032,R#0013,R#0012,R#0034,R#0015,R#0014,R#0017,R#0016,R#0019,R#0018,R#0031,R#0030,R#0000,R#0022,R#0021,R#0002,R#0024,R#0001,R#0023,R#0004,R#0026,R#0003,R#0025,R#0006,R#0028,R#0005,R#0027,R#0008,R#0007,R#0029,R#0009,R#0020,Total
2016-04-27 16:35:48.656, data, AgentTransaction,3079965,188500,3325412,197100,857900,930271,565682,746690,746284,759003,746109,447280,741000,191600,194900,1700,377511,393100,927200,660629,67700,379300,5013981,625600,3616322,644455,2767794,214200,4799611,224500,29200,615100,202800,300,398700,35677399
2016-04-27 16:35:48.656, field, MessageLatency,R#0011,R#0033,R#0010,R#0032,R#0013,R#0012,R#0034,R#0015,R#0014,R#0017,R#0016,R#0019,R#0018,R#0031,R#0030,R#0000,R#0022,R#0021,R#0002,R#0024,R#0001,R#0023,R#0004,R#0026,R#0003,R#0025,R#0006,R#0028,R#0005,R#0027,R#0008,R#0007,R#0029,R#0009,R#0020
2016-04-27 16:35:48.656, data, MessageLatency,1,1,2,1,3,1,6,1,1,3,1,1,1,1,2,1892,1,0,7,2,48,1,3,1,1,1,5,1,1,1,119,6,1,9736,5
2016-04-27 16:35:49.637, field, MessageQueue,R#0000,R#0001,R#0002,R#0003,R#0004,R#0005,R#0006,R#0007,R#0008,R#0009,R#0010,R#0011,R#0012,R#0013,R#0014,R#0015,R#0016,R#0017,R#0018,R#0019,R#0020,R#0021,R#0022,R#0023,R#0024,R#0025,R#0026,R#0027,R#0028,R#0029,R#0030,R#0031,R#0032,R#0033,R#0034
2016-04-27 16:35:49.637, data, MessageQueue,0,0,0,0,0,3,0,0,0,0,0,0,0,0,1,0,0,0,1,0,0,0,0,0,0,0,0,0,0,0,0,0,0,0,0
2016-04-27 16:35:49.654, field, AgentTransaction,R#0011,R#0033,R#0010,R#0032,R#0013,R#0012,R#0034,R#0015,R#0014,R#0017,R#0016,R#0019,R#0018,R#0031,R#0030,R#0000,R#0022,R#0021,R#0002,R#0024,R#0001,R#0023,R#0004,R#0026,R#0003,R#0025,R#0006,R#0028,R#0005,R#0027,R#0008,R#0007,R#0029,R#0009,R#0020,Total
2016-04-27 16:35:49.654, data, AgentTransaction,3103955,196700,3350412,205400,882000,955271,589982,769890,772384,784503,770309,461280,764600,198200,202000,1800,390311,407100,940900,684429,68700,394900,5034281,649000,3630322,664355,2774994,222700,4823911,232800,29600,624100,210200,300,410700,36202289
2016-04-27 16:35:49.654, field, MessageLatency,R#0011,R#0033,R#0010,R#0032,R#0013,R#0012,R#0034,R#0015,R#0014,R#0017,R#0016,R#0019,R#0018,R#0031,R#0030,R#0000,R#0022,R#0021,R#0002,R#0024,R#0001,R#0023,R#0004,R#0026,R#0003,R#0025,R#0006,R#0028,R#0005,R#0027,R#0008,R#0007,R#0029,R#0009,R#0020
2016-04-27 16:35:49.654, data, MessageLatency,2,5,1,1,1,1,1,1,1,0,1,1,6,1,1,1908,4,0,6,3,52,1,2,2,2,1,3,2,6,3,118,8,2,9736,1
2016-04-27 16:35:50.637, field, MessageQueue,R#0000,R#0001,R#0002,R#0003,R#0004,R#0005,R#0006,R#0007,R#0008,R#0009,R#0010,R#0011,R#0012,R#0013,R#0014,R#0015,R#0016,R#0017,R#0018,R#0019,R#0020,R#0021,R#0022,R#0023,R#0024,R#0025,R#0026,R#0027,R#0028,R#0029,R#0030,R#0031,R#0032,R#0033,R#0034
2016-04-27 16:35:50.637, data, MessageQueue,0,0,0,0,0,0,0,0,0,0,1,0,0,0,0,0,0,0,0,0,0,0,0,0,1,0,0,0,0,0,0,0,0,0,0
2016-04-27 16:35:50.649, field, AgentTransaction,R#0011,R#0033,R#0010,R#0032,R#0013,R#0012,R#0034,R#0015,R#0014,R#0017,R#0016,R#0019,R#0018,R#0031,R#0030,R#0000,R#0022,R#0021,R#0002,R#0024,R#0001,R#0023,R#0004,R#0026,R#0003,R#0025,R#0006,R#0028,R#0005,R#0027,R#0008,R#0007,R#0029,R#0009,R#0020,Total
2016-04-27 16:35:50.649, data, AgentTransaction,3129755,203900,3372112,212900,901600,979571,614882,793390,793984,808503,794757,473380,787100,205200,210200,1800,403511,421800,954100,707729,69700,407700,5054781,672700,3644222,686355,2782594,230300,4848011,238900,30100,632900,218600,300,424100,36711437
2016-04-27 16:35:50.649, field, MessageLatency,R#0011,R#0033,R#0010,R#0032,R#0013,R#0012,R#0034,R#0015,R#0014,R#0017,R#0016,R#0019,R#0018,R#0031,R#0030,R#0000,R#0022,R#0021,R#0002,R#0024,R#0001,R#0023,R#0004,R#0026,R#0003,R#0025,R#0006,R#0028,R#0005,R#0027,R#0008,R#0007,R#0029,R#0009,R#0020
2016-04-27 16:35:50.649, data, MessageLatency,1,1,1,2,1,1,2,2,0,1,1,1,1,1,1,1908,1,1,6,3,52,1,1,0,1,1,1,2,2,1,119,8,1,9736,1
2016-04-27 16:35:51.637, field, MessageQueue,R#0000,R#0001,R#0002,R#0003,R#0004,R#0005,R#0006,R#0007,R#0008,R#0009,R#0010,R#0011,R#0012,R#0013,R#0014,R#0015,R#0016,R#0017,R#0018,R#0019,R#0020,R#0021,R#0022,R#0023,R#0024,R#0025,R#0026,R#0027,R#0028,R#0029,R#0030,R#0031,R#0032,R#0033,R#0034
2016-04-27 16:35:51.637, data, MessageQueue,0,0,0,0,0,0,0,0,0,0,1,2,0,2,0,0,1,2,0,0,0,0,0,0,0,2,0,0,0,0,0,0,0,0,0
2016-04-27 16:35:51.653, field, AgentTransaction,R#0011,R#0033,R#0010,R#0032,R#0013,R#0012,R#0034,R#0015,R#0014,R#0017,R#0016,R#0019,R#0018,R#0031,R#0030,R#0000,R#0022,R#0021,R#0002,R#0024,R#0001,R#0023,R#0004,R#0026,R#0003,R#0025,R#0006,R#0028,R#0005,R#0027,R#0008,R#0007,R#0029,R#0009,R#0020,Total
2016-04-27 16:35:51.653, data, AgentTransaction,3151855,211800,3396612,218700,925000,1004271,635082,818290,818584,829903,821157,485880,811500,212200,216600,1800,417611,436000,967500,727829,70700,421900,5078281,696500,3655822,708755,2791894,238000,4872011,247000,30500,641700,226800,300,438500,37226837
2016-04-27 16:35:51.653, field, MessageLatency,R#0011,R#0033,R#0010,R#0032,R#0013,R#0012,R#0034,R#0015,R#0014,R#0017,R#0016,R#0019,R#0018,R#0031,R#0030,R#0000,R#0022,R#0021,R#0002,R#0024,R#0001,R#0023,R#0004,R#0026,R#0003,R#0025,R#0006,R#0028,R#0005,R#0027,R#0008,R#0007,R#0029,R#0009,R#0020
2016-04-27 16:35:51.653, data, MessageLatency,0,2,4,3,1,1,1,1,2,1,5,0,1,2,3,1908,2,4,5,3,56,1,1,0,2,10,3,5,1,0,125,9,1,9736,3
2016-04-27 16:35:52.637, field, MessageQueue,R#0000,R#0001,R#0002,R#0003,R#0004,R#0005,R#0006,R#0007,R#0008,R#0009,R#0010,R#0011,R#0012,R#0013,R#0014,R#0015,R#0016,R#0017,R#0018,R#0019,R#0020,R#0021,R#0022,R#0023,R#0024,R#0025,R#0026,R#0027,R#0028,R#0029,R#0030,R#0031,R#0032,R#0033,R#0034
2016-04-27 16:35:52.637, data, MessageQueue,0,0,0,0,0,0,0,0,0,0,1,0,0,0,0,0,0,0,0,0,0,0,0,0,0,0,0,0,0,0,0,0,0,0,0
2016-04-27 16:35:52.650, field, AgentTransaction,R#0011,R#0033,R#0010,R#0032,R#0013,R#0012,R#0034,R#0015,R#0014,R#0017,R#0016,R#0019,R#0018,R#0031,R#0030,R#0000,R#0022,R#0021,R#0002,R#0024,R#0001,R#0023,R#0004,R#0026,R#0003,R#0025,R#0006,R#0028,R#0005,R#0027,R#0008,R#0007,R#0029,R#0009,R#0020,Total
2016-04-27 16:35:52.650, data, AgentTransaction,3175455,219600,3421712,225300,946000,1026071,655782,840190,842384,853903,844957,499980,833500,219800,222600,1800,429811,449900,980500,749456,71600,433800,5100181,718700,3669922,731555,2799894,245500,4896011,254500,30900,650400,234500,300,451100,37727564
2016-04-27 16:35:52.650, field, MessageLatency,R#0011,R#0033,R#0010,R#0032,R#0013,R#0012,R#0034,R#0015,R#0014,R#0017,R#0016,R#0019,R#0018,R#0031,R#0030,R#0000,R#0022,R#0021,R#0002,R#0024,R#0001,R#0023,R#0004,R#0026,R#0003,R#0025,R#0006,R#0028,R#0005,R#0027,R#0008,R#0007,R#0029,R#0009,R#0020
2016-04-27 16:35:52.650, data, MessageLatency,2,2,1,1,1,1,0,1,1,1,3,1,1,1,2,1908,2,0,5,1,55,1,1,1,2,2,1,3,1,1,127,6,2,9736,1
2016-04-27 16:35:53.637, field, MessageQueue,R#0000,R#0001,R#0002,R#0003,R#0004,R#0005,R#0006,R#0007,R#0008,R#0009,R#0010,R#0011,R#0012,R#0013,R#0014,R#0015,R#0016,R#0017,R#0018,R#0019,R#0020,R#0021,R#0022,R#0023,R#0024,R#0025,R#0026,R#0027,R#0028,R#0029,R#0030,R#0031,R#0032,R#0033,R#0034
2016-04-27 16:35:53.637, data, MessageQueue,0,0,0,0,0,0,0,0,0,0,0,0,0,0,0,0,0,0,2,0,0,0,0,0,1,2,0,0,0,0,0,0,0,0,0
2016-04-27 16:35:53.650, field, AgentTransaction,R#0011,R#0033,R#0010,R#0032,R#0013,R#0012,R#0034,R#0015,R#0014,R#0017,R#0016,R#0019,R#0018,R#0031,R#0030,R#0000,R#0022,R#0021,R#0002,R#0024,R#0001,R#0023,R#0004,R#0026,R#0003,R#0025,R#0006,R#0028,R#0005,R#0027,R#0008,R#0007,R#0029,R#0009,R#0020,Total
2016-04-27 16:35:53.650, data, AgentTransaction,3200355,228000,3442012,233000,969100,1048671,677982,861790,864884,877703,869857,513980,860100,228300,229700,1900,442911,463000,993800,773256,72600,448300,5122281,742800,3683922,754355,2807994,252200,4918511,260800,31300,659200,241800,300,463000,38239664
2016-04-27 16:35:53.650, field, MessageLatency,R#0011,R#0033,R#0010,R#0032,R#0013,R#0012,R#0034,R#0015,R#0014,R#0017,R#0016,R#0019,R#0018,R#0031,R#0030,R#0000,R#0022,R#0021,R#0002,R#0024,R#0001,R#0023,R#0004,R#0026,R#0003,R#0025,R#0006,R#0028,R#0005,R#0027,R#0008,R#0007,R#0029,R#0009,R#0020
2016-04-27 16:35:53.650, data, MessageLatency,3,1,1,1,2,2,2,2,6,1,3,4,1,1,2,1929,1,2,2,2,50,1,2,1,0,2,1,3,1,2,113,9,1,9736,1
2016-04-27 16:35:54.638, field, MessageQueue,R#0000,R#0001,R#0002,R#0003,R#0004,R#0005,R#0006,R#0007,R#0008,R#0009,R#0010,R#0011,R#0012,R#0013,R#0014,R#0015,R#0016,R#0017,R#0018,R#0019,R#0020,R#0021,R#0022,R#0023,R#0024,R#0025,R#0026,R#0027,R#0028,R#0029,R#0030,R#0031,R#0032,R#0033,R#0034
2016-04-27 16:35:54.638, data, MessageQueue,0,0,0,0,0,0,0,0,0,0,0,0,0,0,0,0,0,0,0,0,0,0,0,0,0,0,0,0,0,0,0,0,0,0,0
2016-04-27 16:35:54.645, field, AgentTransaction,R#0011,R#0033,R#0010,R#0032,R#0013,R#0012,R#0034,R#0015,R#0014,R#0017,R#0016,R#0019,R#0018,R#0031,R#0030,R#0000,R#0022,R#0021,R#0002,R#0024,R#0001,R#0023,R#0004,R#0026,R#0003,R#0025,R#0006,R#0028,R#0005,R#0027,R#0008,R#0007,R#0029,R#0009,R#0020,Total
2016-04-27 16:35:54.645, data, AgentTransaction,3223455,235300,3463712,240000,991600,1066171,699782,883590,886984,900803,892457,526580,884500,236100,236500,1900,456111,475900,1006500,794256,73500,460900,5146481,766100,3696822,775293,2816594,258500,4940411,267300,31700,667600,248700,300,475600,38728002
2016-04-27 16:35:54.646, field, MessageLatency,R#0011,R#0033,R#0010,R#0032,R#0013,R#0012,R#0034,R#0015,R#0014,R#0017,R#0016,R#0019,R#0018,R#0031,R#0030,R#0000,R#0022,R#0021,R#0002,R#0024,R#0001,R#0023,R#0004,R#0026,R#0003,R#0025,R#0006,R#0028,R#0005,R#0027,R#0008,R#0007,R#0029,R#0009,R#0020
2016-04-27 16:35:54.646, data, MessageLatency,0,2,2,1,1,1,1,1,1,2,1,1,1,1,1,1929,1,1,3,1,51,2,1,1,5,1,1,1,1,1,120,7,1,9736,1
2016-04-27 16:35:54.654, field, AgentLifeTime,R#0011,R#0033,R#0010,R#0032,R#0013,R#0012,R#0034,R#0015,R#0014,R#0017,R#0016,R#0019,R#0018,R#0031,R#0030,R#0000,R#0022,R#0021,R#0002,R#0024,R#0001,R#0023,R#0004,R#0026,R#0003,R#0025,R#0006,R#0028,R#0005,R#0027,R#0008,R#0007,R#0029,R#0009,R#0020
2016-04-27 16:35:54.654, data, AgentLifeTime,99995,99996,99999,99956,100000,99981,99996,100000,100001,99999,100000,99997,99999,99974,99991,98518,100001,100000,99996,100000,99923,99994,100000,100001,99990,100001,99990,99999,99996,99985,99859,99993,100001,82921,99998
