2016-04-25 22:32:32.995, field, MessageQueue,R#0000,R#0001,R#0002,R#0003,R#0004,R#0005,R#0006,R#0007,R#0008,R#0009
2016-04-25 22:32:32.995, data, MessageQueue,0,0,0,0,0,0,0,0,0,0
2016-04-25 22:32:33.009, field, AgentTransaction,R#0000,R#0002,R#0001,R#0004,R#0003,R#0006,R#0005,R#0008,R#0007,R#0009,Total
2016-04-25 22:32:33.010, data, AgentTransaction,0,0,0,0,0,0,0,0,0,0,0
2016-04-25 22:32:33.010, field, MessageLatency
2016-04-25 22:32:33.010, data, MessageLatency
2016-04-25 22:32:33.982, field, MessageQueue,R#0000,R#0001,R#0002,R#0003,R#0004,R#0005,R#0006,R#0007,R#0008,R#0009
2016-04-25 22:32:33.982, data, MessageQueue,0,0,0,0,0,0,0,0,0,0
2016-04-25 22:32:34.006, field, AgentTransaction,R#0000,R#0002,R#0001,R#0004,R#0003,R#0006,R#0005,R#0008,R#0007,R#0009,Total
2016-04-25 22:32:34.008, data, AgentTransaction,0,0,0,0,0,0,0,0,0,0,0
2016-04-25 22:32:34.010, field, MessageLatency,R#0004
2016-04-25 22:32:34.011, data, MessageLatency,0
2016-04-25 22:32:34.981, field, MessageQueue,R#0000,R#0001,R#0002,R#0003,R#0004,R#0005,R#0006,R#0007,R#0008,R#0009
2016-04-25 22:32:34.981, data, MessageQueue,0,0,1,1,1,2,1,0,0,0
2016-04-25 22:32:35.017, field, AgentTransaction,R#0000,R#0002,R#0001,R#0004,R#0003,R#0006,R#0005,R#0008,R#0007,R#0009,Total
2016-04-25 22:32:35.018, data, AgentTransaction,0,300,0,3711,2200,1300,4000,0,300,0,11811
2016-04-25 22:32:35.019, field, MessageLatency,R#0002,R#0004,R#0003,R#0006,R#0005,R#0007
2016-04-25 22:32:35.019, data, MessageLatency,13,22,19,15,24,12
2016-04-25 22:32:35.981, field, MessageQueue,R#0000,R#0001,R#0002,R#0003,R#0004,R#0005,R#0006,R#0007,R#0008,R#0009
2016-04-25 22:32:35.982, data, MessageQueue,0,0,0,1,3,2,0,0,0,0
2016-04-25 22:32:36.003, field, AgentTransaction,R#0000,R#0002,R#0001,R#0004,R#0003,R#0006,R#0005,R#0008,R#0007,R#0009,Total
2016-04-25 22:32:36.003, data, AgentTransaction,0,800,0,11011,4700,3735,9900,0,500,0,30646
2016-04-25 22:32:36.005, field, MessageLatency,R#0002,R#0004,R#0003,R#0006,R#0005,R#0007
2016-04-25 22:32:36.005, data, MessageLatency,826,18,14,11,20,7
2016-04-25 22:32:36.981, field, MessageQueue,R#0000,R#0001,R#0002,R#0003,R#0004,R#0005,R#0006,R#0007,R#0008,R#0009
2016-04-25 22:32:36.981, data, MessageQueue,0,0,0,0,2,2,0,0,0,0
2016-04-25 22:32:36.999, field, AgentTransaction,R#0000,R#0002,R#0001,R#0004,R#0003,R#0006,R#0005,R#0008,R#0007,R#0009,Total
2016-04-25 22:32:36.999, data, AgentTransaction,0,1600,100,21436,9800,7335,19800,0,1100,0,61171
2016-04-25 22:32:37.000, field, MessageLatency,R#0002,R#0001,R#0004,R#0003,R#0006,R#0005,R#0007
2016-04-25 22:32:37.000, data, MessageLatency,456,795,88,11,5,13,348
2016-04-25 22:32:37.981, field, MessageQueue,R#0000,R#0001,R#0002,R#0003,R#0004,R#0005,R#0006,R#0007,R#0008,R#0009
2016-04-25 22:32:37.981, data, MessageQueue,0,0,0,1,5,5,0,0,0,0
2016-04-25 22:32:38.115, field, AgentTransaction,R#0000,R#0002,R#0001,R#0004,R#0003,R#0006,R#0005,R#0008,R#0007,R#0009,Total
2016-04-25 22:32:38.115, data, AgentTransaction,0,3800,200,43836,16600,17620,34500,100,2400,0,119056
2016-04-25 22:32:38.115, field, MessageLatency,R#0002,R#0001,R#0004,R#0003,R#0006,R#0005,R#0008,R#0007
2016-04-25 22:32:38.115, data, MessageLatency,7,1002,105,81,48,101,1774,4
2016-04-25 22:32:38.981, field, MessageQueue,R#0000,R#0001,R#0002,R#0003,R#0004,R#0005,R#0006,R#0007,R#0008,R#0009
2016-04-25 22:32:38.981, data, MessageQueue,0,0,0,1,2,2,0,0,0,0
2016-04-25 22:32:39.016, field, AgentTransaction,R#0000,R#0002,R#0001,R#0004,R#0003,R#0006,R#0005,R#0008,R#0007,R#0009,Total
2016-04-25 22:32:39.016, data, AgentTransaction,0,4100,300,53736,24600,18620,49994,100,2700,0,154150
2016-04-25 22:32:39.016, field, MessageLatency,R#0002,R#0001,R#0004,R#0003,R#0006,R#0005,R#0008,R#0007
2016-04-25 22:32:39.016, data, MessageLatency,13,842,28,19,16,25,1774,16
2016-04-25 22:32:39.980, field, MessageQueue,R#0000,R#0001,R#0002,R#0003,R#0004,R#0005,R#0006,R#0007,R#0008,R#0009
2016-04-25 22:32:39.981, data, MessageQueue,0,1,0,1,2,1,0,0,0,0
2016-04-25 22:32:40.004, field, AgentTransaction,R#0000,R#0002,R#0001,R#0004,R#0003,R#0006,R#0005,R#0008,R#0007,R#0009,Total
2016-04-25 22:32:40.004, data, AgentTransaction,0,5500,400,74636,33200,24820,68594,100,3600,0,210850
2016-04-25 22:32:40.005, field, MessageLatency,R#0002,R#0001,R#0004,R#0003,R#0006,R#0005,R#0008,R#0007
2016-04-25 22:32:40.005, data, MessageLatency,8,942,17,7,11,14,1774,230
2016-04-25 22:32:40.980, field, MessageQueue,R#0000,R#0001,R#0002,R#0003,R#0004,R#0005,R#0006,R#0007,R#0008,R#0009
2016-04-25 22:32:40.980, data, MessageQueue,0,0,0,0,0,0,0,0,0,0
2016-04-25 22:32:41.005, field, AgentTransaction,R#0000,R#0002,R#0001,R#0004,R#0003,R#0006,R#0005,R#0008,R#0007,R#0009,Total
2016-04-25 22:32:41.005, data, AgentTransaction,0,7400,500,99836,44687,33120,91794,200,4900,0,282437
2016-04-25 22:32:41.005, field, MessageLatency,R#0002,R#0001,R#0004,R#0003,R#0006,R#0005,R#0008,R#0007
2016-04-25 22:32:41.006, data, MessageLatency,4,33,15,8,3,14,1057,282
2016-04-25 22:32:41.980, field, MessageQueue,R#0000,R#0001,R#0002,R#0003,R#0004,R#0005,R#0006,R#0007,R#0008,R#0009
2016-04-25 22:32:41.981, data, MessageQueue,0,0,0,0,3,2,0,0,0,0
2016-04-25 22:32:42.001, field, AgentTransaction,R#0000,R#0002,R#0001,R#0004,R#0003,R#0006,R#0005,R#0008,R#0007,R#0009,Total
2016-04-25 22:32:42.001, data, AgentTransaction,0,9500,700,127536,56887,42508,117594,300,6300,0,361325
2016-04-25 22:32:42.002, field, MessageLatency,R#0002,R#0001,R#0004,R#0003,R#0006,R#0005,R#0008,R#0007
2016-04-25 22:32:42.002, data, MessageLatency,4,763,18,13,10,13,311,86
2016-04-25 22:32:42.980, field, MessageQueue,R#0000,R#0001,R#0002,R#0003,R#0004,R#0005,R#0006,R#0007,R#0008,R#0009
2016-04-25 22:32:42.981, data, MessageQueue,0,0,0,1,0,1,1,0,0,0
2016-04-25 22:32:43.013, field, AgentTransaction,R#0000,R#0002,R#0001,R#0004,R#0003,R#0006,R#0005,R#0008,R#0007,R#0009,Total
2016-04-25 22:32:43.013, data, AgentTransaction,0,11600,800,159596,71687,52908,147294,300,7900,0,452085
2016-04-25 22:32:43.013, field, MessageLatency,R#0002,R#0001,R#0004,R#0003,R#0006,R#0005,R#0008,R#0007
2016-04-25 22:32:43.013, data, MessageLatency,4,31,23,16,17,22,311,6
2016-04-25 22:32:43.981, field, MessageQueue,R#0000,R#0001,R#0002,R#0003,R#0004,R#0005,R#0006,R#0007,R#0008,R#0009
2016-04-25 22:32:43.982, data, MessageQueue,0,0,0,3,6,6,2,0,0,0
2016-04-25 22:32:44.027, field, AgentTransaction,R#0000,R#0002,R#0001,R#0004,R#0003,R#0006,R#0005,R#0008,R#0007,R#0009,Total
2016-04-25 22:32:44.027, data, AgentTransaction,0,14600,1000,195679,88287,65908,179794,400,9900,0,555568
2016-04-25 22:32:44.027, field, MessageLatency,R#0002,R#0001,R#0004,R#0003,R#0006,R#0005,R#0008,R#0007
2016-04-25 22:32:44.028, data, MessageLatency,5,430,40,22,2,19,772,6
2016-04-25 22:32:44.981, field, MessageQueue,R#0000,R#0001,R#0002,R#0003,R#0004,R#0005,R#0006,R#0007,R#0008,R#0009
2016-04-25 22:32:44.982, data, MessageQueue,0,0,0,3,8,8,2,0,0,0
2016-04-25 22:32:45.100, field, AgentTransaction,R#0000,R#0002,R#0001,R#0004,R#0003,R#0006,R#0005,R#0008,R#0007,R#0009,Total
2016-04-25 22:32:45.100, data, AgentTransaction,0,18700,1400,235739,111287,80908,220494,500,13400,0,682428
2016-04-25 22:32:45.101, field, MessageLatency,R#0002,R#0001,R#0004,R#0003,R#0006,R#0005,R#0008,R#0007
2016-04-25 22:32:45.101, data, MessageLatency,2,22,99,76,40,104,437,11
2016-04-25 22:32:45.980, field, MessageQueue,R#0000,R#0001,R#0002,R#0003,R#0004,R#0005,R#0006,R#0007,R#0008,R#0009
2016-04-25 22:32:45.980, data, MessageQueue,0,0,0,2,5,5,1,0,0,0
2016-04-25 22:32:45.999, field, AgentTransaction,R#0000,R#0002,R#0001,R#0004,R#0003,R#0006,R#0005,R#0008,R#0007,R#0009,Total
2016-04-25 22:32:45.999, data, AgentTransaction,0,20200,1400,276063,122887,91808,254094,600,13400,0,780452
2016-04-25 22:32:46.000, field, MessageLatency,R#0002,R#0001,R#0004,R#0003,R#0006,R#0005,R#0008,R#0007
2016-04-25 22:32:46.000, data, MessageLatency,2,738,16,16,15,15,437,11
2016-04-25 22:32:46.980, field, MessageQueue,R#0000,R#0001,R#0002,R#0003,R#0004,R#0005,R#0006,R#0007,R#0008,R#0009
2016-04-25 22:32:46.981, data, MessageQueue,0,0,1,0,3,3,1,1,0,0
2016-04-25 22:32:47.000, field, AgentTransaction,R#0000,R#0002,R#0001,R#0004,R#0003,R#0006,R#0005,R#0008,R#0007,R#0009,Total
2016-04-25 22:32:47.001, data, AgentTransaction,0,23700,1700,322263,143309,107208,296594,700,15700,0,911174
2016-04-25 22:32:47.001, field, MessageLatency,R#0002,R#0001,R#0004,R#0003,R#0006,R#0005,R#0008,R#0007
2016-04-25 22:32:47.001, data, MessageLatency,7,27,18,10,3,16,372,9
2016-04-25 22:32:47.981, field, MessageQueue,R#0000,R#0001,R#0002,R#0003,R#0004,R#0005,R#0006,R#0007,R#0008,R#0009
2016-04-25 22:32:47.981, data, MessageQueue,0,0,1,0,2,2,1,0,0,0
2016-04-25 22:32:48.028, field, AgentTransaction,R#0000,R#0002,R#0001,R#0004,R#0003,R#0006,R#0005,R#0008,R#0007,R#0009,Total
2016-04-25 22:32:48.028, data, AgentTransaction,0,27400,2000,372563,166509,123608,342787,800,18300,0,1053967
2016-04-25 22:32:48.028, field, MessageLatency,R#0002,R#0001,R#0004,R#0003,R#0006,R#0005,R#0008,R#0007
2016-04-25 22:32:48.028, data, MessageLatency,18,843,40,27,34,40,507,5
2016-04-25 22:32:48.981, field, MessageQueue,R#0000,R#0001,R#0002,R#0003,R#0004,R#0005,R#0006,R#0007,R#0008,R#0009
2016-04-25 22:32:48.981, data, MessageQueue,0,0,0,2,7,7,2,0,0,0
2016-04-25 22:32:49.008, field, AgentTransaction,R#0000,R#0002,R#0001,R#0004,R#0003,R#0006,R#0005,R#0008,R#0007,R#0009,Total
2016-04-25 22:32:49.008, data, AgentTransaction,0,31300,2300,424963,189358,141608,390887,1000,21000,0,1202416
2016-04-25 22:32:49.009, field, MessageLatency,R#0002,R#0001,R#0004,R#0003,R#0006,R#0005,R#0008,R#0007
2016-04-25 22:32:49.009, data, MessageLatency,734,691,25,22,21,51,756,5
2016-04-25 22:32:49.981, field, MessageQueue,R#0000,R#0001,R#0002,R#0003,R#0004,R#0005,R#0006,R#0007,R#0008,R#0009
2016-04-25 22:32:49.981, data, MessageQueue,0,0,0,4,9,8,2,0,0,0
2016-04-25 22:32:50.006, field, AgentTransaction,R#0000,R#0002,R#0001,R#0004,R#0003,R#0006,R#0005,R#0008,R#0007,R#0009,Total
2016-04-25 22:32:50.006, data, AgentTransaction,0,35900,2600,482263,213958,159508,442888,1100,23400,0,1361617
2016-04-25 22:32:50.007, field, MessageLatency,R#0002,R#0001,R#0004,R#0003,R#0006,R#0005,R#0008,R#0007
2016-04-25 22:32:50.008, data, MessageLatency,5,691,26,437,17,26,76,4
2016-04-25 22:32:50.980, field, MessageQueue,R#0000,R#0001,R#0002,R#0003,R#0004,R#0005,R#0006,R#0007,R#0008,R#0009
2016-04-25 22:32:50.981, data, MessageQueue,0,0,1,2,3,2,1,0,0,0
2016-04-25 22:32:50.993, field, AgentTransaction,R#0000,R#0002,R#0001,R#0004,R#0003,R#0006,R#0005,R#0008,R#0007,R#0009,Total
2016-04-25 22:32:50.993, data, AgentTransaction,0,39900,2900,541863,240558,179336,498688,1200,26400,0,1530845
2016-04-25 22:32:50.993, field, MessageLatency,R#0002,R#0001,R#0004,R#0003,R#0006,R#0005,R#0008,R#0007
2016-04-25 22:32:50.994, data, MessageLatency,7,20,9,211,95,11,217,643
2016-04-25 22:32:51.980, field, MessageQueue,R#0000,R#0001,R#0002,R#0003,R#0004,R#0005,R#0006,R#0007,R#0008,R#0009
2016-04-25 22:32:51.981, data, MessageQueue,0,0,0,1,2,3,0,0,0,0
2016-04-25 22:32:52.000, field, AgentTransaction,R#0000,R#0002,R#0001,R#0004,R#0003,R#0006,R#0005,R#0008,R#0007,R#0009,Total
2016-04-25 22:32:52.001, data, AgentTransaction,0,44600,3200,605524,269358,200736,556788,1400,29500,0,1711106
2016-04-25 22:32:52.001, field, MessageLatency,R#0002,R#0001,R#0004,R#0003,R#0006,R#0005,R#0008,R#0007
2016-04-25 22:32:52.001, data, MessageLatency,3,22,15,12,15,18,52,6
2016-04-25 22:32:52.981, field, MessageQueue,R#0000,R#0001,R#0002,R#0003,R#0004,R#0005,R#0006,R#0007,R#0008,R#0009
2016-04-25 22:32:52.981, data, MessageQueue,0,0,0,4,10,10,2,0,0,0
2016-04-25 22:32:53.068, field, AgentTransaction,R#0000,R#0002,R#0001,R#0004,R#0003,R#0006,R#0005,R#0008,R#0007,R#0009,Total
2016-04-25 22:32:53.068, data, AgentTransaction,0,49900,3600,672981,299258,222836,619488,1500,33000,0,1902563
2016-04-25 22:32:53.069, field, MessageLatency,R#0002,R#0001,R#0004,R#0003,R#0006,R#0005,R#0008,R#0007
2016-04-25 22:32:53.069, data, MessageLatency,3,22,88,15,88,17,83,77
2016-04-25 22:32:53.980, field, MessageQueue,R#0000,R#0001,R#0002,R#0003,R#0004,R#0005,R#0006,R#0007,R#0008,R#0009
2016-04-25 22:32:53.981, data, MessageQueue,0,0,1,1,2,2,0,0,0,0
2016-04-25 22:32:54.009, field, AgentTransaction,R#0000,R#0002,R#0001,R#0004,R#0003,R#0006,R#0005,R#0008,R#0007,R#0009,Total
2016-04-25 22:32:54.009, data, AgentTransaction,100,54900,4000,743881,331158,246936,685187,1700,36300,0,2104162
2016-04-25 22:32:54.010, field, MessageLatency,R#0000,R#0002,R#0001,R#0004,R#0003,R#0006,R#0005,R#0008,R#0007
2016-04-25 22:32:54.010, data, MessageLatency,6663,6,723,24,18,16,21,54,12
2016-04-25 22:32:54.980, field, MessageQueue,R#0000,R#0001,R#0002,R#0003,R#0004,R#0005,R#0006,R#0007,R#0008,R#0009
2016-04-25 22:32:54.981, data, MessageQueue,0,0,0,1,119,3,1,0,0,0
2016-04-25 22:32:55.010, field, AgentTransaction,R#0000,R#0002,R#0001,R#0004,R#0003,R#0006,R#0005,R#0008,R#0007,R#0009,Total
2016-04-25 22:32:55.010, data, AgentTransaction,100,60300,4400,806681,363558,272372,753387,1900,40000,0,2302698
2016-04-25 22:32:55.011, field, MessageLatency,R#0000,R#0002,R#0001,R#0004,R#0003,R#0006,R#0005,R#0008,R#0007
2016-04-25 22:32:55.011, data, MessageLatency,6663,5,740,854,22,1,22,818,6
2016-04-25 22:32:55.981, field, MessageQueue,R#0000,R#0001,R#0002,R#0003,R#0004,R#0005,R#0006,R#0007,R#0008,R#0009
2016-04-25 22:32:55.981, data, MessageQueue,0,0,0,1,135,6,0,0,0,0
2016-04-25 22:32:55.993, field, AgentTransaction,R#0000,R#0002,R#0001,R#0004,R#0003,R#0006,R#0005,R#0008,R#0007,R#0009,Total
2016-04-25 22:32:55.993, data, AgentTransaction,100,65800,4800,882081,397858,296672,824087,2000,43700,0,2517098
2016-04-25 22:32:55.994, field, MessageLatency,R#0000,R#0002,R#0001,R#0004,R#0003,R#0006,R#0005,R#0008,R#0007
2016-04-25 22:32:55.994, data, MessageLatency,6663,7,20,842,189,10,12,49,109
2016-04-25 22:32:56.981, field, MessageQueue,R#0000,R#0001,R#0002,R#0003,R#0004,R#0005,R#0006,R#0007,R#0008,R#0009
2016-04-25 22:32:56.981, data, MessageQueue,0,0,0,1,218,79,0,0,0,0
2016-04-25 22:32:56.994, field, AgentTransaction,R#0000,R#0002,R#0001,R#0004,R#0003,R#0006,R#0005,R#0008,R#0007,R#0009,Total
2016-04-25 22:32:56.994, data, AgentTransaction,100,71800,5200,955559,434558,323472,891087,2200,47500,0,2731476
2016-04-25 22:32:56.994, field, MessageLatency,R#0000,R#0002,R#0001,R#0004,R#0003,R#0006,R#0005,R#0008,R#0007
2016-04-25 22:32:56.994, data, MessageLatency,6663,148,20,773,2,37,736,102,620
2016-04-25 22:32:57.981, field, MessageQueue,R#0000,R#0001,R#0002,R#0003,R#0004,R#0005,R#0006,R#0007,R#0008,R#0009
2016-04-25 22:32:57.981, data, MessageQueue,0,0,0,1,386,150,0,0,0,0
2016-04-25 22:32:58.020, field, AgentTransaction,R#0000,R#0002,R#0001,R#0004,R#0003,R#0006,R#0005,R#0008,R#0007,R#0009,Total
2016-04-25 22:32:58.020, data, AgentTransaction,100,78600,5700,1025486,472158,353972,963587,2400,51700,0,2953703
2016-04-25 22:32:58.021, field, MessageLatency,R#0000,R#0002,R#0001,R#0004,R#0003,R#0006,R#0005,R#0008,R#0007
2016-04-25 22:32:58.021, data, MessageLatency,6663,2,20,890,30,8,838,46,2
2016-04-25 22:32:58.981, field, MessageQueue,R#0000,R#0001,R#0002,R#0003,R#0004,R#0005,R#0006,R#0007,R#0008,R#0009
2016-04-25 22:32:58.981, data, MessageQueue,0,0,0,1,525,198,1,0,0,0
2016-04-25 22:32:58.991, field, AgentTransaction,R#0000,R#0002,R#0001,R#0004,R#0003,R#0006,R#0005,R#0008,R#0007,R#0009,Total
2016-04-25 22:32:58.991, data, AgentTransaction,100,84400,6100,1098293,511558,380872,1038987,2600,56000,0,3178910
2016-04-25 22:32:58.992, field, MessageLatency,R#0000,R#0002,R#0001,R#0004,R#0003,R#0006,R#0005,R#0008,R#0007
2016-04-25 22:32:58.992, data, MessageLatency,6663,8,24,903,6,478,816,53,28
2016-04-25 22:32:59.980, field, MessageQueue,R#0000,R#0001,R#0002,R#0003,R#0004,R#0005,R#0006,R#0007,R#0008,R#0009,R#0010
2016-04-25 22:32:59.980, data, MessageQueue,0,0,0,0,703,144,0,0,0,0,5
2016-04-25 22:32:59.993, field, AgentTransaction,R#0000,R#0010,R#0002,R#0001,R#0004,R#0003,R#0006,R#0005,R#0008,R#0007,R#0009,Total
2016-04-25 22:32:59.993, data, AgentTransaction,100,29331,91200,6600,1171923,552158,411472,1128987,2800,60600,0,3455171
2016-04-25 22:32:59.993, field, MessageLatency,R#0000,R#0010,R#0002,R#0001,R#0004,R#0003,R#0006,R#0005,R#0008,R#0007
2016-04-25 22:32:59.994, data, MessageLatency,6663,12,199,90,949,11,185,666,53,79
2016-04-25 22:33:00.980, field, MessageQueue,R#0000,R#0001,R#0002,R#0003,R#0004,R#0005,R#0006,R#0007,R#0008,R#0009,R#0010
2016-04-25 22:33:00.980, data, MessageQueue,0,0,0,1,913,348,1,0,0,0,303
2016-04-25 22:33:01.027, field, AgentTransaction,R#0000,R#0010,R#0002,R#0001,R#0004,R#0003,R#0006,R#0005,R#0008,R#0007,R#0009,Total
2016-04-25 22:33:01.027, data, AgentTransaction,100,100182,99100,7200,1248178,597458,444945,1199370,3100,65700,0,3765333
2016-04-25 22:33:01.028, field, MessageLatency,R#0000,R#0010,R#0002,R#0001,R#0004,R#0003,R#0006,R#0005,R#0008,R#0007
2016-04-25 22:33:01.028, data, MessageLatency,6663,650,2,255,1022,18,21,744,532,3
2016-04-25 22:33:01.980, field, MessageQueue,R#0000,R#0001,R#0002,R#0003,R#0004,R#0005,R#0006,R#0007,R#0008,R#0009,R#0010
2016-04-25 22:33:01.980, data, MessageQueue,0,0,0,2,905,289,1,0,0,0,566
2016-04-25 22:33:02.018, field, AgentTransaction,R#0000,R#0010,R#0002,R#0001,R#0004,R#0003,R#0006,R#0005,R#0008,R#0007,R#0009,Total
2016-04-25 22:33:02.018, data, AgentTransaction,200,169345,106200,7700,1347762,639358,477445,1294570,3300,70500,0,4116380
2016-04-25 22:33:02.018, field, MessageLatency,R#0000,R#0010,R#0002,R#0001,R#0004,R#0003,R#0006,R#0005,R#0008,R#0007
2016-04-25 22:33:02.019, data, MessageLatency,4102,636,14,89,998,30,27,374,184,6
2016-04-25 22:33:02.980, field, MessageQueue,R#0000,R#0001,R#0002,R#0003,R#0004,R#0005,R#0006,R#0007,R#0008,R#0009,R#0010,R#0011
2016-04-25 22:33:02.980, data, MessageQueue,0,0,0,2,933,258,1,1,0,0,546,0
2016-04-25 22:33:03.000, field, AgentTransaction,R#0000,R#0011,R#0010,R#0002,R#0001,R#0004,R#0003,R#0006,R#0005,R#0008,R#0007,R#0009,Total
2016-04-25 22:33:03.000, data, AgentTransaction,200,84875,271563,113100,8200,1444732,685158,510045,1392570,3500,74900,0,4588843
2016-04-25 22:33:03.000, field, MessageLatency,R#0000,R#0011,R#0010,R#0002,R#0001,R#0004,R#0003,R#0006,R#0005,R#0008,R#0007
2016-04-25 22:33:03.000, data, MessageLatency,4102,16,634,3,90,980,12,12,341,197,11
2016-04-25 22:33:03.980, field, MessageQueue,R#0000,R#0001,R#0002,R#0003,R#0004,R#0005,R#0006,R#0007,R#0008,R#0009,R#0010,R#0011
2016-04-25 22:33:03.980, data, MessageQueue,0,0,0,0,1001,170,0,0,0,0,490,14
2016-04-25 22:33:03.994, field, AgentTransaction,R#0000,R#0011,R#0010,R#0002,R#0001,R#0004,R#0003,R#0006,R#0005,R#0008,R#0007,R#0009,Total
2016-04-25 22:33:03.994, data, AgentTransaction,200,181233,377761,120800,8800,1542690,730758,544645,1496170,3800,80000,0,5086857
2016-04-25 22:33:03.994, field, MessageLatency,R#0000,R#0011,R#0010,R#0002,R#0001,R#0004,R#0003,R#0006,R#0005,R#0008,R#0007
2016-04-25 22:33:03.994, data, MessageLatency,4102,20,541,7,89,1006,2,2,174,214,13
2016-04-25 22:33:04.980, field, MessageQueue,R#0000,R#0001,R#0002,R#0003,R#0004,R#0005,R#0006,R#0007,R#0008,R#0009,R#0010,R#0011
2016-04-25 22:33:04.980, data, MessageQueue,0,0,0,0,1000,55,0,0,0,0,430,15
2016-04-25 22:33:04.998, field, AgentTransaction,R#0000,R#0011,R#0010,R#0002,R#0001,R#0004,R#0003,R#0006,R#0005,R#0008,R#0007,R#0009,Total
2016-04-25 22:33:04.998, data, AgentTransaction,200,280339,487559,128200,9300,1643122,775758,578045,1600560,4000,85000,0,5592083
2016-04-25 22:33:04.998, field, MessageLatency,R#0000,R#0011,R#0010,R#0002,R#0001,R#0004,R#0003,R#0006,R#0005,R#0008,R#0007
2016-04-25 22:33:04.999, data, MessageLatency,4102,17,441,16,90,1021,3,10,59,239,8
2016-04-25 22:33:05.980, field, MessageQueue,R#0000,R#0001,R#0002,R#0003,R#0004,R#0005,R#0006,R#0007,R#0008,R#0009,R#0010,R#0011
2016-04-25 22:33:05.980, data, MessageQueue,0,0,0,0,1001,0,0,0,0,0,475,113
2016-04-25 22:33:06.010, field, AgentTransaction,R#0000,R#0011,R#0010,R#0002,R#0001,R#0004,R#0003,R#0006,R#0005,R#0008,R#0007,R#0009,Total
2016-04-25 22:33:06.010, data, AgentTransaction,200,380694,590662,135600,9900,1745058,820758,611645,1699363,4200,89900,0,6087980
2016-04-25 22:33:06.011, field, MessageLatency,R#0000,R#0011,R#0010,R#0002,R#0001,R#0004,R#0003,R#0006,R#0005,R#0008,R#0007
2016-04-25 22:33:06.011, data, MessageLatency,4102,124,485,7,99,1001,1,8,2,198,16
2016-04-25 22:33:06.980, field, MessageQueue,R#0000,R#0001,R#0002,R#0003,R#0004,R#0005,R#0006,R#0007,R#0008,R#0009,R#0010,R#0011
2016-04-25 22:33:06.980, data, MessageQueue,0,0,0,0,1000,1,0,0,0,0,426,101
2016-04-25 22:33:06.988, field, AgentTransaction,R#0000,R#0011,R#0010,R#0002,R#0001,R#0004,R#0003,R#0006,R#0005,R#0008,R#0007,R#0009,Total
2016-04-25 22:33:06.988, data, AgentTransaction,200,482608,696897,143000,10400,1845735,865858,645145,1792663,4500,94900,0,6581906
2016-04-25 22:33:06.989, field, MessageLatency,R#0000,R#0011,R#0010,R#0002,R#0001,R#0004,R#0003,R#0006,R#0005,R#0008,R#0007
2016-04-25 22:33:06.989, data, MessageLatency,4102,100,435,8,85,1009,3,2,2,214,13
2016-04-25 22:33:07.980, field, MessageQueue,R#0000,R#0001,R#0002,R#0003,R#0004,R#0005,R#0006,R#0007,R#0008,R#0009,R#0010,R#0011
2016-04-25 22:33:07.980, data, MessageQueue,0,0,0,0,1000,5,0,0,0,0,402,148
2016-04-25 22:33:07.987, field, AgentTransaction,R#0000,R#0011,R#0010,R#0002,R#0001,R#0004,R#0003,R#0006,R#0005,R#0008,R#0007,R#0009,Total
2016-04-25 22:33:07.987, data, AgentTransaction,200,580796,794780,150200,10900,1943218,909258,677545,1881957,4700,99600,0,7053154
2016-04-25 22:33:07.987, field, MessageLatency,R#0000,R#0011,R#0010,R#0002,R#0001,R#0004,R#0003,R#0006,R#0005,R#0008,R#0007
2016-04-25 22:33:07.987, data, MessageLatency,4102,222,455,12,84,1045,5,2,10,204,15
2016-04-25 22:33:08.980, field, MessageQueue,R#0000,R#0001,R#0002,R#0003,R#0004,R#0005,R#0006,R#0007,R#0008,R#0009,R#0010,R#0011
2016-04-25 22:33:08.980, data, MessageQueue,0,0,0,0,1001,1,0,0,0,0,374,81
2016-04-25 22:33:08.995, field, AgentTransaction,R#0000,R#0011,R#0010,R#0002,R#0001,R#0004,R#0003,R#0006,R#0005,R#0008,R#0007,R#0009,Total
2016-04-25 22:33:08.995, data, AgentTransaction,300,673321,889937,156600,11400,2030035,947858,706245,1962357,4900,103800,0,7486753
2016-04-25 22:33:08.995, field, MessageLatency,R#0000,R#0011,R#0010,R#0002,R#0001,R#0004,R#0003,R#0006,R#0005,R#0008,R#0007
2016-04-25 22:33:08.995, data, MessageLatency,3573,99,438,7,103,1184,3,2,3,262,16
2016-04-25 22:33:09.980, field, MessageQueue,R#0000,R#0001,R#0002,R#0003,R#0004,R#0005,R#0006,R#0007,R#0008,R#0009,R#0010,R#0011
2016-04-25 22:33:09.980, data, MessageQueue,0,0,0,0,1001,2,0,0,0,0,253,53
2016-04-25 22:33:09.994, field, AgentTransaction,R#0000,R#0011,R#0010,R#0002,R#0001,R#0004,R#0003,R#0006,R#0005,R#0008,R#0007,R#0009,Total
2016-04-25 22:33:09.994, data, AgentTransaction,300,766794,985548,163200,11900,2120579,987858,736245,2044857,5100,108200,0,7930581
2016-04-25 22:33:09.994, field, MessageLatency,R#0000,R#0011,R#0010,R#0002,R#0001,R#0004,R#0003,R#0006,R#0005,R#0008,R#0007
2016-04-25 22:33:09.994, data, MessageLatency,3573,55,346,8,98,1137,2,2,2,231,13
2016-04-25 22:33:10.980, field, MessageQueue,R#0000,R#0001,R#0002,R#0003,R#0004,R#0005,R#0006,R#0007,R#0008,R#0009,R#0010,R#0011
2016-04-25 22:33:10.981, data, MessageQueue,0,0,0,0,1001,13,0,0,0,0,372,87
2016-04-25 22:33:10.989, field, AgentTransaction,R#0000,R#0011,R#0010,R#0002,R#0001,R#0004,R#0003,R#0006,R#0005,R#0008,R#0007,R#0009,Total
2016-04-25 22:33:10.989, data, AgentTransaction,300,874320,1085999,170800,12400,2223582,1033758,770359,2138857,5300,113300,0,8428975
2016-04-25 22:33:10.990, field, MessageLatency,R#0000,R#0011,R#0010,R#0002,R#0001,R#0004,R#0003,R#0006,R#0005,R#0008,R#0007
2016-04-25 22:33:10.990, data, MessageLatency,3573,74,360,7,89,987,1,1,16,188,9
2016-04-25 22:33:11.980, field, MessageQueue,R#0000,R#0001,R#0002,R#0003,R#0004,R#0005,R#0006,R#0007,R#0008,R#0009,R#0010,R#0011
2016-04-25 22:33:11.980, data, MessageQueue,0,0,0,0,1000,1,0,0,0,0,379,43
2016-04-25 22:33:11.987, field, AgentTransaction,R#0000,R#0011,R#0010,R#0002,R#0001,R#0004,R#0003,R#0006,R#0005,R#0008,R#0007,R#0009,Total
2016-04-25 22:33:11.987, data, AgentTransaction,300,979245,1189232,178200,13000,2324659,1078758,803759,2233357,5600,118200,0,8924310
2016-04-25 22:33:11.987, field, MessageLatency,R#0000,R#0011,R#0010,R#0002,R#0001,R#0004,R#0003,R#0006,R#0005,R#0008,R#0007
2016-04-25 22:33:11.987, data, MessageLatency,3573,45,368,8,87,1011,0,1,2,199,6
2016-04-25 22:33:12.981, field, MessageQueue,R#0000,R#0001,R#0002,R#0003,R#0004,R#0005,R#0006,R#0007,R#0008,R#0009,R#0010,R#0011
2016-04-25 22:33:12.982, data, MessageQueue,0,0,0,0,1001,0,0,0,0,0,207,71
2016-04-25 22:33:12.998, field, AgentTransaction,R#0000,R#0011,R#0010,R#0002,R#0001,R#0004,R#0003,R#0006,R#0005,R#0008,R#0007,R#0009,Total
2016-04-25 22:33:12.998, data, AgentTransaction,300,1077158,1295527,185000,13500,2417945,1120558,834729,2319857,5800,122800,0,9393174
2016-04-25 22:33:12.998, field, MessageLatency,R#0000,R#0011,R#0010,R#0002,R#0001,R#0004,R#0003,R#0006,R#0005,R#0008,R#0007
2016-04-25 22:33:12.998, data, MessageLatency,3573,107,305,14,112,1091,1,2,5,254,18
2016-04-25 22:33:13.980, field, MessageQueue,R#0000,R#0001,R#0002,R#0003,R#0004,R#0005,R#0006,R#0007,R#0008,R#0009,R#0010,R#0011
2016-04-25 22:33:13.980, data, MessageQueue,0,0,0,0,1000,11,0,0,0,0,329,199
2016-04-25 22:33:13.995, field, AgentTransaction,R#0000,R#0011,R#0010,R#0002,R#0001,R#0004,R#0003,R#0006,R#0005,R#0008,R#0007,R#0009,Total
2016-04-25 22:33:13.995, data, AgentTransaction,300,1155664,1375365,191500,14000,2506458,1159558,864029,2399857,6000,127100,0,9799831
2016-04-25 22:33:13.996, field, MessageLatency,R#0000,R#0011,R#0010,R#0002,R#0001,R#0004,R#0003,R#0006,R#0005,R#0008,R#0007
2016-04-25 22:33:13.996, data, MessageLatency,3573,338,442,11,169,1200,1,2,18,208,11
2016-04-25 22:33:14.981, field, MessageQueue,R#0000,R#0001,R#0002,R#0003,R#0004,R#0005,R#0006,R#0007,R#0008,R#0009,R#0010,R#0011
2016-04-25 22:33:14.981, data, MessageQueue,0,0,0,0,1000,2,0,0,0,0,428,303
2016-04-25 22:33:14.995, field, AgentTransaction,R#0000,R#0011,R#0010,R#0002,R#0001,R#0004,R#0003,R#0006,R#0005,R#0008,R#0007,R#0009,Total
2016-04-25 22:33:14.995, data, AgentTransaction,300,1235144,1464180,198300,14500,2598308,1200558,894429,2485443,6200,131500,0,10228862
2016-04-25 22:33:14.995, field, MessageLatency,R#0000,R#0011,R#0010,R#0002,R#0001,R#0004,R#0003,R#0006,R#0005,R#0008,R#0007
2016-04-25 22:33:14.995, data, MessageLatency,3573,388,460,14,126,1186,3,3,4,192,19
2016-04-25 22:33:15.980, field, MessageQueue,R#0000,R#0001,R#0002,R#0003,R#0004,R#0005,R#0006,R#0007,R#0008,R#0009,R#0010,R#0011
2016-04-25 22:33:15.980, data, MessageQueue,0,0,0,0,1001,145,0,0,0,0,596,286
2016-04-25 22:33:16.008, field, AgentTransaction,R#0000,R#0011,R#0010,R#0002,R#0001,R#0004,R#0003,R#0006,R#0005,R#0008,R#0007,R#0009,Total
2016-04-25 22:33:16.008, data, AgentTransaction,300,1328852,1543781,205200,15000,2692485,1242158,925657,2557543,6400,136100,0,10653476
2016-04-25 22:33:16.009, field, MessageLatency,R#0000,R#0011,R#0010,R#0002,R#0001,R#0004,R#0003,R#0006,R#0005,R#0008,R#0007
2016-04-25 22:33:16.009, data, MessageLatency,3573,323,626,9,121,1143,1,3,198,221,16
2016-04-25 22:33:16.980, field, MessageQueue,R#0000,R#0001,R#0002,R#0003,R#0004,R#0005,R#0006,R#0007,R#0008,R#0009,R#0010,R#0011,R#0012
2016-04-25 22:33:16.980, data, MessageQueue,0,0,0,0,1000,6,0,0,0,0,550,234,47
2016-04-25 22:33:17.002, field, AgentTransaction,R#0000,R#0011,R#0010,R#0002,R#0001,R#0012,R#0004,R#0003,R#0006,R#0005,R#0008,R#0007,R#0009,Total
2016-04-25 22:33:17.002, data, AgentTransaction,400,1420269,1630575,211200,15400,30000,2773585,1277958,952657,2645143,6600,140100,0,11103887
2016-04-25 22:33:17.002, field, MessageLatency,R#0000,R#0011,R#0010,R#0002,R#0001,R#0012,R#0004,R#0003,R#0006,R#0005,R#0008,R#0007
2016-04-25 22:33:17.002, data, MessageLatency,3816,234,687,7,85,51,1242,7,2,16,284,11
2016-04-25 22:33:17.980, field, MessageQueue,R#0000,R#0001,R#0002,R#0003,R#0004,R#0005,R#0006,R#0007,R#0008,R#0009,R#0010,R#0011,R#0012
2016-04-25 22:33:17.980, data, MessageQueue,0,0,0,0,1000,27,0,0,0,0,637,249,107
2016-04-25 22:33:17.990, field, AgentTransaction,R#0000,R#0011,R#0010,R#0002,R#0001,R#0012,R#0004,R#0003,R#0006,R#0005,R#0008,R#0007,R#0009,Total
2016-04-25 22:33:17.990, data, AgentTransaction,400,1522260,1729811,218300,15900,125090,2869744,1321758,984757,2733843,6800,144800,0,11673463
2016-04-25 22:33:17.990, field, MessageLatency,R#0000,R#0011,R#0010,R#0002,R#0001,R#0012,R#0004,R#0003,R#0006,R#0005,R#0008,R#0007
2016-04-25 22:33:17.990, data, MessageLatency,3816,265,674,6,92,106,1046,3,3,29,253,9
2016-04-25 22:33:18.980, field, MessageQueue,R#0000,R#0001,R#0002,R#0003,R#0004,R#0005,R#0006,R#0007,R#0008,R#0009,R#0010,R#0011,R#0012
2016-04-25 22:33:18.980, data, MessageQueue,0,0,0,0,1000,1,0,0,0,0,545,142,59
2016-04-25 22:33:18.994, field, AgentTransaction,R#0000,R#0011,R#0010,R#0002,R#0001,R#0012,R#0004,R#0003,R#0006,R#0005,R#0008,R#0007,R#0009,Total
2016-04-25 22:33:18.994, data, AgentTransaction,400,1629047,1834547,225700,16500,230852,2970301,1366158,1017957,2828437,7100,149700,0,12276699
2016-04-25 22:33:18.994, field, MessageLatency,R#0000,R#0011,R#0010,R#0002,R#0001,R#0012,R#0004,R#0003,R#0006,R#0005,R#0008,R#0007
2016-04-25 22:33:18.994, data, MessageLatency,3816,134,586,9,96,64,1031,2,2,1,202,12
2016-04-25 22:33:19.980, field, MessageQueue,R#0000,R#0001,R#0002,R#0003,R#0004,R#0005,R#0006,R#0007,R#0008,R#0009,R#0010,R#0011,R#0012
2016-04-25 22:33:19.980, data, MessageQueue,0,0,0,0,1001,21,0,0,0,0,504,151,183
2016-04-25 22:33:20.005, field, AgentTransaction,R#0000,R#0011,R#0010,R#0002,R#0001,R#0012,R#0004,R#0003,R#0006,R#0005,R#0008,R#0007,R#0009,Total
2016-04-25 22:33:20.005, data, AgentTransaction,400,1742386,1945729,233300,17000,333999,3072969,1412058,1052057,2921737,7300,154700,0,12893635
2016-04-25 22:33:20.006, field, MessageLatency,R#0000,R#0011,R#0010,R#0002,R#0001,R#0012,R#0004,R#0003,R#0006,R#0005,R#0008,R#0007
2016-04-25 22:33:20.006, data, MessageLatency,3816,124,484,8,79,168,1017,1,2,19,219,9
2016-04-25 22:33:20.981, field, MessageQueue,R#0000,R#0001,R#0002,R#0003,R#0004,R#0005,R#0006,R#0007,R#0008,R#0009,R#0010,R#0011,R#0012
2016-04-25 22:33:20.981, data, MessageQueue,0,0,0,0,1001,0,0,0,0,0,446,83,83
2016-04-25 22:33:20.999, field, AgentTransaction,R#0000,R#0011,R#0010,R#0002,R#0001,R#0012,R#0004,R#0003,R#0006,R#0005,R#0008,R#0007,R#0009,Total
2016-04-25 22:33:20.999, data, AgentTransaction,400,1843538,2047392,240200,17500,438096,3167567,1453658,1083257,3009665,7500,159300,0,13468073
2016-04-25 22:33:20.999, field, MessageLatency,R#0000,R#0011,R#0010,R#0002,R#0001,R#0012,R#0004,R#0003,R#0006,R#0005,R#0008,R#0007
2016-04-25 22:33:21.000, data, MessageLatency,3816,107,483,7,93,98,1081,1,2,1,215,12
2016-04-25 22:33:21.980, field, MessageQueue,R#0000,R#0001,R#0002,R#0003,R#0004,R#0005,R#0006,R#0007,R#0008,R#0009,R#0010,R#0011,R#0012
2016-04-25 22:33:21.980, data, MessageQueue,0,0,0,0,1001,2,0,0,0,0,468,50,100
2016-04-25 22:33:21.993, field, AgentTransaction,R#0000,R#0011,R#0010,R#0002,R#0001,R#0012,R#0004,R#0003,R#0006,R#0005,R#0008,R#0007,R#0009,Total
2016-04-25 22:33:21.993, data, AgentTransaction,400,1953264,2149156,247500,18100,537834,3267421,1498358,1116357,3102233,7800,164200,0,14062623
2016-04-25 22:33:21.994, field, MessageLatency,R#0000,R#0011,R#0010,R#0002,R#0001,R#0012,R#0004,R#0003,R#0006,R#0005,R#0008,R#0007
2016-04-25 22:33:21.994, data, MessageLatency,3816,59,484,8,90,114,1026,3,5,2,220,11
2016-04-25 22:33:22.980, field, MessageQueue,R#0000,R#0001,R#0002,R#0003,R#0004,R#0005,R#0006,R#0007,R#0008,R#0009,R#0010,R#0011,R#0012
2016-04-25 22:33:22.980, data, MessageQueue,0,0,0,0,1001,6,0,0,0,0,367,53,106
2016-04-25 22:33:22.991, field, AgentTransaction,R#0000,R#0011,R#0010,R#0002,R#0001,R#0012,R#0004,R#0003,R#0006,R#0005,R#0008,R#0007,R#0009,Total
2016-04-25 22:33:22.992, data, AgentTransaction,400,2048924,2255212,254600,18600,640185,3363206,1540958,1148157,3189933,8000,168800,0,14636975
2016-04-25 22:33:22.992, field, MessageLatency,R#0000,R#0011,R#0010,R#0002,R#0001,R#0012,R#0004,R#0003,R#0006,R#0005,R#0008,R#0007
2016-04-25 22:33:22.992, data, MessageLatency,3816,61,393,8,97,115,1078,2,2,3,197,12
2016-04-25 22:33:23.980, field, MessageQueue,R#0000,R#0001,R#0002,R#0003,R#0004,R#0005,R#0006,R#0007,R#0008,R#0009,R#0010,R#0011,R#0012
2016-04-25 22:33:23.980, data, MessageQueue,0,0,0,0,1001,4,0,0,0,0,368,45,164
2016-04-25 22:33:23.990, field, AgentTransaction,R#0000,R#0011,R#0010,R#0002,R#0001,R#0012,R#0004,R#0003,R#0006,R#0005,R#0008,R#0007,R#0009,Total
2016-04-25 22:33:23.990, data, AgentTransaction,500,2151747,2359441,261900,19100,743963,3462657,1585158,1180957,3281433,8200,173700,100,15228856
2016-04-25 22:33:23.991, field, MessageLatency,R#0000,R#0011,R#0010,R#0002,R#0001,R#0012,R#0004,R#0003,R#0006,R#0005,R#0008,R#0007,R#0009
2016-04-25 22:33:23.991, data, MessageLatency,3513,44,388,7,105,171,1039,4,2,8,221,8,19101
2016-04-25 22:33:24.980, field, MessageQueue,R#0000,R#0001,R#0002,R#0003,R#0004,R#0005,R#0006,R#0007,R#0008,R#0009,R#0010,R#0011,R#0012
2016-04-25 22:33:24.980, data, MessageQueue,0,0,0,1,1001,16,0,0,0,0,387,3,158
2016-04-25 22:33:24.992, field, AgentTransaction,R#0000,R#0011,R#0010,R#0002,R#0001,R#0012,R#0004,R#0003,R#0006,R#0005,R#0008,R#0007,R#0009,Total
2016-04-25 22:33:24.992, data, AgentTransaction,500,2254567,2457225,269100,19600,847208,3561280,1628424,1213657,3370433,8400,178500,100,15808994
2016-04-25 22:33:24.992, field, MessageLatency,R#0000,R#0011,R#0010,R#0002,R#0001,R#0012,R#0004,R#0003,R#0006,R#0005,R#0008,R#0007,R#0009
2016-04-25 22:33:24.992, data, MessageLatency,3513,0,365,6,84,184,1050,1,3,25,210,9,19101
2016-04-25 22:33:25.980, field, MessageQueue,R#0000,R#0001,R#0002,R#0003,R#0004,R#0005,R#0006,R#0007,R#0008,R#0009,R#0010,R#0011,R#0012,R#0013
2016-04-25 22:33:25.980, data, MessageQueue,0,0,0,1,1000,8,0,0,0,0,323,22,134,85
2016-04-25 22:33:25.996, field, AgentTransaction,R#0000,R#0011,R#0010,R#0002,R#0013,R#0001,R#0012,R#0004,R#0003,R#0006,R#0005,R#0008,R#0007,R#0009,Total
2016-04-25 22:33:25.996, data, AgentTransaction,500,2352282,2556606,276100,80389,20100,948775,3655592,1671224,1245257,3459333,8700,183100,100,16458058
2016-04-25 22:33:25.996, field, MessageLatency,R#0000,R#0011,R#0010,R#0002,R#0013,R#0001,R#0012,R#0004,R#0003,R#0006,R#0005,R#0008,R#0007,R#0009
2016-04-25 22:33:25.997, data, MessageLatency,3513,28,401,10,88,94,166,1098,1,1,11,218,17,19101
2016-04-25 22:33:26.980, field, MessageQueue,R#0000,R#0001,R#0002,R#0003,R#0004,R#0005,R#0006,R#0007,R#0008,R#0009,R#0010,R#0011,R#0012,R#0013
2016-04-25 22:33:26.980, data, MessageQueue,0,0,0,0,1001,0,0,0,0,0,376,36,114,73
2016-04-25 22:33:26.991, field, AgentTransaction,R#0000,R#0011,R#0010,R#0002,R#0013,R#0001,R#0012,R#0004,R#0003,R#0006,R#0005,R#0008,R#0007,R#0009,Total
2016-04-25 22:33:26.991, data, AgentTransaction,500,2456740,2656655,282900,187020,20600,1052015,3748096,1712624,1276057,3545685,8900,187700,100,17135592
2016-04-25 22:33:26.991, field, MessageLatency,R#0000,R#0011,R#0010,R#0002,R#0013,R#0001,R#0012,R#0004,R#0003,R#0006,R#0005,R#0008,R#0007,R#0009
2016-04-25 22:33:26.991, data, MessageLatency,3513,41,397,7,80,99,132,1118,3,2,1,214,12,19101
2016-04-25 22:33:27.980, field, MessageQueue,R#0000,R#0001,R#0002,R#0003,R#0004,R#0005,R#0006,R#0007,R#0008,R#0009,R#0010,R#0011,R#0012,R#0013
2016-04-25 22:33:27.980, data, MessageQueue,0,0,0,0,1000,9,1,0,0,0,327,13,37,27
2016-04-25 22:33:27.992, field, AgentTransaction,R#0000,R#0011,R#0010,R#0002,R#0013,R#0001,R#0012,R#0004,R#0003,R#0006,R#0005,R#0008,R#0007,R#0009,Total
2016-04-25 22:33:27.992, data, AgentTransaction,500,2556236,2757356,289600,287245,21100,1154672,3838791,1752824,1305957,3628285,9100,192100,100,17793866
2016-04-25 22:33:27.992, field, MessageLatency,R#0000,R#0011,R#0010,R#0002,R#0013,R#0001,R#0012,R#0004,R#0003,R#0006,R#0005,R#0008,R#0007,R#0009
2016-04-25 22:33:27.992, data, MessageLatency,3513,24,393,6,40,104,56,1141,1,2,13,266,16,19101
2016-04-25 22:33:28.980, field, MessageQueue,R#0000,R#0001,R#0002,R#0003,R#0004,R#0005,R#0006,R#0007,R#0008,R#0009,R#0010,R#0011,R#0012,R#0013
2016-04-25 22:33:28.980, data, MessageQueue,0,0,0,0,1001,1,0,0,0,0,274,18,7,14
2016-04-25 22:33:28.993, field, AgentTransaction,R#0000,R#0011,R#0010,R#0002,R#0013,R#0001,R#0012,R#0004,R#0003,R#0006,R#0005,R#0008,R#0007,R#0009,Total
2016-04-25 22:33:28.993, data, AgentTransaction,500,2649855,2855382,296400,385471,21600,1252030,3932061,1794324,1336857,3714800,9300,196600,100,18445280
2016-04-25 22:33:28.993, field, MessageLatency,R#0000,R#0011,R#0010,R#0002,R#0013,R#0001,R#0012,R#0004,R#0003,R#0006,R#0005,R#0008,R#0007,R#0009
2016-04-25 22:33:28.993, data, MessageLatency,3513,26,308,8,18,100,2,1119,1,4,4,211,15,19101
2016-04-25 22:33:29.980, field, MessageQueue,R#0000,R#0001,R#0002,R#0003,R#0004,R#0005,R#0006,R#0007,R#0008,R#0009,R#0010,R#0011,R#0012,R#0013
2016-04-25 22:33:29.980, data, MessageQueue,0,0,0,0,1001,0,0,0,0,0,293,1,26,10
2016-04-25 22:33:29.993, field, AgentTransaction,R#0000,R#0011,R#0010,R#0002,R#0013,R#0001,R#0012,R#0004,R#0003,R#0006,R#0005,R#0008,R#0007,R#0009,Total
2016-04-25 22:33:29.993, data, AgentTransaction,500,2745605,2955475,303300,476107,22100,1339719,4026475,1836224,1368057,3801100,9500,201200,100,19085462
2016-04-25 22:33:29.993, field, MessageLatency,R#0000,R#0011,R#0010,R#0002,R#0013,R#0001,R#0012,R#0004,R#0003,R#0006,R#0005,R#0008,R#0007,R#0009
2016-04-25 22:33:29.993, data, MessageLatency,3513,4,360,6,14,97,35,1111,1,3,5,235,10,19101
2016-04-25 22:33:30.980, field, MessageQueue,R#0000,R#0001,R#0002,R#0003,R#0004,R#0005,R#0006,R#0007,R#0008,R#0009,R#0010,R#0011,R#0012,R#0013
2016-04-25 22:33:30.980, data, MessageQueue,0,0,0,0,1001,0,0,0,0,0,377,66,67,79
2016-04-25 22:33:30.997, field, AgentTransaction,R#0000,R#0011,R#0010,R#0002,R#0013,R#0001,R#0012,R#0004,R#0003,R#0006,R#0005,R#0008,R#0007,R#0009,Total
2016-04-25 22:33:30.997, data, AgentTransaction,500,2844171,3055155,310200,577710,22600,1437770,4119153,1877324,1398890,3886900,9700,205700,100,19745873
2016-04-25 22:33:30.997, field, MessageLatency,R#0000,R#0011,R#0010,R#0002,R#0013,R#0001,R#0012,R#0004,R#0003,R#0006,R#0005,R#0008,R#0007,R#0009
2016-04-25 22:33:30.997, data, MessageLatency,3513,62,330,7,67,90,79,1121,5,3,1,216,11,19101
2016-04-25 22:33:31.980, field, MessageQueue,R#0000,R#0001,R#0002,R#0003,R#0004,R#0005,R#0006,R#0007,R#0008,R#0009,R#0010,R#0011,R#0012,R#0013
2016-04-25 22:33:31.980, data, MessageQueue,0,0,0,0,1001,2,0,0,0,0,420,129,63,17
2016-04-25 22:33:31.996, field, AgentTransaction,R#0000,R#0011,R#0010,R#0002,R#0013,R#0001,R#0012,R#0004,R#0003,R#0006,R#0005,R#0008,R#0007,R#0009,Total
2016-04-25 22:33:31.996, data, AgentTransaction,600,2944110,3162315,317100,684812,23100,1541286,4213081,1919524,1429890,3974100,10000,210300,100,20430318
2016-04-25 22:33:31.996, field, MessageLatency,R#0000,R#0011,R#0010,R#0002,R#0013,R#0001,R#0012,R#0004,R#0003,R#0006,R#0005,R#0008,R#0007,R#0009
2016-04-25 22:33:31.996, data, MessageLatency,3724,146,456,8,23,110,76,1115,3,9,1,254,10,19101
2016-04-25 22:33:32.980, field, MessageQueue,R#0000,R#0001,R#0002,R#0003,R#0004,R#0005,R#0006,R#0007,R#0008,R#0009,R#0010,R#0011,R#0012,R#0013
2016-04-25 22:33:32.980, data, MessageQueue,0,0,0,0,1000,0,0,1,0,0,304,69,68,0
2016-04-25 22:33:32.999, field, AgentTransaction,R#0000,R#0011,R#0010,R#0002,R#0013,R#0001,R#0012,R#0004,R#0003,R#0006,R#0005,R#0008,R#0007,R#0009,Total
2016-04-25 22:33:32.999, data, AgentTransaction,600,3049935,3266937,324000,778951,23600,1642175,4307711,1961524,1461090,4060200,10200,214900,100,21101923
2016-04-25 22:33:32.999, field, MessageLatency,R#0000,R#0011,R#0010,R#0002,R#0013,R#0001,R#0012,R#0004,R#0003,R#0006,R#0005,R#0008,R#0007,R#0009
2016-04-25 22:33:33.000, data, MessageLatency,3724,103,364,6,5,96,74,1115,2,5,8,215,9,19101
2016-04-25 22:33:33.980, field, MessageQueue,R#0000,R#0001,R#0002,R#0003,R#0004,R#0005,R#0006,R#0007,R#0008,R#0009,R#0010,R#0011,R#0012,R#0013
2016-04-25 22:33:33.980, data, MessageQueue,0,0,0,0,1001,8,0,0,0,0,307,102,35,29
2016-04-25 22:33:33.992, field, AgentTransaction,R#0000,R#0011,R#0010,R#0002,R#0013,R#0001,R#0012,R#0004,R#0003,R#0006,R#0005,R#0008,R#0007,R#0009,Total
2016-04-25 22:33:33.992, data, AgentTransaction,600,3150465,3371263,331200,879640,24200,1745849,4405711,2004824,1493690,4149900,10400,219700,100,21787542
2016-04-25 22:33:33.992, field, MessageLatency,R#0000,R#0011,R#0010,R#0002,R#0013,R#0001,R#0012,R#0004,R#0003,R#0006,R#0005,R#0008,R#0007,R#0009
2016-04-25 22:33:33.993, data, MessageLatency,3724,126,332,6,45,86,44,1061,1,2,9,233,12,19101
2016-04-25 22:33:34.980, field, MessageQueue,R#0000,R#0001,R#0002,R#0003,R#0004,R#0005,R#0006,R#0007,R#0008,R#0009,R#0010,R#0011,R#0012,R#0013
2016-04-25 22:33:34.980, data, MessageQueue,0,0,0,1,1001,0,0,0,0,0,237,110,50,106
2016-04-25 22:33:35.037, field, AgentTransaction,R#0000,R#0011,R#0010,R#0002,R#0013,R#0001,R#0012,R#0004,R#0003,R#0006,R#0005,R#0008,R#0007,R#0009,Total
2016-04-25 22:33:35.037, data, AgentTransaction,600,3253260,3481287,338400,978570,24700,1850680,4503358,2048224,1526190,4240400,10600,224500,100,22480869
2016-04-25 22:33:35.037, field, MessageLatency,R#0000,R#0011,R#0010,R#0002,R#0013,R#0001,R#0012,R#0004,R#0003,R#0006,R#0005,R#0008,R#0007,R#0009
2016-04-25 22:33:35.037, data, MessageLatency,3724,137,233,8,123,93,51,1095,1,2,3,205,15,19101
2016-04-25 22:33:35.980, field, MessageQueue,R#0000,R#0001,R#0002,R#0003,R#0004,R#0005,R#0006,R#0007,R#0008,R#0009,R#0010,R#0011,R#0012,R#0013
2016-04-25 22:33:35.980, data, MessageQueue,0,0,0,0,1001,6,0,0,0,0,236,158,92,141
2016-04-25 22:33:35.998, field, AgentTransaction,R#0000,R#0011,R#0010,R#0002,R#0013,R#0001,R#0012,R#0004,R#0003,R#0006,R#0005,R#0008,R#0007,R#0009,Total
2016-04-25 22:33:35.998, data, AgentTransaction,600,3345874,3580512,345200,1075978,25200,1947591,4596270,2089783,1556990,4325700,10800,229000,100,23129598
2016-04-25 22:33:35.999, field, MessageLatency,R#0000,R#0011,R#0010,R#0002,R#0013,R#0001,R#0012,R#0004,R#0003,R#0006,R#0005,R#0008,R#0007,R#0009
2016-04-25 22:33:35.999, data, MessageLatency,3724,165,246,9,174,86,100,1090,2,3,16,231,12,19101
2016-04-25 22:33:36.981, field, MessageQueue,R#0000,R#0001,R#0002,R#0003,R#0004,R#0005,R#0006,R#0007,R#0008,R#0009,R#0010,R#0011,R#0012,R#0013
2016-04-25 22:33:36.981, data, MessageQueue,0,0,0,0,1001,7,0,0,0,0,174,88,158,66
2016-04-25 22:33:36.990, field, AgentTransaction,R#0000,R#0011,R#0010,R#0002,R#0013,R#0001,R#0012,R#0004,R#0003,R#0006,R#0005,R#0008,R#0007,R#0009,Total
2016-04-25 22:33:36.990, data, AgentTransaction,600,3443362,3681172,351800,1175401,25700,2035352,4685191,2129083,1586190,4406900,11100,233300,100,23765251
2016-04-25 22:33:36.990, field, MessageLatency,R#0000,R#0011,R#0010,R#0002,R#0013,R#0001,R#0012,R#0004,R#0003,R#0006,R#0005,R#0008,R#0007,R#0009
2016-04-25 22:33:36.990, data, MessageLatency,3724,71,225,8,79,101,174,1148,1,2,11,225,11,19101
2016-04-25 22:33:37.980, field, MessageQueue,R#0000,R#0001,R#0002,R#0003,R#0004,R#0005,R#0006,R#0007,R#0008,R#0009,R#0010,R#0011,R#0012,R#0013
2016-04-25 22:33:37.980, data, MessageQueue,0,0,0,0,1001,1,0,0,0,0,138,31,105,0
2016-04-25 22:33:37.997, field, AgentTransaction,R#0000,R#0011,R#0010,R#0002,R#0013,R#0001,R#0012,R#0004,R#0003,R#0006,R#0005,R#0008,R#0007,R#0009,Total
2016-04-25 22:33:37.997, data, AgentTransaction,600,3542562,3782914,358600,1275256,26200,2138221,4778830,2170683,1617343,4493200,11300,237900,100,24433709
2016-04-25 22:33:37.998, field, MessageLatency,R#0000,R#0011,R#0010,R#0002,R#0013,R#0001,R#0012,R#0004,R#0003,R#0006,R#0005,R#0008,R#0007,R#0009
2016-04-25 22:33:37.998, data, MessageLatency,3724,63,160,8,6,108,132,1123,4,2,2,245,11,19101
2016-04-25 22:33:38.980, field, MessageQueue,R#0000,R#0001,R#0002,R#0003,R#0004,R#0005,R#0006,R#0007,R#0008,R#0009,R#0010,R#0011,R#0012,R#0013
2016-04-25 22:33:38.980, data, MessageQueue,0,0,0,0,1000,4,0,0,0,0,109,24,81,7
2016-04-25 22:33:39.018, field, AgentTransaction,R#0000,R#0011,R#0010,R#0002,R#0013,R#0001,R#0012,R#0004,R#0003,R#0006,R#0005,R#0008,R#0007,R#0009,Total
2016-04-25 22:33:39.018, data, AgentTransaction,700,3645781,3888944,365700,1375624,26700,2245183,4876233,2213983,1649043,4583000,11500,242600,100,25125091
2016-04-25 22:33:39.019, field, MessageLatency,R#0000,R#0011,R#0010,R#0002,R#0013,R#0001,R#0012,R#0004,R#0003,R#0006,R#0005,R#0008,R#0007,R#0009
2016-04-25 22:33:39.019, data, MessageLatency,3691,36,99,10,11,108,71,1106,3,15,9,206,11,19101
2016-04-25 22:33:39.980, field, MessageQueue,R#0000,R#0001,R#0002,R#0003,R#0004,R#0005,R#0006,R#0007,R#0008,R#0009,R#0010,R#0011,R#0012,R#0013
2016-04-25 22:33:39.980, data, MessageQueue,0,0,1,0,1001,3,0,0,0,0,22,17,35,26
2016-04-25 22:33:40.034, field, AgentTransaction,R#0000,R#0011,R#0010,R#0002,R#0013,R#0001,R#0012,R#0004,R#0003,R#0006,R#0005,R#0008,R#0007,R#0009,Total
2016-04-25 22:33:40.034, data, AgentTransaction,700,3748675,3993907,372900,1477707,27200,2350955,4973849,2257083,1681943,4672993,11700,247300,100,25817012
2016-04-25 22:33:40.035, field, MessageLatency,R#0000,R#0011,R#0010,R#0002,R#0013,R#0001,R#0012,R#0004,R#0003,R#0006,R#0005,R#0008,R#0007,R#0009
2016-04-25 22:33:40.035, data, MessageLatency,3691,4,2,7,4,97,21,1081,2,3,5,212,10,19101
2016-04-25 22:33:40.980, field, MessageQueue,R#0000,R#0001,R#0002,R#0003,R#0004,R#0005,R#0006,R#0007,R#0008,R#0009,R#0010,R#0011,R#0012,R#0013
2016-04-25 22:33:40.980, data, MessageQueue,0,0,0,0,1000,2,0,0,0,0,10,31,61,15
2016-04-25 22:33:40.988, field, AgentTransaction,R#0000,R#0011,R#0010,R#0002,R#0013,R#0001,R#0012,R#0004,R#0003,R#0006,R#0005,R#0008,R#0007,R#0009,Total
2016-04-25 22:33:40.988, data, AgentTransaction,700,3842808,4089499,379500,1569189,27700,2444048,5063166,2297183,1711543,4755893,11900,251700,100,26444929
2016-04-25 22:33:40.988, field, MessageLatency,R#0000,R#0011,R#0010,R#0002,R#0013,R#0001,R#0012,R#0004,R#0003,R#0006,R#0005,R#0008,R#0007,R#0009
2016-04-25 22:33:40.988, data, MessageLatency,3691,21,9,7,14,110,54,1110,2,1,3,233,10,19101
2016-04-25 22:33:41.980, field, MessageQueue,R#0000,R#0001,R#0002,R#0003,R#0004,R#0005,R#0006,R#0007,R#0008,R#0009,R#0010,R#0011,R#0012,R#0013
2016-04-25 22:33:41.980, data, MessageQueue,0,0,0,1,1001,0,0,0,0,0,20,14,52,31
2016-04-25 22:33:41.989, field, AgentTransaction,R#0000,R#0011,R#0010,R#0002,R#0013,R#0001,R#0012,R#0004,R#0003,R#0006,R#0005,R#0008,R#0007,R#0009,Total
2016-04-25 22:33:41.990, data, AgentTransaction,700,3942439,4183971,386500,1671120,28200,2544348,5158520,2339583,1743043,4843493,12100,256400,100,27110517
2016-04-25 22:33:41.990, field, MessageLatency,R#0000,R#0011,R#0010,R#0002,R#0013,R#0001,R#0012,R#0004,R#0003,R#0006,R#0005,R#0008,R#0007,R#0009
2016-04-25 22:33:41.990, data, MessageLatency,3691,19,18,8,31,97,59,1097,2,3,1,192,11,19101
2016-04-25 22:33:42.980, field, MessageQueue,R#0000,R#0001,R#0002,R#0003,R#0004,R#0005,R#0006,R#0007,R#0008,R#0009,R#0010,R#0011,R#0012,R#0013
2016-04-25 22:33:42.980, data, MessageQueue,0,0,0,0,1000,1,0,0,0,0,10,11,14,10
2016-04-25 22:33:42.998, field, AgentTransaction,R#0000,R#0011,R#0010,R#0002,R#0013,R#0001,R#0012,R#0004,R#0003,R#0006,R#0005,R#0008,R#0007,R#0009,Total
2016-04-25 22:33:42.998, data, AgentTransaction,700,4042790,4278444,393400,1772487,28700,2644705,5252571,2380983,1774143,4929493,12400,260900,100,27771816
2016-04-25 22:33:42.998, field, MessageLatency,R#0000,R#0011,R#0010,R#0002,R#0013,R#0001,R#0012,R#0004,R#0003,R#0006,R#0005,R#0008,R#0007,R#0009
2016-04-25 22:33:42.998, data, MessageLatency,3691,17,15,10,21,105,23,1120,3,5,8,232,10,19101
2016-04-25 22:33:43.980, field, MessageQueue,R#0000,R#0001,R#0002,R#0003,R#0004,R#0005,R#0006,R#0007,R#0008,R#0009,R#0010,R#0011,R#0012,R#0013
2016-04-25 22:33:43.980, data, MessageQueue,0,0,0,0,1001,0,0,0,0,0,40,55,46,41
2016-04-25 22:33:43.989, field, AgentTransaction,R#0000,R#0011,R#0010,R#0002,R#0013,R#0001,R#0012,R#0004,R#0003,R#0006,R#0005,R#0008,R#0007,R#0009,Total
2016-04-25 22:33:43.989, data, AgentTransaction,700,4139605,4375624,400400,1866639,29200,2739979,5347353,2423483,1805743,5017393,12600,265600,100,28424419
2016-04-25 22:33:43.989, field, MessageLatency,R#0000,R#0011,R#0010,R#0002,R#0013,R#0001,R#0012,R#0004,R#0003,R#0006,R#0005,R#0008,R#0007,R#0009
2016-04-25 22:33:43.989, data, MessageLatency,3691,58,31,7,35,93,49,1094,3,4,3,207,9,19101
2016-04-25 22:33:44.980, field, MessageQueue,R#0000,R#0001,R#0002,R#0003,R#0004,R#0005,R#0006,R#0007,R#0008,R#0009,R#0010,R#0011,R#0012,R#0013
2016-04-25 22:33:44.980, data, MessageQueue,0,0,0,0,1001,1,1,0,0,0,1,8,5,3
2016-04-25 22:33:44.993, field, AgentTransaction,R#0000,R#0011,R#0010,R#0002,R#0013,R#0001,R#0012,R#0004,R#0003,R#0006,R#0005,R#0008,R#0007,R#0009,Total
2016-04-25 22:33:44.993, data, AgentTransaction,700,4241949,4471692,407400,1962716,29700,2842141,5442486,2465783,1837143,5104593,12800,270200,100,29089403
2016-04-25 22:33:44.994, field, MessageLatency,R#0000,R#0011,R#0010,R#0002,R#0013,R#0001,R#0012,R#0004,R#0003,R#0006,R#0005,R#0008,R#0007,R#0009
2016-04-25 22:33:44.994, data, MessageLatency,3691,9,1,7,5,88,8,1096,2,2,3,231,9,19101
2016-04-25 22:33:45.980, field, MessageQueue,R#0000,R#0001,R#0002,R#0003,R#0004,R#0005,R#0006,R#0007,R#0008,R#0009,R#0010,R#0011,R#0012,R#0013
2016-04-25 22:33:45.980, data, MessageQueue,0,0,0,0,1001,1,0,0,0,0,5,11,0,8
2016-04-25 22:33:45.994, field, AgentTransaction,R#0000,R#0011,R#0010,R#0002,R#0013,R#0001,R#0012,R#0004,R#0003,R#0006,R#0005,R#0008,R#0007,R#0009,Total
2016-04-25 22:33:45.995, data, AgentTransaction,700,4338445,4570617,414200,2056438,30200,2938627,5535038,2506883,1867843,5190093,13000,274700,100,29736884
2016-04-25 22:33:45.995, field, MessageLatency,R#0000,R#0011,R#0010,R#0002,R#0013,R#0001,R#0012,R#0004,R#0003,R#0006,R#0005,R#0008,R#0007,R#0009
2016-04-25 22:33:45.995, data, MessageLatency,3691,17,5,10,23,96,5,1118,1,2,2,215,10,19101
2016-04-25 22:33:46.980, field, MessageQueue,R#0000,R#0001,R#0002,R#0003,R#0004,R#0005,R#0006,R#0007,R#0008,R#0009,R#0010,R#0011,R#0012,R#0013
2016-04-25 22:33:46.980, data, MessageQueue,0,0,0,0,1001,4,0,0,0,0,37,19,20,25
2016-04-25 22:33:46.991, field, AgentTransaction,R#0000,R#0011,R#0010,R#0002,R#0013,R#0001,R#0012,R#0004,R#0003,R#0006,R#0005,R#0008,R#0007,R#0009,Total
2016-04-25 22:33:46.991, data, AgentTransaction,800,4433383,4667666,421000,2154513,30700,3034029,5627482,2547992,1898443,5274693,13200,279200,100,30383201
2016-04-25 22:33:46.991, field, MessageLatency,R#0000,R#0011,R#0010,R#0002,R#0013,R#0001,R#0012,R#0004,R#0003,R#0006,R#0005,R#0008,R#0007,R#0009
2016-04-25 22:33:46.991, data, MessageLatency,3702,18,48,8,24,103,26,1132,2,4,9,240,10,19101
2016-04-25 22:33:47.980, field, MessageQueue,R#0000,R#0001,R#0002,R#0003,R#0004,R#0005,R#0006,R#0007,R#0008,R#0009,R#0010,R#0011,R#0012,R#0013
2016-04-25 22:33:47.980, data, MessageQueue,0,0,0,0,1000,1,0,0,0,0,0,24,8,11
2016-04-25 22:33:48.005, field, AgentTransaction,R#0000,R#0011,R#0010,R#0002,R#0013,R#0001,R#0012,R#0004,R#0003,R#0006,R#0005,R#0008,R#0007,R#0009,Total
2016-04-25 22:33:48.005, data, AgentTransaction,800,4526051,4766300,427900,2255295,31200,3131750,5722622,2589592,1929943,5361093,13500,283800,100,31039946
2016-04-25 22:33:48.005, field, MessageLatency,R#0000,R#0011,R#0010,R#0002,R#0013,R#0001,R#0012,R#0004,R#0003,R#0006,R#0005,R#0008,R#0007,R#0009
2016-04-25 22:33:48.005, data, MessageLatency,3702,37,4,7,22,95,5,1108,2,1,3,211,10,19101
2016-04-25 22:33:48.980, field, MessageQueue,R#0000,R#0001,R#0002,R#0003,R#0004,R#0005,R#0006,R#0007,R#0008,R#0009,R#0010,R#0011,R#0012,R#0013
2016-04-25 22:33:48.980, data, MessageQueue,0,0,0,0,1000,3,0,0,0,0,28,5,24,0
2016-04-25 22:33:48.990, field, AgentTransaction,R#0000,R#0011,R#0010,R#0002,R#0013,R#0001,R#0012,R#0004,R#0003,R#0006,R#0005,R#0008,R#0007,R#0009,Total
2016-04-25 22:33:48.990, data, AgentTransaction,800,4617322,4854310,434500,2344732,31700,3221199,5812374,2630192,1959643,5445212,13700,288200,100,31653984
2016-04-25 22:33:48.990, field, MessageLatency,R#0000,R#0011,R#0010,R#0002,R#0013,R#0001,R#0012,R#0004,R#0003,R#0006,R#0005,R#0008,R#0007,R#0009
2016-04-25 22:33:48.990, data, MessageLatency,3702,6,36,8,3,102,22,1143,2,2,3,250,9,19101
2016-04-25 22:33:49.980, field, MessageQueue,R#0000,R#0001,R#0002,R#0003,R#0004,R#0005,R#0006,R#0007,R#0008,R#0009,R#0010,R#0011,R#0012,R#0013
2016-04-25 22:33:49.980, data, MessageQueue,0,0,0,1,1001,6,0,1,0,0,37,41,62,16
2016-04-25 22:33:50.027, field, AgentTransaction,R#0000,R#0011,R#0010,R#0002,R#0013,R#0001,R#0012,R#0004,R#0003,R#0006,R#0005,R#0008,R#0007,R#0009,Total
2016-04-25 22:33:50.027, data, AgentTransaction,800,4728592,4958489,441600,2444428,32200,3325550,5908243,2671792,1991543,5530812,13900,292800,100,32340849
2016-04-25 22:33:50.027, field, MessageLatency,R#0000,R#0011,R#0010,R#0002,R#0013,R#0001,R#0012,R#0004,R#0003,R#0006,R#0005,R#0008,R#0007,R#0009
2016-04-25 22:33:50.027, data, MessageLatency,3702,22,25,10,7,93,63,1130,2,2,2,205,14,19101
2016-04-25 22:33:50.981, field, MessageQueue,R#0000,R#0001,R#0002,R#0003,R#0004,R#0005,R#0006,R#0007,R#0008,R#0009,R#0010,R#0011,R#0012,R#0013
2016-04-25 22:33:50.981, data, MessageQueue,0,0,0,0,1000,7,0,0,0,0,8,80,18,16
2016-04-25 22:33:51.016, field, AgentTransaction,R#0000,R#0011,R#0010,R#0002,R#0013,R#0001,R#0012,R#0004,R#0003,R#0006,R#0005,R#0008,R#0007,R#0009,Total
2016-04-25 22:33:51.016, data, AgentTransaction,800,4825361,5048429,448500,2544628,32700,3424869,6002822,2713992,2022743,5618343,14100,297400,100,32994787
2016-04-25 22:33:51.016, field, MessageLatency,R#0000,R#0011,R#0010,R#0002,R#0013,R#0001,R#0012,R#0004,R#0003,R#0006,R#0005,R#0008,R#0007,R#0009
2016-04-25 22:33:51.016, data, MessageLatency,3702,88,17,12,19,94,25,1100,2,2,1,236,12,19101
2016-04-25 22:33:51.980, field, MessageQueue,R#0000,R#0001,R#0002,R#0003,R#0004,R#0005,R#0006,R#0007,R#0008,R#0009,R#0010,R#0011,R#0012,R#0013
2016-04-25 22:33:51.980, data, MessageQueue,0,0,0,0,1001,0,0,0,0,0,49,23,67,18
2016-04-25 22:33:52.018, field, AgentTransaction,R#0000,R#0011,R#0010,R#0002,R#0013,R#0001,R#0012,R#0004,R#0003,R#0006,R#0005,R#0008,R#0007,R#0009,Total
2016-04-25 22:33:52.018, data, AgentTransaction,800,4927294,5144449,455700,2643809,33200,3522829,6099750,2756492,2054843,5706943,14300,302100,100,33662609
2016-04-25 22:33:52.018, field, MessageLatency,R#0000,R#0011,R#0010,R#0002,R#0013,R#0001,R#0012,R#0004,R#0003,R#0006,R#0005,R#0008,R#0007,R#0009
2016-04-25 22:33:52.019, data, MessageLatency,3702,26,68,8,42,94,72,1075,24,2,16,203,21,19101
2016-04-25 22:33:52.980, field, MessageQueue,R#0000,R#0001,R#0002,R#0003,R#0004,R#0005,R#0006,R#0007,R#0008,R#0009,R#0010,R#0011,R#0012,R#0013
2016-04-25 22:33:52.980, data, MessageQueue,0,0,0,1,1001,2,0,0,0,0,20,25,17,19
2016-04-25 22:33:52.990, field, AgentTransaction,R#0000,R#0011,R#0010,R#0002,R#0013,R#0001,R#0012,R#0004,R#0003,R#0006,R#0005,R#0008,R#0007,R#0009,Total
2016-04-25 22:33:52.991, data, AgentTransaction,800,5016390,5238094,462200,2738735,33700,3617642,6189607,2797792,2084636,5792243,14500,306600,100,34293039
2016-04-25 22:33:52.991, field, MessageLatency,R#0000,R#0011,R#0010,R#0002,R#0013,R#0001,R#0012,R#0004,R#0003,R#0006,R#0005,R#0008,R#0007,R#0009
2016-04-25 22:33:52.991, data, MessageLatency,3702,34,28,7,29,93,25,1114,5,3,7,237,13,19101
2016-04-25 22:33:53.980, field, MessageQueue,R#0000,R#0001,R#0002,R#0003,R#0004,R#0005,R#0006,R#0007,R#0008,R#0009,R#0010,R#0011,R#0012,R#0013
2016-04-25 22:33:53.980, data, MessageQueue,0,0,0,0,1001,4,0,0,0,0,45,20,21,12
2016-04-25 22:33:53.990, field, AgentTransaction,R#0000,R#0011,R#0010,R#0002,R#0013,R#0001,R#0012,R#0004,R#0003,R#0006,R#0005,R#0008,R#0007,R#0009,Total
2016-04-25 22:33:53.990, data, AgentTransaction,900,5116145,5332243,468900,2835013,34200,3716142,6280576,2838292,2114736,5876043,14800,311000,100,34939090
2016-04-25 22:33:53.990, field, MessageLatency,R#0000,R#0011,R#0010,R#0002,R#0013,R#0001,R#0012,R#0004,R#0003,R#0006,R#0005,R#0008,R#0007,R#0009
2016-04-25 22:33:53.990, data, MessageLatency,3708,31,60,12,18,102,27,1144,2,2,4,212,12,19101
2016-04-25 22:33:54.980, field, MessageQueue,R#0000,R#0001,R#0002,R#0003,R#0004,R#0005,R#0006,R#0007,R#0008,R#0009,R#0010,R#0011,R#0012,R#0013
2016-04-25 22:33:54.980, data, MessageQueue,0,0,0,1,1001,6,0,0,0,0,67,49,27,10
2016-04-25 22:33:54.996, field, AgentTransaction,R#0000,R#0011,R#0010,R#0002,R#0013,R#0001,R#0012,R#0004,R#0003,R#0006,R#0005,R#0008,R#0007,R#0009,Total
2016-04-25 22:33:54.996, data, AgentTransaction,900,5218491,5437400,476000,2930135,34800,3812858,6376681,2881092,2146636,5964076,15000,315700,100,35609869
2016-04-25 22:33:54.997, field, MessageLatency,R#0000,R#0011,R#0010,R#0002,R#0013,R#0001,R#0012,R#0004,R#0003,R#0006,R#0005,R#0008,R#0007,R#0009
2016-04-25 22:33:54.997, data, MessageLatency,3708,70,79,8,8,96,35,1086,2,1,12,237,11,19101
2016-04-25 22:33:55.980, field, MessageQueue,R#0000,R#0001,R#0002,R#0003,R#0004,R#0005,R#0006,R#0007,R#0008,R#0009,R#0010,R#0011,R#0012,R#0013,R#0014
2016-04-25 22:33:55.980, data, MessageQueue,0,0,0,0,1001,1,0,0,0,0,20,3,17,17,32
2016-04-25 22:33:55.989, field, AgentTransaction,R#0000,R#0011,R#0010,R#0002,R#0013,R#0001,R#0012,R#0004,R#0003,R#0014,R#0006,R#0005,R#0008,R#0007,R#0009,Total
2016-04-25 22:33:55.989, data, AgentTransaction,900,5310434,5530083,482400,3015133,35200,3897637,6463914,2919992,81542,2175636,6045076,15200,320000,100,36293247
2016-04-25 22:33:55.989, field, MessageLatency,R#0000,R#0011,R#0010,R#0002,R#0013,R#0001,R#0012,R#0004,R#0003,R#0014,R#0006,R#0005,R#0008,R#0007,R#0009
2016-04-25 22:33:55.989, data, MessageLatency,3708,1,23,7,23,99,23,1176,2,31,2,1,220,12,19101
2016-04-25 22:33:56.980, field, MessageQueue,R#0000,R#0001,R#0002,R#0003,R#0004,R#0005,R#0006,R#0007,R#0008,R#0009,R#0010,R#0011,R#0012,R#0013,R#0014
2016-04-25 22:33:56.980, data, MessageQueue,0,0,0,2,1000,16,0,0,0,0,35,39,57,21,50
2016-04-25 22:33:57.041, field, AgentTransaction,R#0000,R#0011,R#0010,R#0002,R#0013,R#0001,R#0012,R#0004,R#0003,R#0014,R#0006,R#0005,R#0008,R#0007,R#0009,Total
2016-04-25 22:33:57.041, data, AgentTransaction,900,5410322,5634300,489100,3112811,35700,3995446,6553822,2960292,182101,2205736,6128676,15400,324400,100,37049106
2016-04-25 22:33:57.042, field, MessageLatency,R#0000,R#0011,R#0010,R#0002,R#0013,R#0001,R#0012,R#0004,R#0003,R#0014,R#0006,R#0005,R#0008,R#0007,R#0009
2016-04-25 22:33:57.042, data, MessageLatency,3708,27,8,15,3,103,63,1221,4,60,2,2,260,21,19101
2016-04-25 22:33:57.980, field, MessageQueue,R#0000,R#0001,R#0002,R#0003,R#0004,R#0005,R#0006,R#0007,R#0008,R#0009,R#0010,R#0011,R#0012,R#0013,R#0014
2016-04-25 22:33:57.980, data, MessageQueue,0,0,0,0,1001,0,0,0,0,0,6,13,92,43,16
2016-04-25 22:33:57.989, field, AgentTransaction,R#0000,R#0011,R#0010,R#0002,R#0013,R#0001,R#0012,R#0004,R#0003,R#0014,R#0006,R#0005,R#0008,R#0007,R#0009,Total
2016-04-25 22:33:57.989, data, AgentTransaction,900,5500128,5720581,495300,3193212,36200,4080532,6639317,2998292,275169,2233894,6207376,15600,328600,100,37725201
2016-04-25 22:33:57.990, field, MessageLatency,R#0000,R#0011,R#0010,R#0002,R#0013,R#0001,R#0012,R#0004,R#0003,R#0014,R#0006,R#0005,R#0008,R#0007,R#0009
2016-04-25 22:33:57.990, data, MessageLatency,3708,18,2,9,61,105,131,1192,2,37,3,2,237,15,19101
2016-04-25 22:33:58.980, field, MessageQueue,R#0000,R#0001,R#0002,R#0003,R#0004,R#0005,R#0006,R#0007,R#0008,R#0009,R#0010,R#0011,R#0012,R#0013,R#0014
2016-04-25 22:33:58.980, data, MessageQueue,0,0,0,0,1001,3,0,0,0,0,33,9,81,20,72
2016-04-25 22:33:58.993, field, AgentTransaction,R#0000,R#0011,R#0010,R#0002,R#0013,R#0001,R#0012,R#0004,R#0003,R#0014,R#0006,R#0005,R#0008,R#0007,R#0009,Total
2016-04-25 22:33:58.993, data, AgentTransaction,900,5592861,5809816,501900,3291831,36600,4176958,6727932,3037692,365114,2263394,6289176,15800,332900,100,38442974
2016-04-25 22:33:58.993, field, MessageLatency,R#0000,R#0011,R#0010,R#0002,R#0013,R#0001,R#0012,R#0004,R#0003,R#0014,R#0006,R#0005,R#0008,R#0007,R#0009
2016-04-25 22:33:58.994, data, MessageLatency,3708,11,49,6,39,97,96,1186,4,107,2,2,229,12,19101
2016-04-25 22:33:59.980, field, MessageQueue,R#0000,R#0001,R#0002,R#0003,R#0004,R#0005,R#0006,R#0007,R#0008,R#0009,R#0010,R#0011,R#0012,R#0013,R#0014
2016-04-25 22:33:59.980, data, MessageQueue,0,0,0,0,1000,1,0,0,0,0,0,14,97,3,20
2016-04-25 22:33:59.987, field, AgentTransaction,R#0000,R#0011,R#0010,R#0002,R#0013,R#0001,R#0012,R#0004,R#0003,R#0014,R#0006,R#0005,R#0008,R#0007,R#0009,Total
2016-04-25 22:33:59.987, data, AgentTransaction,900,5686832,5901818,508300,3386720,37100,4271209,6816387,3076792,460419,2292494,6369989,16000,337200,100,39162260
2016-04-25 22:33:59.987, field, MessageLatency,R#0000,R#0011,R#0010,R#0002,R#0013,R#0001,R#0012,R#0004,R#0003,R#0014,R#0006,R#0005,R#0008,R#0007,R#0009
2016-04-25 22:33:59.987, data, MessageLatency,3708,24,1,7,0,98,109,1184,1,23,2,2,245,12,19101
2016-04-25 22:34:00.980, field, MessageQueue,R#0000,R#0001,R#0002,R#0003,R#0004,R#0005,R#0006,R#0007,R#0008,R#0009,R#0010,R#0011,R#0012,R#0013,R#0014
2016-04-25 22:34:00.980, data, MessageQueue,0,0,0,0,1000,4,0,0,0,0,3,2,83,9,7
2016-04-25 22:34:00.992, field, AgentTransaction,R#0000,R#0011,R#0010,R#0002,R#0013,R#0001,R#0012,R#0004,R#0003,R#0014,R#0006,R#0005,R#0008,R#0007,R#0009,Total
2016-04-25 22:34:00.993, data, AgentTransaction,900,5778011,5988265,514800,3475777,37600,4370444,6903820,3115692,546879,2321494,6450289,16200,341400,100,39861671
2016-04-25 22:34:00.993, field, MessageLatency,R#0000,R#0011,R#0010,R#0002,R#0013,R#0001,R#0012,R#0004,R#0003,R#0014,R#0006,R#0005,R#0008,R#0007,R#0009
2016-04-25 22:34:00.993, data, MessageLatency,3708,0,3,9,14,107,129,1201,2,12,3,4,223,13,19101
2016-04-25 22:34:01.980, field, MessageQueue,R#0000,R#0001,R#0002,R#0003,R#0004,R#0005,R#0006,R#0007,R#0008,R#0009,R#0010,R#0011,R#0012,R#0013,R#0014
2016-04-25 22:34:01.980, data, MessageQueue,0,0,0,0,1001,3,0,0,0,0,22,30,43,7,7
2016-04-25 22:34:02.067, field, AgentTransaction,R#0000,R#0011,R#0010,R#0002,R#0013,R#0001,R#0012,R#0004,R#0003,R#0014,R#0006,R#0005,R#0008,R#0007,R#0009,Total
2016-04-25 22:34:02.067, data, AgentTransaction,1000,5874617,6077350,521800,3576487,38100,4469297,6999974,3155992,638760,2353394,6533789,16400,345900,200,40603060
2016-04-25 22:34:02.067, field, MessageLatency,R#0000,R#0011,R#0010,R#0002,R#0013,R#0001,R#0012,R#0004,R#0003,R#0014,R#0006,R#0005,R#0008,R#0007,R#0009
2016-04-25 22:34:02.067, data, MessageLatency,3899,25,44,8,8,112,50,1170,9,2,5,6,239,14,19002
2016-04-25 22:34:02.980, field, MessageQueue,R#0000,R#0001,R#0002,R#0003,R#0004,R#0005,R#0006,R#0007,R#0008,R#0009,R#0010,R#0011,R#0012,R#0013,R#0014
2016-04-25 22:34:02.980, data, MessageQueue,0,0,0,0,1001,66,0,0,0,0,107,5,48,1,33
2016-04-25 22:34:03.009, field, AgentTransaction,R#0000,R#0011,R#0010,R#0002,R#0013,R#0001,R#0012,R#0004,R#0003,R#0014,R#0006,R#0005,R#0008,R#0007,R#0009,Total
2016-04-25 22:34:03.009, data, AgentTransaction,1000,5953032,6145253,527200,3648228,38500,4545113,7073330,3191152,716950,2377694,6600189,16600,349700,200,41184141
2016-04-25 22:34:03.009, field, MessageLatency,R#0000,R#0011,R#0010,R#0002,R#0013,R#0001,R#0012,R#0004,R#0003,R#0014,R#0006,R#0005,R#0008,R#0007,R#0009
2016-04-25 22:34:03.009, data, MessageLatency,3899,2,152,13,1,110,67,1322,2,32,4,96,274,16,19002
2016-04-25 22:34:03.980, field, MessageQueue,R#0000,R#0001,R#0002,R#0003,R#0004,R#0005,R#0006,R#0007,R#0008,R#0009,R#0010,R#0011,R#0012,R#0013,R#0014,R#0015
2016-04-25 22:34:03.980, data, MessageQueue,0,0,0,0,1001,1,1,0,0,0,189,22,0,30,37,1
2016-04-25 22:34:04.011, field, AgentTransaction,R#0000,R#0011,R#0010,R#0002,R#0013,R#0001,R#0012,R#0004,R#0015,R#0003,R#0014,R#0006,R#0005,R#0008,R#0007,R#0009,Total
2016-04-25 22:34:04.011, data, AgentTransaction,1000,6036727,6224380,532800,3727290,38900,4630548,7148237,77289,3224752,800329,2402794,6676189,16800,353400,200,41891635
2016-04-25 22:34:04.012, field, MessageLatency,R#0000,R#0011,R#0010,R#0002,R#0013,R#0001,R#0012,R#0004,R#0015,R#0003,R#0014,R#0006,R#0005,R#0008,R#0007,R#0009
2016-04-25 22:34:04.012, data, MessageLatency,3899,37,211,9,51,104,1,1411,22,2,59,2,3,271,12,19002
2016-04-25 22:34:04.980, field, MessageQueue,R#0000,R#0001,R#0002,R#0003,R#0004,R#0005,R#0006,R#0007,R#0008,R#0009,R#0010,R#0011,R#0012,R#0013,R#0014,R#0015
2016-04-25 22:34:04.980, data, MessageQueue,0,0,0,0,1001,0,0,0,0,0,143,8,4,2,3,6
2016-04-25 22:34:04.993, field, AgentTransaction,R#0000,R#0011,R#0010,R#0002,R#0013,R#0001,R#0012,R#0004,R#0015,R#0003,R#0014,R#0006,R#0005,R#0008,R#0007,R#0009,Total
2016-04-25 22:34:04.993, data, AgentTransaction,1000,6128694,6321365,538700,3813340,39300,4715807,7228000,160707,3260352,889218,2429294,6749889,17000,357300,200,42650166
2016-04-25 22:34:04.993, field, MessageLatency,R#0000,R#0011,R#0010,R#0002,R#0013,R#0001,R#0012,R#0004,R#0015,R#0003,R#0014,R#0006,R#0005,R#0008,R#0007,R#0009
2016-04-25 22:34:04.993, data, MessageLatency,3899,18,153,10,1,118,1,1298,1,2,1,2,2,254,14,19002
2016-04-25 22:34:05.980, field, MessageQueue,R#0000,R#0001,R#0002,R#0003,R#0004,R#0005,R#0006,R#0007,R#0008,R#0009,R#0010,R#0011,R#0012,R#0013,R#0014,R#0015
2016-04-25 22:34:05.980, data, MessageQueue,0,0,0,0,1001,14,0,0,0,0,61,57,29,37,42,8
2016-04-25 22:34:05.995, field, AgentTransaction,R#0000,R#0011,R#0010,R#0002,R#0013,R#0001,R#0012,R#0004,R#0015,R#0003,R#0014,R#0006,R#0005,R#0008,R#0007,R#0009,Total
2016-04-25 22:34:05.995, data, AgentTransaction,1000,6213795,6417962,544700,3895002,39800,4798685,7309510,243308,3296632,970523,2456194,6824189,17100,361300,200,43389900
2016-04-25 22:34:05.995, field, MessageLatency,R#0000,R#0011,R#0010,R#0002,R#0013,R#0001,R#0012,R#0004,R#0015,R#0003,R#0014,R#0006,R#0005,R#0008,R#0007,R#0009
2016-04-25 22:34:05.995, data, MessageLatency,3899,94,125,10,37,121,40,1311,5,3,53,3,17,246,13,19002
2016-04-25 22:34:06.980, field, MessageQueue,R#0000,R#0001,R#0002,R#0003,R#0004,R#0005,R#0006,R#0007,R#0008,R#0009,R#0010,R#0011,R#0012,R#0013,R#0014,R#0015
2016-04-25 22:34:06.980, data, MessageQueue,0,0,0,0,1001,5,0,0,0,0,23,5,2,8,44,5
2016-04-25 22:34:06.989, field, AgentTransaction,R#0000,R#0011,R#0010,R#0002,R#0013,R#0001,R#0012,R#0004,R#0015,R#0003,R#0014,R#0006,R#0005,R#0008,R#0007,R#0009,Total
2016-04-25 22:34:06.989, data, AgentTransaction,1000,6300959,6509421,550800,3981583,40200,4886396,7393634,327823,3334032,1061698,2484094,6901889,17300,365400,200,44156429
2016-04-25 22:34:06.989, field, MessageLatency,R#0000,R#0011,R#0010,R#0002,R#0013,R#0001,R#0012,R#0004,R#0015,R#0003,R#0014,R#0006,R#0005,R#0008,R#0007,R#0009
2016-04-25 22:34:06.989, data, MessageLatency,3899,3,23,9,8,112,1,1290,6,3,56,3,9,271,12,19002
2016-04-25 22:34:07.980, field, MessageQueue,R#0000,R#0001,R#0002,R#0003,R#0004,R#0005,R#0006,R#0007,R#0008,R#0009,R#0010,R#0011,R#0012,R#0013,R#0014,R#0015
2016-04-25 22:34:07.980, data, MessageQueue,0,0,0,0,1000,18,0,0,0,0,18,18,18,19,28,17
2016-04-25 22:34:08.054, field, AgentTransaction,R#0000,R#0011,R#0010,R#0002,R#0013,R#0001,R#0012,R#0004,R#0015,R#0003,R#0014,R#0006,R#0005,R#0008,R#0007,R#0009,Total
2016-04-25 22:34:08.054, data, AgentTransaction,1000,6382794,6600011,557000,4070571,40700,4969021,7478434,415076,3373832,1145254,2511994,6983389,17500,369700,200,44916476
2016-04-25 22:34:08.054, field, MessageLatency,R#0000,R#0011,R#0010,R#0002,R#0013,R#0001,R#0012,R#0004,R#0015,R#0003,R#0014,R#0006,R#0005,R#0008,R#0007,R#0009
2016-04-25 22:34:08.054, data, MessageLatency,3899,14,2,12,31,106,9,1251,8,1,75,2,22,234,14,19002
2016-04-25 22:34:08.980, field, MessageQueue,R#0000,R#0001,R#0002,R#0003,R#0004,R#0005,R#0006,R#0007,R#0008,R#0009,R#0010,R#0011,R#0012,R#0013,R#0014,R#0015,R#0016
2016-04-25 22:34:08.980, data, MessageQueue,0,0,0,0,1000,12,0,0,0,0,26,10,119,12,96,17,16
2016-04-25 22:34:09.009, field, AgentTransaction,R#0000,R#0011,R#0010,R#0002,R#0013,R#0001,R#0012,R#0004,R#0015,R#0003,R#0014,R#0006,R#0005,R#0016,R#0008,R#0007,R#0009,Total
2016-04-25 22:34:09.009, data, AgentTransaction,1000,6470328,6676919,562800,4149551,41100,5037835,7555741,497594,3406232,1218026,2537994,7050745,69224,17700,373300,200,45666289
2016-04-25 22:34:09.010, field, MessageLatency,R#0000,R#0011,R#0010,R#0002,R#0013,R#0001,R#0012,R#0004,R#0015,R#0003,R#0014,R#0006,R#0005,R#0016,R#0008,R#0007,R#0009
2016-04-25 22:34:09.010, data, MessageLatency,3899,14,34,8,23,116,161,1353,20,3,136,2,18,12,287,9,19002
2016-04-25 22:34:09.980, field, MessageQueue,R#0000,R#0001,R#0002,R#0003,R#0004,R#0005,R#0006,R#0007,R#0008,R#0009,R#0010,R#0011,R#0012,R#0013,R#0014,R#0015,R#0016
2016-04-25 22:34:09.980, data, MessageQueue,0,0,0,0,1001,62,0,0,0,0,29,49,93,49,10,52,17
2016-04-25 22:34:10.054, field, AgentTransaction,R#0000,R#0011,R#0010,R#0002,R#0013,R#0001,R#0012,R#0004,R#0015,R#0003,R#0014,R#0006,R#0017,R#0005,R#0016,R#0008,R#0007,R#0009,Total
2016-04-25 22:34:10.054, data, AgentTransaction,1000,6542210,6755917,568300,4232240,41500,5121302,7630817,581996,3439132,1305047,2562894,112,7112745,147629,17900,376900,200,46437841
2016-04-25 22:34:10.054, field, MessageLatency,R#0000,R#0011,R#0010,R#0002,R#0013,R#0001,R#0012,R#0004,R#0015,R#0003,R#0014,R#0006,R#0017,R#0005,R#0016,R#0008,R#0007,R#0009
2016-04-25 22:34:10.054, data, MessageLatency,3899,74,62,7,62,112,121,1441,62,2,61,19,19,114,36,281,11,19002
2016-04-25 22:34:10.980, field, MessageQueue,R#0000,R#0001,R#0002,R#0003,R#0004,R#0005,R#0006,R#0007,R#0008,R#0009,R#0010,R#0011,R#0012,R#0013,R#0014,R#0015,R#0016,R#0017,R#0018,R#0019,R#0020,R#0021
2016-04-25 22:34:10.980, data, MessageQueue,0,0,0,0,1001,15,0,0,0,0,19,35,28,71,33,23,44,0,2,1,10,1
2016-04-25 22:34:11.002, field, AgentTransaction,R#0000,R#0011,R#0010,R#0021,R#0002,R#0013,R#0001,R#0012,R#0004,R#0015,R#0003,R#0014,R#0006,R#0017,R#0005,R#0016,R#0008,R#0019,R#0007,R#0018,R#0009,R#0020,Total
2016-04-25 22:34:11.002, data, AgentTransaction,1100,6598541,6818479,9111,572400,4293609,41800,5189404,7684897,641441,3464332,1362247,2581394,58239,7171145,205347,18000,37383,379600,57526,200,22456,47208651
2016-04-25 22:34:11.002, field, MessageLatency,R#0000,R#0011,R#0010,R#0021,R#0002,R#0013,R#0001,R#0012,R#0004,R#0015,R#0003,R#0014,R#0006,R#0017,R#0005,R#0016,R#0008,R#0019,R#0007,R#0018,R#0009,R#0020
2016-04-25 22:34:11.002, data, MessageLatency,4560,90,58,10,15,132,138,63,1678,56,7,67,6,8,30,73,316,4,26,7,19002,25
2016-04-25 22:34:11.980, field, MessageQueue,R#0000,R#0001,R#0002,R#0003,R#0004,R#0005,R#0006,R#0007,R#0008,R#0009,R#0010,R#0011,R#0012,R#0013,R#0014,R#0015,R#0016,R#0017,R#0018,R#0019,R#0020,R#0021
2016-04-25 22:34:11.980, data, MessageQueue,0,0,0,1,1001,49,0,0,0,0,52,68,91,38,45,32,84,50,91,44,48,37
2016-04-25 22:34:12.128, field, AgentTransaction,R#0000,R#0011,R#0022,R#0010,R#0021,R#0002,R#0013,R#0001,R#0012,R#0004,R#0015,R#0003,R#0014,R#0006,R#0017,R#0005,R#0016,R#0008,R#0019,R#0007,R#0018,R#0009,R#0020,Total
2016-04-25 22:34:12.128, data, AgentTransaction,1100,6656843,0,6877240,63732,576400,4358741,42100,5248669,7736343,706289,3488732,1424041,2599394,117992,7218438,262455,18100,91711,382300,116060,200,80199,48067079
2016-04-25 22:34:12.128, field, MessageLatency,R#0000,R#0011,R#0022,R#0010,R#0021,R#0002,R#0013,R#0001,R#0012,R#0004,R#0015,R#0003,R#0014,R#0006,R#0017,R#0005,R#0016,R#0008,R#0019,R#0007,R#0018,R#0009,R#0020
2016-04-25 22:34:12.128, data, MessageLatency,4560,136,48,133,68,22,59,158,184,2005,38,4,129,14,95,82,221,437,107,23,194,19002,37
2016-04-25 22:34:12.992, field, MessageQueue,R#0000,R#0001,R#0002,R#0003,R#0004,R#0005,R#0006,R#0007,R#0008,R#0009,R#0010,R#0011,R#0012,R#0013,R#0014,R#0015,R#0016,R#0017,R#0018,R#0019,R#0020,R#0021,R#0022,R#0023,R#0024,R#0025,R#0026
2016-04-25 22:34:12.992, data, MessageQueue,0,0,0,0,1001,24,0,0,0,0,201,49,24,107,108,98,123,77,147,110,69,133,99,10,15,101,1
2016-04-25 22:34:13.062, field, AgentTransaction,R#0011,R#0010,R#0013,R#0012,R#0015,R#0014,R#0017,R#0016,R#0019,R#0018,R#0000,R#0022,R#0021,R#0002,R#0024,R#0001,R#0023,R#0004,R#0026,R#0003,R#0025,R#0006,R#0005,R#0027,R#0008,R#0007,R#0009,R#0020,Total
2016-04-25 22:34:13.062, data, AgentTransaction,6712416,6918190,4406786,5315419,757969,1473085,172523,316719,139866,163569,1100,47871,105518,579700,18437,42300,24857,7779270,272,3508732,2230,2614294,7262038,0,18200,384500,200,133371,48899432
2016-04-25 22:34:13.062, field, MessageLatency,R#0011,R#0010,R#0013,R#0012,R#0015,R#0014,R#0017,R#0016,R#0019,R#0018,R#0000,R#0022,R#0021,R#0002,R#0024,R#0001,R#0023,R#0004,R#0026,R#0003,R#0025,R#0006,R#0005,R#0008,R#0007,R#0009,R#0020
2016-04-25 22:34:13.063, data, MessageLatency,222,481,306,161,309,322,289,320,345,438,4560,318,348,27,150,189,130,2303,141,115,322,4,184,462,43,19002,267
2016-04-25 22:34:13.134, field, AgentLifeTime,R#0011,R#0010,R#0013,R#0012,R#0015,R#0014,R#0017,R#0016,R#0019,R#0018,R#0000,R#0022,R#0021,R#0002,R#0024,R#0001,R#0023,R#0004,R#0026,R#0003,R#0025,R#0006,R#0005,R#0008,R#0007,R#0009,R#0020
2016-04-25 22:34:13.135, data, AgentLifeTime,100091,100138,100092,100065,100092,100140,100074,100138,100089,100142,97759,100090,100142,99898,100054,99613,100035,100082,100045,100005,100143,99894,100077,99194,99898,88618,100091
