"Time","AgentList"
"2015-12-22 00:25:17","","2015-12-22 00:25:17"
"2015-12-22 00:25:17","","2015-12-22 00:25:17"
"2015-12-22 00:25:17","","2015-12-22 00:25:17"
"2015-12-22 00:25:17","","2015-12-22 00:25:17"
"2015-12-22 00:25:17","","2015-12-22 00:25:17"
"2015-12-22 00:25:17","","2015-12-22 00:25:17"
"2015-12-22 00:25:17","","2015-12-22 00:25:17"
"2015-12-22 00:25:17","","2015-12-22 00:25:17"
"2015-12-22 00:25:17","","2015-12-22 00:25:17"
"2015-12-22 00:25:17","","2015-12-22 00:25:17"
"2015-12-22 00:25:17","","2015-12-22 00:25:17"
"2015-12-22 00:25:17","","2015-12-22 00:25:17"
"2015-12-22 00:25:17","","2015-12-22 00:25:17"
"2015-12-22 00:25:17","","2015-12-22 00:25:17"
"2015-12-22 00:25:17","","2015-12-22 00:25:17"
"2015-12-22 00:25:17","","2015-12-22 00:25:17"
"2015-12-22 00:25:17","","2015-12-22 00:25:17"
"2015-12-22 00:25:17","","2015-12-22 00:25:17"
"2015-12-22 00:25:17","","2015-12-22 00:25:17"
"2015-12-22 00:25:17","","2015-12-22 00:25:17"
"2015-12-22 00:25:17","","2015-12-22 00:25:17"
"2015-12-22 00:25:17","","2015-12-22 00:25:17"
"2015-12-22 00:25:17","","2015-12-22 00:25:17"
"2015-12-22 00:25:17","","2015-12-22 00:25:17"
"2015-12-22 00:25:17","","2015-12-22 00:25:17"
"2015-12-22 00:25:17","","2015-12-22 00:25:17"
"2015-12-22 00:25:17","","2015-12-22 00:25:17"
"2015-12-22 00:25:17","","2015-12-22 00:25:17"
"2015-12-22 00:25:17","","2015-12-22 00:25:17"
"2015-12-22 00:25:17","","2015-12-22 00:25:17"
"2015-12-22 00:25:17","","2015-12-22 00:25:17"
"2015-12-22 00:25:17","","2015-12-22 00:25:17"
"2015-12-22 00:25:17","","2015-12-22 00:25:17"
"2015-12-22 00:25:17","","2015-12-22 00:25:17"
"2015-12-22 00:25:17","","2015-12-22 00:25:17"
"2015-12-22 00:25:17","","2015-12-22 00:25:17"
"2015-12-22 00:25:17","","2015-12-22 00:25:17"
"2015-12-22 00:25:17","","2015-12-22 00:25:17"
"2015-12-22 00:25:17","","2015-12-22 00:25:17"
"2015-12-22 00:25:17","","2015-12-22 00:25:17"
"2015-12-22 00:25:17","","2015-12-22 00:25:17"
"2015-12-22 00:25:17","","2015-12-22 00:25:17"
"2015-12-22 00:25:17","","2015-12-22 00:25:17"
"2015-12-22 00:25:17","","2015-12-22 00:25:17"
"2015-12-22 00:25:17","","2015-12-22 00:25:17"
"2015-12-22 00:25:17","","2015-12-22 00:25:17"
"2015-12-22 00:25:17","","2015-12-22 00:25:17"
"2015-12-22 00:25:17","","2015-12-22 00:25:17"
"2015-12-22 00:25:17","","2015-12-22 00:25:17"
"2015-12-22 00:25:17","","2015-12-22 00:25:17"
"2015-12-22 00:25:17","","2015-12-22 00:25:17"
"2015-12-22 00:25:17","","2015-12-22 00:25:17"
"2015-12-22 00:25:17","","2015-12-22 00:25:17"
"2015-12-22 00:25:17","","2015-12-22 00:25:17"
"2015-12-22 00:25:17","","2015-12-22 00:25:17"
"2015-12-22 00:25:17","","2015-12-22 00:25:17"
"2015-12-22 00:25:17","","2015-12-22 00:25:17"
"2015-12-22 00:25:17","","2015-12-22 00:25:17"
"2015-12-22 00:25:17","","2015-12-22 00:25:17"
"2015-12-22 00:25:17","","2015-12-22 00:25:17"
"2015-12-22 00:25:17","","2015-12-22 00:25:17"
"2015-12-22 00:25:17","","2015-12-22 00:25:17"
"2015-12-22 00:25:17","","2015-12-22 00:25:17"
"2015-12-22 00:25:17","","2015-12-22 00:25:17"
"2015-12-22 00:25:17","","2015-12-22 00:25:17"
"2015-12-22 00:25:17","","2015-12-22 00:25:17"
"2015-12-22 00:25:17","","2015-12-22 00:25:17"
"2015-12-22 00:25:17","","2015-12-22 00:25:17"
"2015-12-22 00:25:17","","2015-12-22 00:25:17"
"2015-12-22 00:25:17","","2015-12-22 00:25:17"
"2015-12-22 00:25:17","","2015-12-22 00:25:17"
"2015-12-22 00:25:17","","2015-12-22 00:25:17"
"2015-12-22 00:25:17","","2015-12-22 00:25:17"
"2015-12-22 00:25:17","","2015-12-22 00:25:17"
"2015-12-22 00:25:17","","2015-12-22 00:25:17"
"2015-12-22 00:25:17","","2015-12-22 00:25:17"
"2015-12-22 00:25:17","","2015-12-22 00:25:17"
"2015-12-22 00:25:17","","2015-12-22 00:25:17"
"2015-12-22 00:25:17","","2015-12-22 00:25:17"
"2015-12-22 00:25:17","","2015-12-22 00:25:17"
"2015-12-22 00:25:17","","2015-12-22 00:25:17"
"2015-12-22 00:25:17","","2015-12-22 00:25:17"
"2015-12-22 00:25:17","","2015-12-22 00:25:17"
"2015-12-22 00:25:17","","2015-12-22 00:25:17"
"2015-12-22 00:25:17","","2015-12-22 00:25:17"
"2015-12-22 00:25:17","","2015-12-22 00:25:17"
"2015-12-22 00:25:17","","2015-12-22 00:25:17"
"2015-12-22 00:25:17","","2015-12-22 00:25:17"
"2015-12-22 00:25:17","","2015-12-22 00:25:17"
"2015-12-22 00:25:17","","2015-12-22 00:25:17"
"2015-12-22 00:25:17","","2015-12-22 00:25:17"
"2015-12-22 00:25:17","","2015-12-22 00:25:17"
"2015-12-22 00:25:17","","2015-12-22 00:25:17"
"2015-12-22 00:25:17","","2015-12-22 00:25:17"
"2015-12-22 00:25:17","","2015-12-22 00:25:17"
"2015-12-22 00:25:17","","2015-12-22 00:25:17"
"2015-12-22 00:25:17","","2015-12-22 00:25:17"
"2015-12-22 00:25:17","","2015-12-22 00:25:17"
"2015-12-22 00:25:17","","2015-12-22 00:25:17"
"2015-12-22 00:25:17","","2015-12-22 00:25:17"
"2015-12-22 00:25:17","","2015-12-22 00:25:17"
"2015-12-22 00:25:17","","2015-12-22 00:25:17"
"2015-12-22 00:25:17","","2015-12-22 00:25:17"
"2015-12-22 00:25:17","","2015-12-22 00:25:17"
"2015-12-22 00:25:17","","2015-12-22 00:25:17"
"2015-12-22 00:25:17","","2015-12-22 00:25:17"
"2015-12-22 00:25:17","","2015-12-22 00:25:17"
"2015-12-22 00:25:17","","2015-12-22 00:25:17"
"2015-12-22 00:25:17","","2015-12-22 00:25:17"
"2015-12-22 00:25:17","","2015-12-22 00:25:17"
"2015-12-22 00:26:05","","2015-12-22 00:26:05"
"2015-12-22 00:26:05","","2015-12-22 00:26:05"
"2015-12-22 00:26:06","","2015-12-22 00:26:06"
"2015-12-22 00:26:06","","2015-12-22 00:26:06"
"2015-12-22 00:26:07","","2015-12-22 00:26:07"
"2015-12-22 00:26:07","","2015-12-22 00:26:07"
"2015-12-22 00:26:08","","2015-12-22 00:26:08"
"2015-12-22 00:26:09","","2015-12-22 00:26:09"
"2015-12-22 00:26:10","","2015-12-22 00:26:10"
"2015-12-22 00:26:11","","2015-12-22 00:26:11"
"2015-12-22 00:26:11","","2015-12-22 00:26:11"
"2015-12-22 00:26:12","","2015-12-22 00:26:12"
"2015-12-22 00:26:12","","2015-12-22 00:26:12"
"2015-12-22 00:26:13","","2015-12-22 00:26:13"
"2015-12-22 00:26:14","","2015-12-22 00:26:14"
"2015-12-22 00:26:14","","2015-12-22 00:26:14"
"2015-12-22 00:26:15","","2015-12-22 00:26:15"
"2015-12-22 00:26:18","","2015-12-22 00:26:18"
"2015-12-22 00:26:18","","2015-12-22 00:26:18"
