2015-12-22 00:25:17.006, field, AgentID,R#0000
2015-12-22 00:25:17.007, field, AgentID,R#0000,R#0001
2015-12-22 00:25:17.010, field, AgentID,R#0000,R#0001,R#0002
2015-12-22 00:25:17.010, field, AgentID,R#0000,R#0001,R#0002,R#0003
2015-12-22 00:25:17.011, field, AgentID,R#0000,R#0001,R#0002,R#0003,R#0004
2015-12-22 00:25:17.012, field, AgentID,R#0000,R#0001,R#0002,R#0003,R#0004,R#0005
2015-12-22 00:25:17.014, field, AgentID,R#0000,R#0001,R#0002,R#0003,R#0004,R#0005,R#0006
2015-12-22 00:25:17.017, field, AgentID,R#0000,R#0001,R#0002,R#0003,R#0004,R#0005,R#0006,R#0007
2015-12-22 00:25:17.020, field, AgentID,R#0000,R#0001,R#0002,R#0003,R#0004,R#0005,R#0006,R#0007,R#0008
2015-12-22 00:25:17.022, field, AgentID,R#0000,R#0001,R#0002,R#0003,R#0004,R#0005,R#0006,R#0007,R#0008,R#0009
2015-12-22 00:25:17.024, field, AgentID,R#0000,R#0001,R#0002,R#0003,R#0004,R#0005,R#0006,R#0007,R#0008,R#0009,R#0010
2015-12-22 00:25:17.025, field, AgentID,R#0000,R#0001,R#0002,R#0003,R#0004,R#0005,R#0006,R#0007,R#0008,R#0009,R#0010,R#0011
2015-12-22 00:25:17.025, field, AgentID,R#0000,R#0001,R#0002,R#0003,R#0004,R#0005,R#0006,R#0007,R#0008,R#0009,R#0010,R#0011,R#0012
2015-12-22 00:25:17.027, field, AgentID,R#0000,R#0001,R#0002,R#0003,R#0004,R#0005,R#0006,R#0007,R#0008,R#0009,R#0010,R#0011,R#0012,R#0013
2015-12-22 00:25:17.027, field, AgentID,R#0000,R#0001,R#0002,R#0003,R#0004,R#0005,R#0006,R#0007,R#0008,R#0009,R#0010,R#0011,R#0012,R#0013,R#0014
2015-12-22 00:25:17.028, field, AgentID,R#0000,R#0001,R#0002,R#0003,R#0004,R#0005,R#0006,R#0007,R#0008,R#0009,R#0010,R#0011,R#0012,R#0013,R#0014,R#0015
2015-12-22 00:25:17.029, field, AgentID,R#0000,R#0001,R#0002,R#0003,R#0004,R#0005,R#0006,R#0007,R#0008,R#0009,R#0010,R#0011,R#0012,R#0013,R#0014,R#0015,R#0016
2015-12-22 00:25:17.030, field, AgentID,R#0000,R#0001,R#0002,R#0003,R#0004,R#0005,R#0006,R#0007,R#0008,R#0009,R#0010,R#0011,R#0012,R#0013,R#0014,R#0015,R#0016,R#0017
2015-12-22 00:25:17.031, field, AgentID,R#0000,R#0001,R#0002,R#0003,R#0004,R#0005,R#0006,R#0007,R#0008,R#0009,R#0010,R#0011,R#0012,R#0013,R#0014,R#0015,R#0016,R#0017,R#0018
2015-12-22 00:25:17.032, field, AgentID,R#0000,R#0001,R#0002,R#0003,R#0004,R#0005,R#0006,R#0007,R#0008,R#0009,R#0010,R#0011,R#0012,R#0013,R#0014,R#0015,R#0016,R#0017,R#0018,R#0019
2015-12-22 00:25:17.033, field, AgentID,R#0000,R#0001,R#0002,R#0003,R#0004,R#0005,R#0006,R#0007,R#0008,R#0009,R#0010,R#0011,R#0012,R#0013,R#0014,R#0015,R#0016,R#0017,R#0018,R#0019,R#0020
2015-12-22 00:25:17.034, field, AgentID,R#0000,R#0001,R#0002,R#0003,R#0004,R#0005,R#0006,R#0007,R#0008,R#0009,R#0010,R#0011,R#0012,R#0013,R#0014,R#0015,R#0016,R#0017,R#0018,R#0019,R#0020,R#0021
2015-12-22 00:25:17.035, field, AgentID,R#0000,R#0001,R#0002,R#0003,R#0004,R#0005,R#0006,R#0007,R#0008,R#0009,R#0010,R#0011,R#0012,R#0013,R#0014,R#0015,R#0016,R#0017,R#0018,R#0019,R#0020,R#0021,R#0022
2015-12-22 00:25:17.036, field, AgentID,R#0000,R#0001,R#0002,R#0003,R#0004,R#0005,R#0006,R#0007,R#0008,R#0009,R#0010,R#0011,R#0012,R#0013,R#0014,R#0015,R#0016,R#0017,R#0018,R#0019,R#0020,R#0021,R#0022,R#0023
2015-12-22 00:25:17.037, field, AgentID,R#0000,R#0001,R#0002,R#0003,R#0004,R#0005,R#0006,R#0007,R#0008,R#0009,R#0010,R#0011,R#0012,R#0013,R#0014,R#0015,R#0016,R#0017,R#0018,R#0019,R#0020,R#0021,R#0022,R#0023,R#0024
2015-12-22 00:25:17.038, field, AgentID,R#0000,R#0001,R#0002,R#0003,R#0004,R#0005,R#0006,R#0007,R#0008,R#0009,R#0010,R#0011,R#0012,R#0013,R#0014,R#0015,R#0016,R#0017,R#0018,R#0019,R#0020,R#0021,R#0022,R#0023,R#0024,R#0025
2015-12-22 00:25:17.039, field, AgentID,R#0000,R#0001,R#0002,R#0003,R#0004,R#0005,R#0006,R#0007,R#0008,R#0009,R#0010,R#0011,R#0012,R#0013,R#0014,R#0015,R#0016,R#0017,R#0018,R#0019,R#0020,R#0021,R#0022,R#0023,R#0024,R#0025,R#0026
2015-12-22 00:25:17.039, field, AgentID,R#0000,R#0001,R#0002,R#0003,R#0004,R#0005,R#0006,R#0007,R#0008,R#0009,R#0010,R#0011,R#0012,R#0013,R#0014,R#0015,R#0016,R#0017,R#0018,R#0019,R#0020,R#0021,R#0022,R#0023,R#0024,R#0025,R#0026,R#0027
2015-12-22 00:25:17.040, field, AgentID,R#0000,R#0001,R#0002,R#0003,R#0004,R#0005,R#0006,R#0007,R#0008,R#0009,R#0010,R#0011,R#0012,R#0013,R#0014,R#0015,R#0016,R#0017,R#0018,R#0019,R#0020,R#0021,R#0022,R#0023,R#0024,R#0025,R#0026,R#0027,R#0028
2015-12-22 00:25:17.041, field, AgentID,R#0000,R#0001,R#0002,R#0003,R#0004,R#0005,R#0006,R#0007,R#0008,R#0009,R#0010,R#0011,R#0012,R#0013,R#0014,R#0015,R#0016,R#0017,R#0018,R#0019,R#0020,R#0021,R#0022,R#0023,R#0024,R#0025,R#0026,R#0027,R#0028,R#0029
2015-12-22 00:25:17.042, field, AgentID,R#0000,R#0001,R#0002,R#0003,R#0004,R#0005,R#0006,R#0007,R#0008,R#0009,R#0010,R#0011,R#0012,R#0013,R#0014,R#0015,R#0016,R#0017,R#0018,R#0019,R#0020,R#0021,R#0022,R#0023,R#0024,R#0025,R#0026,R#0027,R#0028,R#0029,R#0030
2015-12-22 00:25:17.042, field, AgentID,R#0000,R#0001,R#0002,R#0003,R#0004,R#0005,R#0006,R#0007,R#0008,R#0009,R#0010,R#0011,R#0012,R#0013,R#0014,R#0015,R#0016,R#0017,R#0018,R#0019,R#0020,R#0021,R#0022,R#0023,R#0024,R#0025,R#0026,R#0027,R#0028,R#0029,R#0030,R#0031
2015-12-22 00:25:17.043, field, AgentID,R#0000,R#0001,R#0002,R#0003,R#0004,R#0005,R#0006,R#0007,R#0008,R#0009,R#0010,R#0011,R#0012,R#0013,R#0014,R#0015,R#0016,R#0017,R#0018,R#0019,R#0020,R#0021,R#0022,R#0023,R#0024,R#0025,R#0026,R#0027,R#0028,R#0029,R#0030,R#0031,R#0032
2015-12-22 00:25:17.044, field, AgentID,R#0000,R#0001,R#0002,R#0003,R#0004,R#0005,R#0006,R#0007,R#0008,R#0009,R#0010,R#0011,R#0012,R#0013,R#0014,R#0015,R#0016,R#0017,R#0018,R#0019,R#0020,R#0021,R#0022,R#0023,R#0024,R#0025,R#0026,R#0027,R#0028,R#0029,R#0030,R#0031,R#0032,R#0033
2015-12-22 00:25:17.045, field, AgentID,R#0000,R#0001,R#0002,R#0003,R#0004,R#0005,R#0006,R#0007,R#0008,R#0009,R#0010,R#0011,R#0012,R#0013,R#0014,R#0015,R#0016,R#0017,R#0018,R#0019,R#0020,R#0021,R#0022,R#0023,R#0024,R#0025,R#0026,R#0027,R#0028,R#0029,R#0030,R#0031,R#0032,R#0033,R#0034
2015-12-22 00:25:17.045, field, AgentID,R#0000,R#0001,R#0002,R#0003,R#0004,R#0005,R#0006,R#0007,R#0008,R#0009,R#0010,R#0011,R#0012,R#0013,R#0014,R#0015,R#0016,R#0017,R#0018,R#0019,R#0020,R#0021,R#0022,R#0023,R#0024,R#0025,R#0026,R#0027,R#0028,R#0029,R#0030,R#0031,R#0032,R#0033,R#0034,R#0035
2015-12-22 00:25:17.046, field, AgentID,R#0000,R#0001,R#0002,R#0003,R#0004,R#0005,R#0006,R#0007,R#0008,R#0009,R#0010,R#0011,R#0012,R#0013,R#0014,R#0015,R#0016,R#0017,R#0018,R#0019,R#0020,R#0021,R#0022,R#0023,R#0024,R#0025,R#0026,R#0027,R#0028,R#0029,R#0030,R#0031,R#0032,R#0033,R#0034,R#0035,R#0036
2015-12-22 00:25:17.047, field, AgentID,R#0000,R#0001,R#0002,R#0003,R#0004,R#0005,R#0006,R#0007,R#0008,R#0009,R#0010,R#0011,R#0012,R#0013,R#0014,R#0015,R#0016,R#0017,R#0018,R#0019,R#0020,R#0021,R#0022,R#0023,R#0024,R#0025,R#0026,R#0027,R#0028,R#0029,R#0030,R#0031,R#0032,R#0033,R#0034,R#0035,R#0036,R#0037
2015-12-22 00:25:17.048, field, AgentID,R#0000,R#0001,R#0002,R#0003,R#0004,R#0005,R#0006,R#0007,R#0008,R#0009,R#0010,R#0011,R#0012,R#0013,R#0014,R#0015,R#0016,R#0017,R#0018,R#0019,R#0020,R#0021,R#0022,R#0023,R#0024,R#0025,R#0026,R#0027,R#0028,R#0029,R#0030,R#0031,R#0032,R#0033,R#0034,R#0035,R#0036,R#0037,R#0038
2015-12-22 00:25:17.050, field, AgentID,R#0000,R#0001,R#0002,R#0003,R#0004,R#0005,R#0006,R#0007,R#0008,R#0009,R#0010,R#0011,R#0012,R#0013,R#0014,R#0015,R#0016,R#0017,R#0018,R#0019,R#0020,R#0021,R#0022,R#0023,R#0024,R#0025,R#0026,R#0027,R#0028,R#0029,R#0030,R#0031,R#0032,R#0033,R#0034,R#0035,R#0036,R#0037,R#0038,R#0039
2015-12-22 00:25:17.051, field, AgentID,R#0000,R#0001,R#0002,R#0003,R#0004,R#0005,R#0006,R#0007,R#0008,R#0009,R#0010,R#0011,R#0012,R#0013,R#0014,R#0015,R#0016,R#0017,R#0018,R#0019,R#0020,R#0021,R#0022,R#0023,R#0024,R#0025,R#0026,R#0027,R#0028,R#0029,R#0030,R#0031,R#0032,R#0033,R#0034,R#0035,R#0036,R#0037,R#0038,R#0039,R#0040
2015-12-22 00:25:17.052, field, AgentID,R#0000,R#0001,R#0002,R#0003,R#0004,R#0005,R#0006,R#0007,R#0008,R#0009,R#0010,R#0011,R#0012,R#0013,R#0014,R#0015,R#0016,R#0017,R#0018,R#0019,R#0020,R#0021,R#0022,R#0023,R#0024,R#0025,R#0026,R#0027,R#0028,R#0029,R#0030,R#0031,R#0032,R#0033,R#0034,R#0035,R#0036,R#0037,R#0038,R#0039,R#0040,R#0041
2015-12-22 00:25:17.053, field, AgentID,R#0000,R#0001,R#0002,R#0003,R#0004,R#0005,R#0006,R#0007,R#0008,R#0009,R#0010,R#0011,R#0012,R#0013,R#0014,R#0015,R#0016,R#0017,R#0018,R#0019,R#0020,R#0021,R#0022,R#0023,R#0024,R#0025,R#0026,R#0027,R#0028,R#0029,R#0030,R#0031,R#0032,R#0033,R#0034,R#0035,R#0036,R#0037,R#0038,R#0039,R#0040,R#0041,R#0042
2015-12-22 00:25:17.054, field, AgentID,R#0000,R#0001,R#0002,R#0003,R#0004,R#0005,R#0006,R#0007,R#0008,R#0009,R#0010,R#0011,R#0012,R#0013,R#0014,R#0015,R#0016,R#0017,R#0018,R#0019,R#0020,R#0021,R#0022,R#0023,R#0024,R#0025,R#0026,R#0027,R#0028,R#0029,R#0030,R#0031,R#0032,R#0033,R#0034,R#0035,R#0036,R#0037,R#0038,R#0039,R#0040,R#0041,R#0042,R#0043
2015-12-22 00:25:17.055, field, AgentID,R#0000,R#0001,R#0002,R#0003,R#0004,R#0005,R#0006,R#0007,R#0008,R#0009,R#0010,R#0011,R#0012,R#0013,R#0014,R#0015,R#0016,R#0017,R#0018,R#0019,R#0020,R#0021,R#0022,R#0023,R#0024,R#0025,R#0026,R#0027,R#0028,R#0029,R#0030,R#0031,R#0032,R#0033,R#0034,R#0035,R#0036,R#0037,R#0038,R#0039,R#0040,R#0041,R#0042,R#0043,R#0044
2015-12-22 00:25:17.056, field, AgentID,R#0000,R#0001,R#0002,R#0003,R#0004,R#0005,R#0006,R#0007,R#0008,R#0009,R#0010,R#0011,R#0012,R#0013,R#0014,R#0015,R#0016,R#0017,R#0018,R#0019,R#0020,R#0021,R#0022,R#0023,R#0024,R#0025,R#0026,R#0027,R#0028,R#0029,R#0030,R#0031,R#0032,R#0033,R#0034,R#0035,R#0036,R#0037,R#0038,R#0039,R#0040,R#0041,R#0042,R#0043,R#0044,R#0045
2015-12-22 00:25:17.056, field, AgentID,R#0000,R#0001,R#0002,R#0003,R#0004,R#0005,R#0006,R#0007,R#0008,R#0009,R#0010,R#0011,R#0012,R#0013,R#0014,R#0015,R#0016,R#0017,R#0018,R#0019,R#0020,R#0021,R#0022,R#0023,R#0024,R#0025,R#0026,R#0027,R#0028,R#0029,R#0030,R#0031,R#0032,R#0033,R#0034,R#0035,R#0036,R#0037,R#0038,R#0039,R#0040,R#0041,R#0042,R#0043,R#0044,R#0045,R#0046
2015-12-22 00:25:17.057, field, AgentID,R#0000,R#0001,R#0002,R#0003,R#0004,R#0005,R#0006,R#0007,R#0008,R#0009,R#0010,R#0011,R#0012,R#0013,R#0014,R#0015,R#0016,R#0017,R#0018,R#0019,R#0020,R#0021,R#0022,R#0023,R#0024,R#0025,R#0026,R#0027,R#0028,R#0029,R#0030,R#0031,R#0032,R#0033,R#0034,R#0035,R#0036,R#0037,R#0038,R#0039,R#0040,R#0041,R#0042,R#0043,R#0044,R#0045,R#0046,R#0047
2015-12-22 00:25:17.058, field, AgentID,R#0000,R#0001,R#0002,R#0003,R#0004,R#0005,R#0006,R#0007,R#0008,R#0009,R#0010,R#0011,R#0012,R#0013,R#0014,R#0015,R#0016,R#0017,R#0018,R#0019,R#0020,R#0021,R#0022,R#0023,R#0024,R#0025,R#0026,R#0027,R#0028,R#0029,R#0030,R#0031,R#0032,R#0033,R#0034,R#0035,R#0036,R#0037,R#0038,R#0039,R#0040,R#0041,R#0042,R#0043,R#0044,R#0045,R#0046,R#0047,R#0048
2015-12-22 00:25:17.059, field, AgentID,R#0000,R#0001,R#0002,R#0003,R#0004,R#0005,R#0006,R#0007,R#0008,R#0009,R#0010,R#0011,R#0012,R#0013,R#0014,R#0015,R#0016,R#0017,R#0018,R#0019,R#0020,R#0021,R#0022,R#0023,R#0024,R#0025,R#0026,R#0027,R#0028,R#0029,R#0030,R#0031,R#0032,R#0033,R#0034,R#0035,R#0036,R#0037,R#0038,R#0039,R#0040,R#0041,R#0042,R#0043,R#0044,R#0045,R#0046,R#0047,R#0048,R#0049
2015-12-22 00:25:17.059, field, AgentID,R#0000,R#0001,R#0002,R#0003,R#0004,R#0005,R#0006,R#0007,R#0008,R#0009,R#0010,R#0011,R#0012,R#0013,R#0014,R#0015,R#0016,R#0017,R#0018,R#0019,R#0020,R#0021,R#0022,R#0023,R#0024,R#0025,R#0026,R#0027,R#0028,R#0029,R#0030,R#0031,R#0032,R#0033,R#0034,R#0035,R#0036,R#0037,R#0038,R#0039,R#0040,R#0041,R#0042,R#0043,R#0044,R#0045,R#0046,R#0047,R#0048,R#0049,R#0050
2015-12-22 00:25:17.060, field, AgentID,R#0000,R#0001,R#0002,R#0003,R#0004,R#0005,R#0006,R#0007,R#0008,R#0009,R#0010,R#0011,R#0012,R#0013,R#0014,R#0015,R#0016,R#0017,R#0018,R#0019,R#0020,R#0021,R#0022,R#0023,R#0024,R#0025,R#0026,R#0027,R#0028,R#0029,R#0030,R#0031,R#0032,R#0033,R#0034,R#0035,R#0036,R#0037,R#0038,R#0039,R#0040,R#0041,R#0042,R#0043,R#0044,R#0045,R#0046,R#0047,R#0048,R#0049,R#0050,R#0051
2015-12-22 00:25:17.061, field, AgentID,R#0000,R#0001,R#0002,R#0003,R#0004,R#0005,R#0006,R#0007,R#0008,R#0009,R#0010,R#0011,R#0012,R#0013,R#0014,R#0015,R#0016,R#0017,R#0018,R#0019,R#0020,R#0021,R#0022,R#0023,R#0024,R#0025,R#0026,R#0027,R#0028,R#0029,R#0030,R#0031,R#0032,R#0033,R#0034,R#0035,R#0036,R#0037,R#0038,R#0039,R#0040,R#0041,R#0042,R#0043,R#0044,R#0045,R#0046,R#0047,R#0048,R#0049,R#0050,R#0051,R#0052
2015-12-22 00:25:17.062, field, AgentID,R#0000,R#0001,R#0002,R#0003,R#0004,R#0005,R#0006,R#0007,R#0008,R#0009,R#0010,R#0011,R#0012,R#0013,R#0014,R#0015,R#0016,R#0017,R#0018,R#0019,R#0020,R#0021,R#0022,R#0023,R#0024,R#0025,R#0026,R#0027,R#0028,R#0029,R#0030,R#0031,R#0032,R#0033,R#0034,R#0035,R#0036,R#0037,R#0038,R#0039,R#0040,R#0041,R#0042,R#0043,R#0044,R#0045,R#0046,R#0047,R#0048,R#0049,R#0050,R#0051,R#0052,R#0053
2015-12-22 00:25:17.063, field, AgentID,R#0000,R#0001,R#0002,R#0003,R#0004,R#0005,R#0006,R#0007,R#0008,R#0009,R#0010,R#0011,R#0012,R#0013,R#0014,R#0015,R#0016,R#0017,R#0018,R#0019,R#0020,R#0021,R#0022,R#0023,R#0024,R#0025,R#0026,R#0027,R#0028,R#0029,R#0030,R#0031,R#0032,R#0033,R#0034,R#0035,R#0036,R#0037,R#0038,R#0039,R#0040,R#0041,R#0042,R#0043,R#0044,R#0045,R#0046,R#0047,R#0048,R#0049,R#0050,R#0051,R#0052,R#0053,R#0054
2015-12-22 00:25:17.064, field, AgentID,R#0000,R#0001,R#0002,R#0003,R#0004,R#0005,R#0006,R#0007,R#0008,R#0009,R#0010,R#0011,R#0012,R#0013,R#0014,R#0015,R#0016,R#0017,R#0018,R#0019,R#0020,R#0021,R#0022,R#0023,R#0024,R#0025,R#0026,R#0027,R#0028,R#0029,R#0030,R#0031,R#0032,R#0033,R#0034,R#0035,R#0036,R#0037,R#0038,R#0039,R#0040,R#0041,R#0042,R#0043,R#0044,R#0045,R#0046,R#0047,R#0048,R#0049,R#0050,R#0051,R#0052,R#0053,R#0054,R#0055
2015-12-22 00:25:17.065, field, AgentID,R#0000,R#0001,R#0002,R#0003,R#0004,R#0005,R#0006,R#0007,R#0008,R#0009,R#0010,R#0011,R#0012,R#0013,R#0014,R#0015,R#0016,R#0017,R#0018,R#0019,R#0020,R#0021,R#0022,R#0023,R#0024,R#0025,R#0026,R#0027,R#0028,R#0029,R#0030,R#0031,R#0032,R#0033,R#0034,R#0035,R#0036,R#0037,R#0038,R#0039,R#0040,R#0041,R#0042,R#0043,R#0044,R#0045,R#0046,R#0047,R#0048,R#0049,R#0050,R#0051,R#0052,R#0053,R#0054,R#0055,R#0056
2015-12-22 00:25:17.066, field, AgentID,R#0000,R#0001,R#0002,R#0003,R#0004,R#0005,R#0006,R#0007,R#0008,R#0009,R#0010,R#0011,R#0012,R#0013,R#0014,R#0015,R#0016,R#0017,R#0018,R#0019,R#0020,R#0021,R#0022,R#0023,R#0024,R#0025,R#0026,R#0027,R#0028,R#0029,R#0030,R#0031,R#0032,R#0033,R#0034,R#0035,R#0036,R#0037,R#0038,R#0039,R#0040,R#0041,R#0042,R#0043,R#0044,R#0045,R#0046,R#0047,R#0048,R#0049,R#0050,R#0051,R#0052,R#0053,R#0054,R#0055,R#0056,R#0057
2015-12-22 00:25:17.066, field, AgentID,R#0000,R#0001,R#0002,R#0003,R#0004,R#0005,R#0006,R#0007,R#0008,R#0009,R#0010,R#0011,R#0012,R#0013,R#0014,R#0015,R#0016,R#0017,R#0018,R#0019,R#0020,R#0021,R#0022,R#0023,R#0024,R#0025,R#0026,R#0027,R#0028,R#0029,R#0030,R#0031,R#0032,R#0033,R#0034,R#0035,R#0036,R#0037,R#0038,R#0039,R#0040,R#0041,R#0042,R#0043,R#0044,R#0045,R#0046,R#0047,R#0048,R#0049,R#0050,R#0051,R#0052,R#0053,R#0054,R#0055,R#0056,R#0057,R#0058
2015-12-22 00:25:17.067, field, AgentID,R#0000,R#0001,R#0002,R#0003,R#0004,R#0005,R#0006,R#0007,R#0008,R#0009,R#0010,R#0011,R#0012,R#0013,R#0014,R#0015,R#0016,R#0017,R#0018,R#0019,R#0020,R#0021,R#0022,R#0023,R#0024,R#0025,R#0026,R#0027,R#0028,R#0029,R#0030,R#0031,R#0032,R#0033,R#0034,R#0035,R#0036,R#0037,R#0038,R#0039,R#0040,R#0041,R#0042,R#0043,R#0044,R#0045,R#0046,R#0047,R#0048,R#0049,R#0050,R#0051,R#0052,R#0053,R#0054,R#0055,R#0056,R#0057,R#0058,R#0059
2015-12-22 00:25:17.068, field, AgentID,R#0000,R#0001,R#0002,R#0003,R#0004,R#0005,R#0006,R#0007,R#0008,R#0009,R#0010,R#0011,R#0012,R#0013,R#0014,R#0015,R#0016,R#0017,R#0018,R#0019,R#0020,R#0021,R#0022,R#0023,R#0024,R#0025,R#0026,R#0027,R#0028,R#0029,R#0030,R#0031,R#0032,R#0033,R#0034,R#0035,R#0036,R#0037,R#0038,R#0039,R#0040,R#0041,R#0042,R#0043,R#0044,R#0045,R#0046,R#0047,R#0048,R#0049,R#0050,R#0051,R#0052,R#0053,R#0054,R#0055,R#0056,R#0057,R#0058,R#0059,R#0060
2015-12-22 00:25:17.071, field, AgentID,R#0000,R#0001,R#0002,R#0003,R#0004,R#0005,R#0006,R#0007,R#0008,R#0009,R#0010,R#0011,R#0012,R#0013,R#0014,R#0015,R#0016,R#0017,R#0018,R#0019,R#0020,R#0021,R#0022,R#0023,R#0024,R#0025,R#0026,R#0027,R#0028,R#0029,R#0030,R#0031,R#0032,R#0033,R#0034,R#0035,R#0036,R#0037,R#0038,R#0039,R#0040,R#0041,R#0042,R#0043,R#0044,R#0045,R#0046,R#0047,R#0048,R#0049,R#0050,R#0051,R#0052,R#0053,R#0054,R#0055,R#0056,R#0057,R#0058,R#0059,R#0060,R#0061
2015-12-22 00:25:17.073, field, AgentID,R#0000,R#0001,R#0002,R#0003,R#0004,R#0005,R#0006,R#0007,R#0008,R#0009,R#0010,R#0011,R#0012,R#0013,R#0014,R#0015,R#0016,R#0017,R#0018,R#0019,R#0020,R#0021,R#0022,R#0023,R#0024,R#0025,R#0026,R#0027,R#0028,R#0029,R#0030,R#0031,R#0032,R#0033,R#0034,R#0035,R#0036,R#0037,R#0038,R#0039,R#0040,R#0041,R#0042,R#0043,R#0044,R#0045,R#0046,R#0047,R#0048,R#0049,R#0050,R#0051,R#0052,R#0053,R#0054,R#0055,R#0056,R#0057,R#0058,R#0059,R#0060,R#0061,R#0062
2015-12-22 00:25:17.074, field, AgentID,R#0000,R#0001,R#0002,R#0003,R#0004,R#0005,R#0006,R#0007,R#0008,R#0009,R#0010,R#0011,R#0012,R#0013,R#0014,R#0015,R#0016,R#0017,R#0018,R#0019,R#0020,R#0021,R#0022,R#0023,R#0024,R#0025,R#0026,R#0027,R#0028,R#0029,R#0030,R#0031,R#0032,R#0033,R#0034,R#0035,R#0036,R#0037,R#0038,R#0039,R#0040,R#0041,R#0042,R#0043,R#0044,R#0045,R#0046,R#0047,R#0048,R#0049,R#0050,R#0051,R#0052,R#0053,R#0054,R#0055,R#0056,R#0057,R#0058,R#0059,R#0060,R#0061,R#0062,R#0063
2015-12-22 00:25:17.075, field, AgentID,R#0000,R#0001,R#0002,R#0003,R#0004,R#0005,R#0006,R#0007,R#0008,R#0009,R#0010,R#0011,R#0012,R#0013,R#0014,R#0015,R#0016,R#0017,R#0018,R#0019,R#0020,R#0021,R#0022,R#0023,R#0024,R#0025,R#0026,R#0027,R#0028,R#0029,R#0030,R#0031,R#0032,R#0033,R#0034,R#0035,R#0036,R#0037,R#0038,R#0039,R#0040,R#0041,R#0042,R#0043,R#0044,R#0045,R#0046,R#0047,R#0048,R#0049,R#0050,R#0051,R#0052,R#0053,R#0054,R#0055,R#0056,R#0057,R#0058,R#0059,R#0060,R#0061,R#0062,R#0063,R#0064
2015-12-22 00:25:17.077, field, AgentID,R#0000,R#0001,R#0002,R#0003,R#0004,R#0005,R#0006,R#0007,R#0008,R#0009,R#0010,R#0011,R#0012,R#0013,R#0014,R#0015,R#0016,R#0017,R#0018,R#0019,R#0020,R#0021,R#0022,R#0023,R#0024,R#0025,R#0026,R#0027,R#0028,R#0029,R#0030,R#0031,R#0032,R#0033,R#0034,R#0035,R#0036,R#0037,R#0038,R#0039,R#0040,R#0041,R#0042,R#0043,R#0044,R#0045,R#0046,R#0047,R#0048,R#0049,R#0050,R#0051,R#0052,R#0053,R#0054,R#0055,R#0056,R#0057,R#0058,R#0059,R#0060,R#0061,R#0062,R#0063,R#0064,R#0065
2015-12-22 00:25:17.078, field, AgentID,R#0000,R#0001,R#0002,R#0003,R#0004,R#0005,R#0006,R#0007,R#0008,R#0009,R#0010,R#0011,R#0012,R#0013,R#0014,R#0015,R#0016,R#0017,R#0018,R#0019,R#0020,R#0021,R#0022,R#0023,R#0024,R#0025,R#0026,R#0027,R#0028,R#0029,R#0030,R#0031,R#0032,R#0033,R#0034,R#0035,R#0036,R#0037,R#0038,R#0039,R#0040,R#0041,R#0042,R#0043,R#0044,R#0045,R#0046,R#0047,R#0048,R#0049,R#0050,R#0051,R#0052,R#0053,R#0054,R#0055,R#0056,R#0057,R#0058,R#0059,R#0060,R#0061,R#0062,R#0063,R#0064,R#0065,R#0066
2015-12-22 00:25:17.079, field, AgentID,R#0000,R#0001,R#0002,R#0003,R#0004,R#0005,R#0006,R#0007,R#0008,R#0009,R#0010,R#0011,R#0012,R#0013,R#0014,R#0015,R#0016,R#0017,R#0018,R#0019,R#0020,R#0021,R#0022,R#0023,R#0024,R#0025,R#0026,R#0027,R#0028,R#0029,R#0030,R#0031,R#0032,R#0033,R#0034,R#0035,R#0036,R#0037,R#0038,R#0039,R#0040,R#0041,R#0042,R#0043,R#0044,R#0045,R#0046,R#0047,R#0048,R#0049,R#0050,R#0051,R#0052,R#0053,R#0054,R#0055,R#0056,R#0057,R#0058,R#0059,R#0060,R#0061,R#0062,R#0063,R#0064,R#0065,R#0066,R#0067
2015-12-22 00:25:17.080, field, AgentID,R#0000,R#0001,R#0002,R#0003,R#0004,R#0005,R#0006,R#0007,R#0008,R#0009,R#0010,R#0011,R#0012,R#0013,R#0014,R#0015,R#0016,R#0017,R#0018,R#0019,R#0020,R#0021,R#0022,R#0023,R#0024,R#0025,R#0026,R#0027,R#0028,R#0029,R#0030,R#0031,R#0032,R#0033,R#0034,R#0035,R#0036,R#0037,R#0038,R#0039,R#0040,R#0041,R#0042,R#0043,R#0044,R#0045,R#0046,R#0047,R#0048,R#0049,R#0050,R#0051,R#0052,R#0053,R#0054,R#0055,R#0056,R#0057,R#0058,R#0059,R#0060,R#0061,R#0062,R#0063,R#0064,R#0065,R#0066,R#0067,R#0068
2015-12-22 00:25:17.081, field, AgentID,R#0000,R#0001,R#0002,R#0003,R#0004,R#0005,R#0006,R#0007,R#0008,R#0009,R#0010,R#0011,R#0012,R#0013,R#0014,R#0015,R#0016,R#0017,R#0018,R#0019,R#0020,R#0021,R#0022,R#0023,R#0024,R#0025,R#0026,R#0027,R#0028,R#0029,R#0030,R#0031,R#0032,R#0033,R#0034,R#0035,R#0036,R#0037,R#0038,R#0039,R#0040,R#0041,R#0042,R#0043,R#0044,R#0045,R#0046,R#0047,R#0048,R#0049,R#0050,R#0051,R#0052,R#0053,R#0054,R#0055,R#0056,R#0057,R#0058,R#0059,R#0060,R#0061,R#0062,R#0063,R#0064,R#0065,R#0066,R#0067,R#0068,R#0069
2015-12-22 00:25:17.082, field, AgentID,R#0000,R#0001,R#0002,R#0003,R#0004,R#0005,R#0006,R#0007,R#0008,R#0009,R#0010,R#0011,R#0012,R#0013,R#0014,R#0015,R#0016,R#0017,R#0018,R#0019,R#0020,R#0021,R#0022,R#0023,R#0024,R#0025,R#0026,R#0027,R#0028,R#0029,R#0030,R#0031,R#0032,R#0033,R#0034,R#0035,R#0036,R#0037,R#0038,R#0039,R#0040,R#0041,R#0042,R#0043,R#0044,R#0045,R#0046,R#0047,R#0048,R#0049,R#0050,R#0051,R#0052,R#0053,R#0054,R#0055,R#0056,R#0057,R#0058,R#0059,R#0060,R#0061,R#0062,R#0063,R#0064,R#0065,R#0066,R#0067,R#0068,R#0069,R#0070
2015-12-22 00:25:17.082, field, AgentID,R#0000,R#0001,R#0002,R#0003,R#0004,R#0005,R#0006,R#0007,R#0008,R#0009,R#0010,R#0011,R#0012,R#0013,R#0014,R#0015,R#0016,R#0017,R#0018,R#0019,R#0020,R#0021,R#0022,R#0023,R#0024,R#0025,R#0026,R#0027,R#0028,R#0029,R#0030,R#0031,R#0032,R#0033,R#0034,R#0035,R#0036,R#0037,R#0038,R#0039,R#0040,R#0041,R#0042,R#0043,R#0044,R#0045,R#0046,R#0047,R#0048,R#0049,R#0050,R#0051,R#0052,R#0053,R#0054,R#0055,R#0056,R#0057,R#0058,R#0059,R#0060,R#0061,R#0062,R#0063,R#0064,R#0065,R#0066,R#0067,R#0068,R#0069,R#0070,R#0071
2015-12-22 00:25:17.083, field, AgentID,R#0000,R#0001,R#0002,R#0003,R#0004,R#0005,R#0006,R#0007,R#0008,R#0009,R#0010,R#0011,R#0012,R#0013,R#0014,R#0015,R#0016,R#0017,R#0018,R#0019,R#0020,R#0021,R#0022,R#0023,R#0024,R#0025,R#0026,R#0027,R#0028,R#0029,R#0030,R#0031,R#0032,R#0033,R#0034,R#0035,R#0036,R#0037,R#0038,R#0039,R#0040,R#0041,R#0042,R#0043,R#0044,R#0045,R#0046,R#0047,R#0048,R#0049,R#0050,R#0051,R#0052,R#0053,R#0054,R#0055,R#0056,R#0057,R#0058,R#0059,R#0060,R#0061,R#0062,R#0063,R#0064,R#0065,R#0066,R#0067,R#0068,R#0069,R#0070,R#0071,R#0072
2015-12-22 00:25:17.084, field, AgentID,R#0000,R#0001,R#0002,R#0003,R#0004,R#0005,R#0006,R#0007,R#0008,R#0009,R#0010,R#0011,R#0012,R#0013,R#0014,R#0015,R#0016,R#0017,R#0018,R#0019,R#0020,R#0021,R#0022,R#0023,R#0024,R#0025,R#0026,R#0027,R#0028,R#0029,R#0030,R#0031,R#0032,R#0033,R#0034,R#0035,R#0036,R#0037,R#0038,R#0039,R#0040,R#0041,R#0042,R#0043,R#0044,R#0045,R#0046,R#0047,R#0048,R#0049,R#0050,R#0051,R#0052,R#0053,R#0054,R#0055,R#0056,R#0057,R#0058,R#0059,R#0060,R#0061,R#0062,R#0063,R#0064,R#0065,R#0066,R#0067,R#0068,R#0069,R#0070,R#0071,R#0072,R#0073
2015-12-22 00:25:17.084, field, AgentID,R#0000,R#0001,R#0002,R#0003,R#0004,R#0005,R#0006,R#0007,R#0008,R#0009,R#0010,R#0011,R#0012,R#0013,R#0014,R#0015,R#0016,R#0017,R#0018,R#0019,R#0020,R#0021,R#0022,R#0023,R#0024,R#0025,R#0026,R#0027,R#0028,R#0029,R#0030,R#0031,R#0032,R#0033,R#0034,R#0035,R#0036,R#0037,R#0038,R#0039,R#0040,R#0041,R#0042,R#0043,R#0044,R#0045,R#0046,R#0047,R#0048,R#0049,R#0050,R#0051,R#0052,R#0053,R#0054,R#0055,R#0056,R#0057,R#0058,R#0059,R#0060,R#0061,R#0062,R#0063,R#0064,R#0065,R#0066,R#0067,R#0068,R#0069,R#0070,R#0071,R#0072,R#0073,R#0074
2015-12-22 00:25:17.086, field, AgentID,R#0000,R#0001,R#0002,R#0003,R#0004,R#0005,R#0006,R#0007,R#0008,R#0009,R#0010,R#0011,R#0012,R#0013,R#0014,R#0015,R#0016,R#0017,R#0018,R#0019,R#0020,R#0021,R#0022,R#0023,R#0024,R#0025,R#0026,R#0027,R#0028,R#0029,R#0030,R#0031,R#0032,R#0033,R#0034,R#0035,R#0036,R#0037,R#0038,R#0039,R#0040,R#0041,R#0042,R#0043,R#0044,R#0045,R#0046,R#0047,R#0048,R#0049,R#0050,R#0051,R#0052,R#0053,R#0054,R#0055,R#0056,R#0057,R#0058,R#0059,R#0060,R#0061,R#0062,R#0063,R#0064,R#0065,R#0066,R#0067,R#0068,R#0069,R#0070,R#0071,R#0072,R#0073,R#0074,R#0075
2015-12-22 00:25:17.087, field, AgentID,R#0000,R#0001,R#0002,R#0003,R#0004,R#0005,R#0006,R#0007,R#0008,R#0009,R#0010,R#0011,R#0012,R#0013,R#0014,R#0015,R#0016,R#0017,R#0018,R#0019,R#0020,R#0021,R#0022,R#0023,R#0024,R#0025,R#0026,R#0027,R#0028,R#0029,R#0030,R#0031,R#0032,R#0033,R#0034,R#0035,R#0036,R#0037,R#0038,R#0039,R#0040,R#0041,R#0042,R#0043,R#0044,R#0045,R#0046,R#0047,R#0048,R#0049,R#0050,R#0051,R#0052,R#0053,R#0054,R#0055,R#0056,R#0057,R#0058,R#0059,R#0060,R#0061,R#0062,R#0063,R#0064,R#0065,R#0066,R#0067,R#0068,R#0069,R#0070,R#0071,R#0072,R#0073,R#0074,R#0075,R#0076
2015-12-22 00:25:17.089, field, AgentID,R#0000,R#0001,R#0002,R#0003,R#0004,R#0005,R#0006,R#0007,R#0008,R#0009,R#0010,R#0011,R#0012,R#0013,R#0014,R#0015,R#0016,R#0017,R#0018,R#0019,R#0020,R#0021,R#0022,R#0023,R#0024,R#0025,R#0026,R#0027,R#0028,R#0029,R#0030,R#0031,R#0032,R#0033,R#0034,R#0035,R#0036,R#0037,R#0038,R#0039,R#0040,R#0041,R#0042,R#0043,R#0044,R#0045,R#0046,R#0047,R#0048,R#0049,R#0050,R#0051,R#0052,R#0053,R#0054,R#0055,R#0056,R#0057,R#0058,R#0059,R#0060,R#0061,R#0062,R#0063,R#0064,R#0065,R#0066,R#0067,R#0068,R#0069,R#0070,R#0071,R#0072,R#0073,R#0074,R#0075,R#0076,R#0077
2015-12-22 00:25:17.090, field, AgentID,R#0000,R#0001,R#0002,R#0003,R#0004,R#0005,R#0006,R#0007,R#0008,R#0009,R#0010,R#0011,R#0012,R#0013,R#0014,R#0015,R#0016,R#0017,R#0018,R#0019,R#0020,R#0021,R#0022,R#0023,R#0024,R#0025,R#0026,R#0027,R#0028,R#0029,R#0030,R#0031,R#0032,R#0033,R#0034,R#0035,R#0036,R#0037,R#0038,R#0039,R#0040,R#0041,R#0042,R#0043,R#0044,R#0045,R#0046,R#0047,R#0048,R#0049,R#0050,R#0051,R#0052,R#0053,R#0054,R#0055,R#0056,R#0057,R#0058,R#0059,R#0060,R#0061,R#0062,R#0063,R#0064,R#0065,R#0066,R#0067,R#0068,R#0069,R#0070,R#0071,R#0072,R#0073,R#0074,R#0075,R#0076,R#0077,R#0078
2015-12-22 00:25:17.091, field, AgentID,R#0000,R#0001,R#0002,R#0003,R#0004,R#0005,R#0006,R#0007,R#0008,R#0009,R#0010,R#0011,R#0012,R#0013,R#0014,R#0015,R#0016,R#0017,R#0018,R#0019,R#0020,R#0021,R#0022,R#0023,R#0024,R#0025,R#0026,R#0027,R#0028,R#0029,R#0030,R#0031,R#0032,R#0033,R#0034,R#0035,R#0036,R#0037,R#0038,R#0039,R#0040,R#0041,R#0042,R#0043,R#0044,R#0045,R#0046,R#0047,R#0048,R#0049,R#0050,R#0051,R#0052,R#0053,R#0054,R#0055,R#0056,R#0057,R#0058,R#0059,R#0060,R#0061,R#0062,R#0063,R#0064,R#0065,R#0066,R#0067,R#0068,R#0069,R#0070,R#0071,R#0072,R#0073,R#0074,R#0075,R#0076,R#0077,R#0078,R#0079
2015-12-22 00:25:17.091, field, AgentID,R#0000,R#0001,R#0002,R#0003,R#0004,R#0005,R#0006,R#0007,R#0008,R#0009,R#0010,R#0011,R#0012,R#0013,R#0014,R#0015,R#0016,R#0017,R#0018,R#0019,R#0020,R#0021,R#0022,R#0023,R#0024,R#0025,R#0026,R#0027,R#0028,R#0029,R#0030,R#0031,R#0032,R#0033,R#0034,R#0035,R#0036,R#0037,R#0038,R#0039,R#0040,R#0041,R#0042,R#0043,R#0044,R#0045,R#0046,R#0047,R#0048,R#0049,R#0050,R#0051,R#0052,R#0053,R#0054,R#0055,R#0056,R#0057,R#0058,R#0059,R#0060,R#0061,R#0062,R#0063,R#0064,R#0065,R#0066,R#0067,R#0068,R#0069,R#0070,R#0071,R#0072,R#0073,R#0074,R#0075,R#0076,R#0077,R#0078,R#0079,R#0080
2015-12-22 00:25:17.092, field, AgentID,R#0000,R#0001,R#0002,R#0003,R#0004,R#0005,R#0006,R#0007,R#0008,R#0009,R#0010,R#0011,R#0012,R#0013,R#0014,R#0015,R#0016,R#0017,R#0018,R#0019,R#0020,R#0021,R#0022,R#0023,R#0024,R#0025,R#0026,R#0027,R#0028,R#0029,R#0030,R#0031,R#0032,R#0033,R#0034,R#0035,R#0036,R#0037,R#0038,R#0039,R#0040,R#0041,R#0042,R#0043,R#0044,R#0045,R#0046,R#0047,R#0048,R#0049,R#0050,R#0051,R#0052,R#0053,R#0054,R#0055,R#0056,R#0057,R#0058,R#0059,R#0060,R#0061,R#0062,R#0063,R#0064,R#0065,R#0066,R#0067,R#0068,R#0069,R#0070,R#0071,R#0072,R#0073,R#0074,R#0075,R#0076,R#0077,R#0078,R#0079,R#0080,R#0081
2015-12-22 00:25:17.093, field, AgentID,R#0000,R#0001,R#0002,R#0003,R#0004,R#0005,R#0006,R#0007,R#0008,R#0009,R#0010,R#0011,R#0012,R#0013,R#0014,R#0015,R#0016,R#0017,R#0018,R#0019,R#0020,R#0021,R#0022,R#0023,R#0024,R#0025,R#0026,R#0027,R#0028,R#0029,R#0030,R#0031,R#0032,R#0033,R#0034,R#0035,R#0036,R#0037,R#0038,R#0039,R#0040,R#0041,R#0042,R#0043,R#0044,R#0045,R#0046,R#0047,R#0048,R#0049,R#0050,R#0051,R#0052,R#0053,R#0054,R#0055,R#0056,R#0057,R#0058,R#0059,R#0060,R#0061,R#0062,R#0063,R#0064,R#0065,R#0066,R#0067,R#0068,R#0069,R#0070,R#0071,R#0072,R#0073,R#0074,R#0075,R#0076,R#0077,R#0078,R#0079,R#0080,R#0081,R#0082
2015-12-22 00:25:17.094, field, AgentID,R#0000,R#0001,R#0002,R#0003,R#0004,R#0005,R#0006,R#0007,R#0008,R#0009,R#0010,R#0011,R#0012,R#0013,R#0014,R#0015,R#0016,R#0017,R#0018,R#0019,R#0020,R#0021,R#0022,R#0023,R#0024,R#0025,R#0026,R#0027,R#0028,R#0029,R#0030,R#0031,R#0032,R#0033,R#0034,R#0035,R#0036,R#0037,R#0038,R#0039,R#0040,R#0041,R#0042,R#0043,R#0044,R#0045,R#0046,R#0047,R#0048,R#0049,R#0050,R#0051,R#0052,R#0053,R#0054,R#0055,R#0056,R#0057,R#0058,R#0059,R#0060,R#0061,R#0062,R#0063,R#0064,R#0065,R#0066,R#0067,R#0068,R#0069,R#0070,R#0071,R#0072,R#0073,R#0074,R#0075,R#0076,R#0077,R#0078,R#0079,R#0080,R#0081,R#0082,R#0083
2015-12-22 00:25:17.095, field, AgentID,R#0000,R#0001,R#0002,R#0003,R#0004,R#0005,R#0006,R#0007,R#0008,R#0009,R#0010,R#0011,R#0012,R#0013,R#0014,R#0015,R#0016,R#0017,R#0018,R#0019,R#0020,R#0021,R#0022,R#0023,R#0024,R#0025,R#0026,R#0027,R#0028,R#0029,R#0030,R#0031,R#0032,R#0033,R#0034,R#0035,R#0036,R#0037,R#0038,R#0039,R#0040,R#0041,R#0042,R#0043,R#0044,R#0045,R#0046,R#0047,R#0048,R#0049,R#0050,R#0051,R#0052,R#0053,R#0054,R#0055,R#0056,R#0057,R#0058,R#0059,R#0060,R#0061,R#0062,R#0063,R#0064,R#0065,R#0066,R#0067,R#0068,R#0069,R#0070,R#0071,R#0072,R#0073,R#0074,R#0075,R#0076,R#0077,R#0078,R#0079,R#0080,R#0081,R#0082,R#0083,R#0084
2015-12-22 00:25:17.096, field, AgentID,R#0000,R#0001,R#0002,R#0003,R#0004,R#0005,R#0006,R#0007,R#0008,R#0009,R#0010,R#0011,R#0012,R#0013,R#0014,R#0015,R#0016,R#0017,R#0018,R#0019,R#0020,R#0021,R#0022,R#0023,R#0024,R#0025,R#0026,R#0027,R#0028,R#0029,R#0030,R#0031,R#0032,R#0033,R#0034,R#0035,R#0036,R#0037,R#0038,R#0039,R#0040,R#0041,R#0042,R#0043,R#0044,R#0045,R#0046,R#0047,R#0048,R#0049,R#0050,R#0051,R#0052,R#0053,R#0054,R#0055,R#0056,R#0057,R#0058,R#0059,R#0060,R#0061,R#0062,R#0063,R#0064,R#0065,R#0066,R#0067,R#0068,R#0069,R#0070,R#0071,R#0072,R#0073,R#0074,R#0075,R#0076,R#0077,R#0078,R#0079,R#0080,R#0081,R#0082,R#0083,R#0084,R#0085
2015-12-22 00:25:17.097, field, AgentID,R#0000,R#0001,R#0002,R#0003,R#0004,R#0005,R#0006,R#0007,R#0008,R#0009,R#0010,R#0011,R#0012,R#0013,R#0014,R#0015,R#0016,R#0017,R#0018,R#0019,R#0020,R#0021,R#0022,R#0023,R#0024,R#0025,R#0026,R#0027,R#0028,R#0029,R#0030,R#0031,R#0032,R#0033,R#0034,R#0035,R#0036,R#0037,R#0038,R#0039,R#0040,R#0041,R#0042,R#0043,R#0044,R#0045,R#0046,R#0047,R#0048,R#0049,R#0050,R#0051,R#0052,R#0053,R#0054,R#0055,R#0056,R#0057,R#0058,R#0059,R#0060,R#0061,R#0062,R#0063,R#0064,R#0065,R#0066,R#0067,R#0068,R#0069,R#0070,R#0071,R#0072,R#0073,R#0074,R#0075,R#0076,R#0077,R#0078,R#0079,R#0080,R#0081,R#0082,R#0083,R#0084,R#0085,R#0086
2015-12-22 00:25:17.098, field, AgentID,R#0000,R#0001,R#0002,R#0003,R#0004,R#0005,R#0006,R#0007,R#0008,R#0009,R#0010,R#0011,R#0012,R#0013,R#0014,R#0015,R#0016,R#0017,R#0018,R#0019,R#0020,R#0021,R#0022,R#0023,R#0024,R#0025,R#0026,R#0027,R#0028,R#0029,R#0030,R#0031,R#0032,R#0033,R#0034,R#0035,R#0036,R#0037,R#0038,R#0039,R#0040,R#0041,R#0042,R#0043,R#0044,R#0045,R#0046,R#0047,R#0048,R#0049,R#0050,R#0051,R#0052,R#0053,R#0054,R#0055,R#0056,R#0057,R#0058,R#0059,R#0060,R#0061,R#0062,R#0063,R#0064,R#0065,R#0066,R#0067,R#0068,R#0069,R#0070,R#0071,R#0072,R#0073,R#0074,R#0075,R#0076,R#0077,R#0078,R#0079,R#0080,R#0081,R#0082,R#0083,R#0084,R#0085,R#0086,R#0087
2015-12-22 00:25:17.099, field, AgentID,R#0000,R#0001,R#0002,R#0003,R#0004,R#0005,R#0006,R#0007,R#0008,R#0009,R#0010,R#0011,R#0012,R#0013,R#0014,R#0015,R#0016,R#0017,R#0018,R#0019,R#0020,R#0021,R#0022,R#0023,R#0024,R#0025,R#0026,R#0027,R#0028,R#0029,R#0030,R#0031,R#0032,R#0033,R#0034,R#0035,R#0036,R#0037,R#0038,R#0039,R#0040,R#0041,R#0042,R#0043,R#0044,R#0045,R#0046,R#0047,R#0048,R#0049,R#0050,R#0051,R#0052,R#0053,R#0054,R#0055,R#0056,R#0057,R#0058,R#0059,R#0060,R#0061,R#0062,R#0063,R#0064,R#0065,R#0066,R#0067,R#0068,R#0069,R#0070,R#0071,R#0072,R#0073,R#0074,R#0075,R#0076,R#0077,R#0078,R#0079,R#0080,R#0081,R#0082,R#0083,R#0084,R#0085,R#0086,R#0087,R#0088
2015-12-22 00:25:17.100, field, AgentID,R#0000,R#0001,R#0002,R#0003,R#0004,R#0005,R#0006,R#0007,R#0008,R#0009,R#0010,R#0011,R#0012,R#0013,R#0014,R#0015,R#0016,R#0017,R#0018,R#0019,R#0020,R#0021,R#0022,R#0023,R#0024,R#0025,R#0026,R#0027,R#0028,R#0029,R#0030,R#0031,R#0032,R#0033,R#0034,R#0035,R#0036,R#0037,R#0038,R#0039,R#0040,R#0041,R#0042,R#0043,R#0044,R#0045,R#0046,R#0047,R#0048,R#0049,R#0050,R#0051,R#0052,R#0053,R#0054,R#0055,R#0056,R#0057,R#0058,R#0059,R#0060,R#0061,R#0062,R#0063,R#0064,R#0065,R#0066,R#0067,R#0068,R#0069,R#0070,R#0071,R#0072,R#0073,R#0074,R#0075,R#0076,R#0077,R#0078,R#0079,R#0080,R#0081,R#0082,R#0083,R#0084,R#0085,R#0086,R#0087,R#0088,R#0089
2015-12-22 00:25:17.101, field, AgentID,R#0000,R#0001,R#0002,R#0003,R#0004,R#0005,R#0006,R#0007,R#0008,R#0009,R#0010,R#0011,R#0012,R#0013,R#0014,R#0015,R#0016,R#0017,R#0018,R#0019,R#0020,R#0021,R#0022,R#0023,R#0024,R#0025,R#0026,R#0027,R#0028,R#0029,R#0030,R#0031,R#0032,R#0033,R#0034,R#0035,R#0036,R#0037,R#0038,R#0039,R#0040,R#0041,R#0042,R#0043,R#0044,R#0045,R#0046,R#0047,R#0048,R#0049,R#0050,R#0051,R#0052,R#0053,R#0054,R#0055,R#0056,R#0057,R#0058,R#0059,R#0060,R#0061,R#0062,R#0063,R#0064,R#0065,R#0066,R#0067,R#0068,R#0069,R#0070,R#0071,R#0072,R#0073,R#0074,R#0075,R#0076,R#0077,R#0078,R#0079,R#0080,R#0081,R#0082,R#0083,R#0084,R#0085,R#0086,R#0087,R#0088,R#0089,R#0090
2015-12-22 00:25:17.102, field, AgentID,R#0000,R#0001,R#0002,R#0003,R#0004,R#0005,R#0006,R#0007,R#0008,R#0009,R#0010,R#0011,R#0012,R#0013,R#0014,R#0015,R#0016,R#0017,R#0018,R#0019,R#0020,R#0021,R#0022,R#0023,R#0024,R#0025,R#0026,R#0027,R#0028,R#0029,R#0030,R#0031,R#0032,R#0033,R#0034,R#0035,R#0036,R#0037,R#0038,R#0039,R#0040,R#0041,R#0042,R#0043,R#0044,R#0045,R#0046,R#0047,R#0048,R#0049,R#0050,R#0051,R#0052,R#0053,R#0054,R#0055,R#0056,R#0057,R#0058,R#0059,R#0060,R#0061,R#0062,R#0063,R#0064,R#0065,R#0066,R#0067,R#0068,R#0069,R#0070,R#0071,R#0072,R#0073,R#0074,R#0075,R#0076,R#0077,R#0078,R#0079,R#0080,R#0081,R#0082,R#0083,R#0084,R#0085,R#0086,R#0087,R#0088,R#0089,R#0090,R#0091
2015-12-22 00:25:17.103, field, AgentID,R#0000,R#0001,R#0002,R#0003,R#0004,R#0005,R#0006,R#0007,R#0008,R#0009,R#0010,R#0011,R#0012,R#0013,R#0014,R#0015,R#0016,R#0017,R#0018,R#0019,R#0020,R#0021,R#0022,R#0023,R#0024,R#0025,R#0026,R#0027,R#0028,R#0029,R#0030,R#0031,R#0032,R#0033,R#0034,R#0035,R#0036,R#0037,R#0038,R#0039,R#0040,R#0041,R#0042,R#0043,R#0044,R#0045,R#0046,R#0047,R#0048,R#0049,R#0050,R#0051,R#0052,R#0053,R#0054,R#0055,R#0056,R#0057,R#0058,R#0059,R#0060,R#0061,R#0062,R#0063,R#0064,R#0065,R#0066,R#0067,R#0068,R#0069,R#0070,R#0071,R#0072,R#0073,R#0074,R#0075,R#0076,R#0077,R#0078,R#0079,R#0080,R#0081,R#0082,R#0083,R#0084,R#0085,R#0086,R#0087,R#0088,R#0089,R#0090,R#0091,R#0092
2015-12-22 00:25:17.104, field, AgentID,R#0000,R#0001,R#0002,R#0003,R#0004,R#0005,R#0006,R#0007,R#0008,R#0009,R#0010,R#0011,R#0012,R#0013,R#0014,R#0015,R#0016,R#0017,R#0018,R#0019,R#0020,R#0021,R#0022,R#0023,R#0024,R#0025,R#0026,R#0027,R#0028,R#0029,R#0030,R#0031,R#0032,R#0033,R#0034,R#0035,R#0036,R#0037,R#0038,R#0039,R#0040,R#0041,R#0042,R#0043,R#0044,R#0045,R#0046,R#0047,R#0048,R#0049,R#0050,R#0051,R#0052,R#0053,R#0054,R#0055,R#0056,R#0057,R#0058,R#0059,R#0060,R#0061,R#0062,R#0063,R#0064,R#0065,R#0066,R#0067,R#0068,R#0069,R#0070,R#0071,R#0072,R#0073,R#0074,R#0075,R#0076,R#0077,R#0078,R#0079,R#0080,R#0081,R#0082,R#0083,R#0084,R#0085,R#0086,R#0087,R#0088,R#0089,R#0090,R#0091,R#0092,R#0093
2015-12-22 00:25:17.105, field, AgentID,R#0000,R#0001,R#0002,R#0003,R#0004,R#0005,R#0006,R#0007,R#0008,R#0009,R#0010,R#0011,R#0012,R#0013,R#0014,R#0015,R#0016,R#0017,R#0018,R#0019,R#0020,R#0021,R#0022,R#0023,R#0024,R#0025,R#0026,R#0027,R#0028,R#0029,R#0030,R#0031,R#0032,R#0033,R#0034,R#0035,R#0036,R#0037,R#0038,R#0039,R#0040,R#0041,R#0042,R#0043,R#0044,R#0045,R#0046,R#0047,R#0048,R#0049,R#0050,R#0051,R#0052,R#0053,R#0054,R#0055,R#0056,R#0057,R#0058,R#0059,R#0060,R#0061,R#0062,R#0063,R#0064,R#0065,R#0066,R#0067,R#0068,R#0069,R#0070,R#0071,R#0072,R#0073,R#0074,R#0075,R#0076,R#0077,R#0078,R#0079,R#0080,R#0081,R#0082,R#0083,R#0084,R#0085,R#0086,R#0087,R#0088,R#0089,R#0090,R#0091,R#0092,R#0093,R#0094
2015-12-22 00:25:17.106, field, AgentID,R#0000,R#0001,R#0002,R#0003,R#0004,R#0005,R#0006,R#0007,R#0008,R#0009,R#0010,R#0011,R#0012,R#0013,R#0014,R#0015,R#0016,R#0017,R#0018,R#0019,R#0020,R#0021,R#0022,R#0023,R#0024,R#0025,R#0026,R#0027,R#0028,R#0029,R#0030,R#0031,R#0032,R#0033,R#0034,R#0035,R#0036,R#0037,R#0038,R#0039,R#0040,R#0041,R#0042,R#0043,R#0044,R#0045,R#0046,R#0047,R#0048,R#0049,R#0050,R#0051,R#0052,R#0053,R#0054,R#0055,R#0056,R#0057,R#0058,R#0059,R#0060,R#0061,R#0062,R#0063,R#0064,R#0065,R#0066,R#0067,R#0068,R#0069,R#0070,R#0071,R#0072,R#0073,R#0074,R#0075,R#0076,R#0077,R#0078,R#0079,R#0080,R#0081,R#0082,R#0083,R#0084,R#0085,R#0086,R#0087,R#0088,R#0089,R#0090,R#0091,R#0092,R#0093,R#0094,R#0095
2015-12-22 00:25:17.107, field, AgentID,R#0000,R#0001,R#0002,R#0003,R#0004,R#0005,R#0006,R#0007,R#0008,R#0009,R#0010,R#0011,R#0012,R#0013,R#0014,R#0015,R#0016,R#0017,R#0018,R#0019,R#0020,R#0021,R#0022,R#0023,R#0024,R#0025,R#0026,R#0027,R#0028,R#0029,R#0030,R#0031,R#0032,R#0033,R#0034,R#0035,R#0036,R#0037,R#0038,R#0039,R#0040,R#0041,R#0042,R#0043,R#0044,R#0045,R#0046,R#0047,R#0048,R#0049,R#0050,R#0051,R#0052,R#0053,R#0054,R#0055,R#0056,R#0057,R#0058,R#0059,R#0060,R#0061,R#0062,R#0063,R#0064,R#0065,R#0066,R#0067,R#0068,R#0069,R#0070,R#0071,R#0072,R#0073,R#0074,R#0075,R#0076,R#0077,R#0078,R#0079,R#0080,R#0081,R#0082,R#0083,R#0084,R#0085,R#0086,R#0087,R#0088,R#0089,R#0090,R#0091,R#0092,R#0093,R#0094,R#0095,R#0096
2015-12-22 00:25:17.108, field, AgentID,R#0000,R#0001,R#0002,R#0003,R#0004,R#0005,R#0006,R#0007,R#0008,R#0009,R#0010,R#0011,R#0012,R#0013,R#0014,R#0015,R#0016,R#0017,R#0018,R#0019,R#0020,R#0021,R#0022,R#0023,R#0024,R#0025,R#0026,R#0027,R#0028,R#0029,R#0030,R#0031,R#0032,R#0033,R#0034,R#0035,R#0036,R#0037,R#0038,R#0039,R#0040,R#0041,R#0042,R#0043,R#0044,R#0045,R#0046,R#0047,R#0048,R#0049,R#0050,R#0051,R#0052,R#0053,R#0054,R#0055,R#0056,R#0057,R#0058,R#0059,R#0060,R#0061,R#0062,R#0063,R#0064,R#0065,R#0066,R#0067,R#0068,R#0069,R#0070,R#0071,R#0072,R#0073,R#0074,R#0075,R#0076,R#0077,R#0078,R#0079,R#0080,R#0081,R#0082,R#0083,R#0084,R#0085,R#0086,R#0087,R#0088,R#0089,R#0090,R#0091,R#0092,R#0093,R#0094,R#0095,R#0096,R#0097
2015-12-22 00:25:17.109, field, AgentID,R#0000,R#0001,R#0002,R#0003,R#0004,R#0005,R#0006,R#0007,R#0008,R#0009,R#0010,R#0011,R#0012,R#0013,R#0014,R#0015,R#0016,R#0017,R#0018,R#0019,R#0020,R#0021,R#0022,R#0023,R#0024,R#0025,R#0026,R#0027,R#0028,R#0029,R#0030,R#0031,R#0032,R#0033,R#0034,R#0035,R#0036,R#0037,R#0038,R#0039,R#0040,R#0041,R#0042,R#0043,R#0044,R#0045,R#0046,R#0047,R#0048,R#0049,R#0050,R#0051,R#0052,R#0053,R#0054,R#0055,R#0056,R#0057,R#0058,R#0059,R#0060,R#0061,R#0062,R#0063,R#0064,R#0065,R#0066,R#0067,R#0068,R#0069,R#0070,R#0071,R#0072,R#0073,R#0074,R#0075,R#0076,R#0077,R#0078,R#0079,R#0080,R#0081,R#0082,R#0083,R#0084,R#0085,R#0086,R#0087,R#0088,R#0089,R#0090,R#0091,R#0092,R#0093,R#0094,R#0095,R#0096,R#0097,R#0098
2015-12-22 00:25:17.110, field, AgentID,R#0000,R#0001,R#0002,R#0003,R#0004,R#0005,R#0006,R#0007,R#0008,R#0009,R#0010,R#0011,R#0012,R#0013,R#0014,R#0015,R#0016,R#0017,R#0018,R#0019,R#0020,R#0021,R#0022,R#0023,R#0024,R#0025,R#0026,R#0027,R#0028,R#0029,R#0030,R#0031,R#0032,R#0033,R#0034,R#0035,R#0036,R#0037,R#0038,R#0039,R#0040,R#0041,R#0042,R#0043,R#0044,R#0045,R#0046,R#0047,R#0048,R#0049,R#0050,R#0051,R#0052,R#0053,R#0054,R#0055,R#0056,R#0057,R#0058,R#0059,R#0060,R#0061,R#0062,R#0063,R#0064,R#0065,R#0066,R#0067,R#0068,R#0069,R#0070,R#0071,R#0072,R#0073,R#0074,R#0075,R#0076,R#0077,R#0078,R#0079,R#0080,R#0081,R#0082,R#0083,R#0084,R#0085,R#0086,R#0087,R#0088,R#0089,R#0090,R#0091,R#0092,R#0093,R#0094,R#0095,R#0096,R#0097,R#0098,R#0099
2015-12-22 00:25:17.111, field, AgentID,R#0000,R#0001,R#0002,R#0003,R#0004,R#0005,R#0006,R#0007,R#0008,R#0009,R#0010,R#0011,R#0012,R#0013,R#0014,R#0015,R#0016,R#0017,R#0018,R#0019,R#0020,R#0021,R#0022,R#0023,R#0024,R#0025,R#0026,R#0027,R#0028,R#0029,R#0030,R#0031,R#0032,R#0033,R#0034,R#0035,R#0036,R#0037,R#0038,R#0039,R#0040,R#0041,R#0042,R#0043,R#0044,R#0045,R#0046,R#0047,R#0048,R#0049,R#0050,R#0051,R#0052,R#0053,R#0054,R#0055,R#0056,R#0057,R#0058,R#0059,R#0060,R#0061,R#0062,R#0063,R#0064,R#0065,R#0066,R#0067,R#0068,R#0069,R#0070,R#0071,R#0072,R#0073,R#0074,R#0075,R#0076,R#0077,R#0078,R#0079,R#0080,R#0081,R#0082,R#0083,R#0084,R#0085,R#0086,R#0087,R#0088,R#0089,R#0090,R#0091,R#0092,R#0093,R#0094,R#0095,R#0096,R#0097,R#0098,R#0099,R#0100
2015-12-22 00:25:17.112, field, AgentID,R#0000,R#0001,R#0002,R#0003,R#0004,R#0005,R#0006,R#0007,R#0008,R#0009,R#0010,R#0011,R#0012,R#0013,R#0014,R#0015,R#0016,R#0017,R#0018,R#0019,R#0020,R#0021,R#0022,R#0023,R#0024,R#0025,R#0026,R#0027,R#0028,R#0029,R#0030,R#0031,R#0032,R#0033,R#0034,R#0035,R#0036,R#0037,R#0038,R#0039,R#0040,R#0041,R#0042,R#0043,R#0044,R#0045,R#0046,R#0047,R#0048,R#0049,R#0050,R#0051,R#0052,R#0053,R#0054,R#0055,R#0056,R#0057,R#0058,R#0059,R#0060,R#0061,R#0062,R#0063,R#0064,R#0065,R#0066,R#0067,R#0068,R#0069,R#0070,R#0071,R#0072,R#0073,R#0074,R#0075,R#0076,R#0077,R#0078,R#0079,R#0080,R#0081,R#0082,R#0083,R#0084,R#0085,R#0086,R#0087,R#0088,R#0089,R#0090,R#0091,R#0092,R#0093,R#0094,R#0095,R#0096,R#0097,R#0098,R#0099,R#0100,R#0101
2015-12-22 00:25:17.113, field, AgentID,R#0000,R#0001,R#0002,R#0003,R#0004,R#0005,R#0006,R#0007,R#0008,R#0009,R#0010,R#0011,R#0012,R#0013,R#0014,R#0015,R#0016,R#0017,R#0018,R#0019,R#0020,R#0021,R#0022,R#0023,R#0024,R#0025,R#0026,R#0027,R#0028,R#0029,R#0030,R#0031,R#0032,R#0033,R#0034,R#0035,R#0036,R#0037,R#0038,R#0039,R#0040,R#0041,R#0042,R#0043,R#0044,R#0045,R#0046,R#0047,R#0048,R#0049,R#0050,R#0051,R#0052,R#0053,R#0054,R#0055,R#0056,R#0057,R#0058,R#0059,R#0060,R#0061,R#0062,R#0063,R#0064,R#0065,R#0066,R#0067,R#0068,R#0069,R#0070,R#0071,R#0072,R#0073,R#0074,R#0075,R#0076,R#0077,R#0078,R#0079,R#0080,R#0081,R#0082,R#0083,R#0084,R#0085,R#0086,R#0087,R#0088,R#0089,R#0090,R#0091,R#0092,R#0093,R#0094,R#0095,R#0096,R#0097,R#0098,R#0099,R#0100,R#0101,R#0102
2015-12-22 00:25:17.114, field, AgentID,R#0000,R#0001,R#0002,R#0003,R#0004,R#0005,R#0006,R#0007,R#0008,R#0009,R#0010,R#0011,R#0012,R#0013,R#0014,R#0015,R#0016,R#0017,R#0018,R#0019,R#0020,R#0021,R#0022,R#0023,R#0024,R#0025,R#0026,R#0027,R#0028,R#0029,R#0030,R#0031,R#0032,R#0033,R#0034,R#0035,R#0036,R#0037,R#0038,R#0039,R#0040,R#0041,R#0042,R#0043,R#0044,R#0045,R#0046,R#0047,R#0048,R#0049,R#0050,R#0051,R#0052,R#0053,R#0054,R#0055,R#0056,R#0057,R#0058,R#0059,R#0060,R#0061,R#0062,R#0063,R#0064,R#0065,R#0066,R#0067,R#0068,R#0069,R#0070,R#0071,R#0072,R#0073,R#0074,R#0075,R#0076,R#0077,R#0078,R#0079,R#0080,R#0081,R#0082,R#0083,R#0084,R#0085,R#0086,R#0087,R#0088,R#0089,R#0090,R#0091,R#0092,R#0093,R#0094,R#0095,R#0096,R#0097,R#0098,R#0099,R#0100,R#0101,R#0102,R#0103
2015-12-22 00:25:17.114, field, AgentID,R#0000,R#0001,R#0002,R#0003,R#0004,R#0005,R#0006,R#0007,R#0008,R#0009,R#0010,R#0011,R#0012,R#0013,R#0014,R#0015,R#0016,R#0017,R#0018,R#0019,R#0020,R#0021,R#0022,R#0023,R#0024,R#0025,R#0026,R#0027,R#0028,R#0029,R#0030,R#0031,R#0032,R#0033,R#0034,R#0035,R#0036,R#0037,R#0038,R#0039,R#0040,R#0041,R#0042,R#0043,R#0044,R#0045,R#0046,R#0047,R#0048,R#0049,R#0050,R#0051,R#0052,R#0053,R#0054,R#0055,R#0056,R#0057,R#0058,R#0059,R#0060,R#0061,R#0062,R#0063,R#0064,R#0065,R#0066,R#0067,R#0068,R#0069,R#0070,R#0071,R#0072,R#0073,R#0074,R#0075,R#0076,R#0077,R#0078,R#0079,R#0080,R#0081,R#0082,R#0083,R#0084,R#0085,R#0086,R#0087,R#0088,R#0089,R#0090,R#0091,R#0092,R#0093,R#0094,R#0095,R#0096,R#0097,R#0098,R#0099,R#0100,R#0101,R#0102,R#0103,R#0104
2015-12-22 00:25:17.115, field, AgentID,R#0000,R#0001,R#0002,R#0003,R#0004,R#0005,R#0006,R#0007,R#0008,R#0009,R#0010,R#0011,R#0012,R#0013,R#0014,R#0015,R#0016,R#0017,R#0018,R#0019,R#0020,R#0021,R#0022,R#0023,R#0024,R#0025,R#0026,R#0027,R#0028,R#0029,R#0030,R#0031,R#0032,R#0033,R#0034,R#0035,R#0036,R#0037,R#0038,R#0039,R#0040,R#0041,R#0042,R#0043,R#0044,R#0045,R#0046,R#0047,R#0048,R#0049,R#0050,R#0051,R#0052,R#0053,R#0054,R#0055,R#0056,R#0057,R#0058,R#0059,R#0060,R#0061,R#0062,R#0063,R#0064,R#0065,R#0066,R#0067,R#0068,R#0069,R#0070,R#0071,R#0072,R#0073,R#0074,R#0075,R#0076,R#0077,R#0078,R#0079,R#0080,R#0081,R#0082,R#0083,R#0084,R#0085,R#0086,R#0087,R#0088,R#0089,R#0090,R#0091,R#0092,R#0093,R#0094,R#0095,R#0096,R#0097,R#0098,R#0099,R#0100,R#0101,R#0102,R#0103,R#0104,R#0105
2015-12-22 00:25:17.116, field, AgentID,R#0000,R#0001,R#0002,R#0003,R#0004,R#0005,R#0006,R#0007,R#0008,R#0009,R#0010,R#0011,R#0012,R#0013,R#0014,R#0015,R#0016,R#0017,R#0018,R#0019,R#0020,R#0021,R#0022,R#0023,R#0024,R#0025,R#0026,R#0027,R#0028,R#0029,R#0030,R#0031,R#0032,R#0033,R#0034,R#0035,R#0036,R#0037,R#0038,R#0039,R#0040,R#0041,R#0042,R#0043,R#0044,R#0045,R#0046,R#0047,R#0048,R#0049,R#0050,R#0051,R#0052,R#0053,R#0054,R#0055,R#0056,R#0057,R#0058,R#0059,R#0060,R#0061,R#0062,R#0063,R#0064,R#0065,R#0066,R#0067,R#0068,R#0069,R#0070,R#0071,R#0072,R#0073,R#0074,R#0075,R#0076,R#0077,R#0078,R#0079,R#0080,R#0081,R#0082,R#0083,R#0084,R#0085,R#0086,R#0087,R#0088,R#0089,R#0090,R#0091,R#0092,R#0093,R#0094,R#0095,R#0096,R#0097,R#0098,R#0099,R#0100,R#0101,R#0102,R#0103,R#0104,R#0105,R#0106
2015-12-22 00:25:17.117, field, AgentID,R#0000,R#0001,R#0002,R#0003,R#0004,R#0005,R#0006,R#0007,R#0008,R#0009,R#0010,R#0011,R#0012,R#0013,R#0014,R#0015,R#0016,R#0017,R#0018,R#0019,R#0020,R#0021,R#0022,R#0023,R#0024,R#0025,R#0026,R#0027,R#0028,R#0029,R#0030,R#0031,R#0032,R#0033,R#0034,R#0035,R#0036,R#0037,R#0038,R#0039,R#0040,R#0041,R#0042,R#0043,R#0044,R#0045,R#0046,R#0047,R#0048,R#0049,R#0050,R#0051,R#0052,R#0053,R#0054,R#0055,R#0056,R#0057,R#0058,R#0059,R#0060,R#0061,R#0062,R#0063,R#0064,R#0065,R#0066,R#0067,R#0068,R#0069,R#0070,R#0071,R#0072,R#0073,R#0074,R#0075,R#0076,R#0077,R#0078,R#0079,R#0080,R#0081,R#0082,R#0083,R#0084,R#0085,R#0086,R#0087,R#0088,R#0089,R#0090,R#0091,R#0092,R#0093,R#0094,R#0095,R#0096,R#0097,R#0098,R#0099,R#0100,R#0101,R#0102,R#0103,R#0104,R#0105,R#0106,R#0107
2015-12-22 00:25:17.118, field, AgentID,R#0000,R#0001,R#0002,R#0003,R#0004,R#0005,R#0006,R#0007,R#0008,R#0009,R#0010,R#0011,R#0012,R#0013,R#0014,R#0015,R#0016,R#0017,R#0018,R#0019,R#0020,R#0021,R#0022,R#0023,R#0024,R#0025,R#0026,R#0027,R#0028,R#0029,R#0030,R#0031,R#0032,R#0033,R#0034,R#0035,R#0036,R#0037,R#0038,R#0039,R#0040,R#0041,R#0042,R#0043,R#0044,R#0045,R#0046,R#0047,R#0048,R#0049,R#0050,R#0051,R#0052,R#0053,R#0054,R#0055,R#0056,R#0057,R#0058,R#0059,R#0060,R#0061,R#0062,R#0063,R#0064,R#0065,R#0066,R#0067,R#0068,R#0069,R#0070,R#0071,R#0072,R#0073,R#0074,R#0075,R#0076,R#0077,R#0078,R#0079,R#0080,R#0081,R#0082,R#0083,R#0084,R#0085,R#0086,R#0087,R#0088,R#0089,R#0090,R#0091,R#0092,R#0093,R#0094,R#0095,R#0096,R#0097,R#0098,R#0099,R#0100,R#0101,R#0102,R#0103,R#0104,R#0105,R#0106,R#0107,R#0108
2015-12-22 00:25:17.119, field, AgentID,R#0000,R#0001,R#0002,R#0003,R#0004,R#0005,R#0006,R#0007,R#0008,R#0009,R#0010,R#0011,R#0012,R#0013,R#0014,R#0015,R#0016,R#0017,R#0018,R#0019,R#0020,R#0021,R#0022,R#0023,R#0024,R#0025,R#0026,R#0027,R#0028,R#0029,R#0030,R#0031,R#0032,R#0033,R#0034,R#0035,R#0036,R#0037,R#0038,R#0039,R#0040,R#0041,R#0042,R#0043,R#0044,R#0045,R#0046,R#0047,R#0048,R#0049,R#0050,R#0051,R#0052,R#0053,R#0054,R#0055,R#0056,R#0057,R#0058,R#0059,R#0060,R#0061,R#0062,R#0063,R#0064,R#0065,R#0066,R#0067,R#0068,R#0069,R#0070,R#0071,R#0072,R#0073,R#0074,R#0075,R#0076,R#0077,R#0078,R#0079,R#0080,R#0081,R#0082,R#0083,R#0084,R#0085,R#0086,R#0087,R#0088,R#0089,R#0090,R#0091,R#0092,R#0093,R#0094,R#0095,R#0096,R#0097,R#0098,R#0099,R#0100,R#0101,R#0102,R#0103,R#0104,R#0105,R#0106,R#0107,R#0108,R#0109
2015-12-22 00:25:18.173, data, MQL,0,0,0,0,0,0,0,0,0,0,0,0,0,0,0,0,0,0,0,0,0,0,0,0,0,0,0,0,0,0,0,0,0,0,0,0,0,0,0,0,0,0,0,0,0,0,0,0,0,0,0,0,0,0,0,0,0,0,0,0,0,0,0,0,0,0,0,0,0,0,0,0,0,0,0,0,0,0,0,0,0,0,0,0,0,0,0,0,0,0,0,0,0,0,0,0,0,0,0,0,0,0,0,0,0,0,0,0,0,0
2015-12-22 00:25:19.186, data, MQL,0,3,16,334,810,848,323,52,3,0,0,0,0,0,0,0,0,0,0,0,0,0,0,0,0,0,0,0,0,0,0,0,0,0,0,0,0,0,0,0,0,0,0,0,0,0,0,0,0,0,0,0,0,0,0,0,0,0,0,0,0,0,0,0,0,0,0,0,0,0,0,0,0,0,0,0,0,0,0,0,0,0,0,0,0,0,0,0,0,0,0,0,0,0,0,0,0,0,0,0,0,0,0,0,0,0,0,0,0,0
2015-12-22 00:25:20.178, data, MQL,0,5,0,5,13,1000,1,1,0,0,9,0,0,6,5,4,0,0,1,0,0,0,0,0,0,0,0,0,0,0,0,0,0,0,0,0,0,0,0,0,0,0,0,0,0,0,0,0,0,0,0,0,0,0,0,0,0,0,0,0,0,0,0,0,0,0,0,0,0,0,0,0,0,0,0,0,0,0,0,0,0,0,0,0,0,0,0,0,0,0,0,0,0,0,0,0,0,0,0,0,0,0,0,0,0,0,0,0,0,0
2015-12-22 00:25:22.035, data, MQL,0,43,170,0,349,0,0,0,1,0,681,0,0,678,677,676,1,91,672,0,93,8,1000,217,0,8,0,1,0,3,0,2,0,0,0,0,0,0,0,0,0,0,0,0,0,0,0,0,0,0,0,0,0,0,0,0,0,0,0,0,0,0,0,0,0,0,0,0,0,0,0,0,0,0,0,0,0,0,0,0,0,0,0,0,0,0,0,0,0,0,0,0,0,0,0,0,0,0,0,0,0,0,0,0,0,0,0,0,0,0
2015-12-22 00:25:22.184, data, MQL,0,43,174,0,351,0,0,1,2,0,683,2,2,680,679,678,2,0,674,0,95,10,1000,223,0,10,0,3,2,5,0,4,0,2,0,0,0,0,0,0,0,0,0,0,0,0,0,0,0,0,0,0,0,0,0,0,0,0,0,0,0,0,0,0,0,0,0,0,0,0,0,0,0,0,0,0,0,0,0,0,0,0,0,0,0,0,0,0,0,0,0,0,0,0,0,0,0,0,0,0,0,0,0,0,0,0,0,0,0,0
2015-12-22 00:25:23.172, data, MQL,0,61,0,760,0,288,0,239,0,0,0,0,313,1000,312,0,0,0,0,313,313,0,187,778,0,0,0,188,0,0,188,0,0,181,0,0,1,194,188,0,0,190,0,0,0,0,0,0,0,0,0,0,0,0,0,0,0,0,0,0,0,0,0,0,0,0,0,0,0,0,0,0,0,0,0,0,0,0,0,0,0,0,0,0,0,0,0,0,0,0,0,0,0,0,0,0,0,0,0,0,0,0,0,0,0,0,0,0,0,0
2015-12-22 00:25:24.192, data, MQL,0,0,214,307,193,223,0,0,3,0,0,0,177,0,223,0,223,0,0,223,0,28,0,540,417,0,0,0,195,194,3,200,205,204,204,203,203,153,199,200,154,152,0,0,0,153,221,0,177,223,548,0,274,0,0,0,0,0,0,0,0,0,0,0,0,0,0,0,0,0,0,0,0,0,0,0,0,0,0,0,0,0,0,0,0,0,0,0,0,0,0,0,0,0,0,0,0,0,0,0,0,0,0,0,0,0,0,0,0,0
2015-12-22 00:25:25.174, data, MQL,0,29,449,601,192,507,276,631,49,0,124,506,114,215,506,223,85,174,505,505,203,453,451,761,764,111,163,450,449,355,355,181,449,157,365,355,117,454,112,179,354,454,441,504,174,399,508,90,492,124,763,601,601,762,758,775,0,0,0,0,0,0,0,0,0,0,0,0,0,0,0,0,0,0,0,0,0,0,0,0,0,0,0,0,0,0,0,0,0,0,0,0,0,0,0,0,0,0,0,0,0,0,0,0,0,0,0,0,0,0
2015-12-22 00:25:26.174, data, MQL,0,7,592,42,448,64,633,37,4,0,505,503,505,505,54,80,505,505,41,506,505,447,446,633,624,84,65,448,74,63,448,447,43,447,57,40,64,54,449,448,24,449,89,41,26,145,506,89,505,506,78,82,624,634,108,122,635,62,0,0,0,0,0,0,0,0,0,0,0,0,0,0,0,0,0,0,0,0,0,0,0,0,0,0,0,0,0,0,0,0,0,0,0,0,0,0,0,0,0,0,0,0,0,0,0,0,0,0,0,0
2015-12-22 00:25:27.174, data, MQL,0,0,69,110,41,93,3,54,4,0,44,44,44,90,88,88,11,10,4,88,44,0,7,7,204,7,82,2,7,7,6,5,42,42,42,5,10,10,42,86,6,84,42,10,10,9,44,164,44,164,171,114,9,46,46,57,46,203,46,0,0,0,0,0,0,0,0,0,0,0,0,0,0,0,0,0,0,0,0,0,0,0,0,0,0,0,0,0,0,0,0,0,0,0,0,0,0,0,0,0,0,0,0,0,0,0,0,0,0,0
2015-12-22 00:25:28.174, data, MQL,0,5,33,95,65,79,73,87,6,0,78,74,78,45,78,78,79,77,78,64,77,65,75,81,54,66,66,66,61,66,22,66,67,66,67,65,66,65,68,66,60,66,58,78,76,78,71,78,78,78,82,19,95,24,81,95,81,95,81,0,0,0,0,0,0,0,0,0,0,0,0,0,0,0,0,0,0,0,0,0,0,0,0,0,0,0,0,0,0,0,0,0,0,0,0,0,0,0,0,0,0,0,0,0,0,0,0,0,0,0
2015-12-22 00:25:29.194, data, MQL,0,71,778,56,577,52,713,86,55,0,59,627,627,625,56,620,212,622,63,620,619,51,577,72,713,49,572,368,553,58,52,546,64,580,55,581,55,576,66,575,537,57,578,62,573,52,619,627,595,575,64,712,83,673,716,684,71,725,649,725,628,0,0,0,0,0,0,0,0,0,0,0,0,0,0,0,0,0,0,0,0,0,0,0,0,0,0,0,0,0,0,0,0,0,0,0,0,0,0,0,0,0,0,0,0,0,0,0,0,0
2015-12-22 00:25:30.175, data, MQL,0,22,36,109,51,92,177,122,3,0,91,93,160,57,160,93,53,91,51,50,50,37,45,45,185,47,90,88,90,51,46,44,49,90,90,52,89,57,154,55,54,154,93,93,94,52,155,94,94,93,43,49,185,60,99,66,99,109,59,109,93,97,0,0,0,0,0,0,0,0,0,0,0,0,0,0,0,0,0,0,0,0,0,0,0,0,0,0,0,0,0,0,0,0,0,0,0,0,0,0,0,0,0,0,0,0,0,0,0,0
2015-12-22 00:25:31.174, data, MQL,0,2,3,2,0,0,0,610,0,0,0,0,1,476,1,62,0,476,8,0,810,0,0,1,0,7,1,0,0,0,0,0,0,1,1,170,7,0,0,0,788,773,0,0,0,476,0,0,2,2,0,0,0,0,4,1,76,202,0,546,0,0,0,0,0,0,0,0,0,0,0,0,0,0,0,0,0,0,0,0,0,0,0,0,0,0,0,0,0,0,0,0,0,0,0,0,0,0,0,0,0,0,0,0,0,0,0,0,0,0
2015-12-22 00:25:32.186, data, MQL,0,10,68,108,89,98,97,130,13,0,100,211,95,94,95,202,209,93,98,98,96,92,89,98,107,92,94,94,94,91,90,93,92,93,240,88,90,89,93,93,95,90,89,99,95,95,100,94,99,204,94,104,108,93,95,108,98,108,98,108,95,64,98,0,0,0,0,0,0,0,0,0,0,0,0,0,0,0,0,0,0,0,0,0,0,0,0,0,0,0,0,0,0,0,0,0,0,0,0,0,0,0,0,0,0,0,0,0,0,0
2015-12-22 00:25:33.174, data, MQL,0,11,13,192,158,55,159,238,2,0,157,157,303,156,32,152,25,141,152,41,156,154,139,16,191,156,158,155,153,154,36,21,53,152,151,28,53,53,152,30,47,154,156,38,152,23,158,21,36,157,161,38,190,18,164,33,31,190,302,243,152,9,34,149,0,0,0,0,0,0,0,0,0,0,0,0,0,0,0,0,0,0,0,0,0,0,0,0,0,0,0,0,0,0,0,0,0,0,0,0,0,0,0,0,0,0,0,0,0,0
2015-12-22 00:25:34.173, data, MQL,0,0,0,0,0,0,0,0,0,0,0,531,0,0,0,0,0,0,0,0,0,0,0,0,148,0,0,0,0,0,0,0,0,0,0,0,0,0,0,0,0,0,0,0,0,0,0,0,0,118,0,0,0,1,0,0,0,576,0,0,0,0,0,0,0,0,0,0,0,0,0,0,0,0,0,0,0,0,0,0,0,0,0,0,0,0,0,0,0,0,0,0,0,0,0,0,0,0,0,0,0,0,0,0,0,0,0,0,0,0
2015-12-22 00:25:35.172, data, MQL,0,0,0,0,0,0,0,0,0,0,0,0,0,0,0,0,0,0,0,0,0,0,0,0,0,0,0,0,0,0,0,0,0,0,0,0,0,0,0,0,0,0,0,0,0,0,0,0,0,0,0,0,0,0,0,0,0,0,0,0,0,0,1,0,0,0,0,0,0,0,0,0,0,0,0,0,0,0,0,0,0,0,0,0,0,0,0,0,0,0,0,0,0,0,0,0,0,0,0,0,0,0,0,0,0,0,0,0,0,0
2015-12-22 00:25:36.173, data, MQL,0,0,0,0,0,169,0,209,0,0,0,0,0,0,171,43,148,0,148,0,0,146,0,170,1,146,0,0,0,0,0,0,0,43,146,0,0,0,0,142,0,0,0,147,0,147,57,0,0,0,175,0,0,0,0,0,154,0,0,197,0,0,0,0,0,0,0,0,0,0,0,0,0,0,0,0,0,0,0,0,0,0,0,0,0,0,0,0,0,0,0,0,0,0,0,0,0,0,0,0,0,0,0,0,0,0,0,0,0,0
2015-12-22 00:25:37.174, data, MQL,0,11,226,397,336,288,239,45,20,0,53,324,63,325,52,325,38,36,55,44,71,113,223,30,66,59,234,50,220,34,46,217,35,88,98,83,55,335,61,42,95,33,39,247,31,326,48,83,62,230,60,50,73,50,352,87,351,44,351,60,58,79,54,48,0,0,0,0,0,0,0,0,0,0,0,0,0,0,0,0,0,0,0,0,0,0,0,0,0,0,0,0,0,0,0,0,0,0,0,0,0,0,0,0,0,0,0,0,0,0
2015-12-22 00:25:38.174, data, MQL,0,0,0,0,0,104,90,103,0,0,133,0,480,0,423,0,0,103,145,0,14,172,0,0,57,0,0,0,0,15,0,0,136,88,0,4,0,147,1,0,26,0,1,73,94,0,94,179,177,184,76,119,0,180,0,0,23,148,6,60,177,0,5,0,8,0,0,0,0,0,0,0,0,0,0,0,0,0,0,0,0,0,0,0,0,0,0,0,0,0,0,0,0,0,0,0,0,0,0,0,0,0,0,0,0,0,0,0,0,0
2015-12-22 00:25:39.174, data, MQL,0,0,1,3,0,0,0,0,0,0,0,0,0,0,0,0,0,0,0,0,0,0,0,0,0,0,0,0,0,0,5,1,0,4,0,1,0,0,0,0,0,0,1,0,0,0,3,0,0,0,0,0,0,0,0,0,0,6,0,0,0,1,0,0,0,0,0,0,0,0,0,0,0,0,0,0,0,0,0,0,0,0,0,0,0,0,0,0,0,0,0,0,0,0,0,0,0,0,0,0,0,0,0,0,0,0,0,0,0,0
2015-12-22 00:25:40.204, data, MQL,0,2,1,0,1,21,23,14,0,0,2,2,1,25,2,2,2,0,1,0,1,3,0,1,0,19,1,0,1,0,1,1,2,0,1,1,27,1,1,0,0,1,1,0,0,25,0,24,1,25,0,0,0,0,21,0,21,1,23,0,0,7,0,71,62,146,78,105,0,0,0,0,0,0,0,0,0,0,0,0,0,0,0,0,0,0,0,0,0,0,0,0,0,0,0,0,0,0,0,0,0,0,0,0,0,0,0,0,0,0
2015-12-22 00:25:41.174, data, MQL,0,0,7,1,9,8,3,1,0,0,2,180,96,9,2,2,2,4,2,1,2,12,9,1,2,8,1,1,1,5,1,2,1,1,1,1,3,4,4,0,2,1,9,1,4,183,9,6,0,2,9,1,0,9,99,11,1,0,3,10,9,1,2,2,136,2,13,6,7,3,0,0,0,0,0,0,0,0,0,0,0,0,0,0,0,0,0,0,0,0,0,0,0,0,0,0,0,0,0,0,0,0,0,0,0,0,0,0,0,0
2015-12-22 00:25:42.173, data, MQL,0,0,0,0,0,0,0,0,0,0,0,0,0,0,0,0,0,0,0,0,0,0,0,0,0,0,0,0,0,0,0,0,0,0,0,0,0,0,0,0,0,0,0,0,0,0,0,0,0,0,0,0,0,0,0,0,0,0,0,0,0,0,0,0,0,0,0,0,0,0,0,0,0,0,0,0,0,0,0,0,0,0,0,0,0,0,0,0,0,0,0,0,0,0,0,0,0,0,0,0,0,0,0,0,0,0,0,0,0,0
2015-12-22 00:25:43.173, data, MQL,0,0,17,16,23,1,2,15,0,0,18,1,666,23,0,0,1,3,0,10,0,1,15,11,0,14,3,1,2,1,1,0,8,4,24,0,17,16,0,1,0,2,25,10,3,23,20,2,2,14,2,8,1,0,1,4,681,0,13,18,1,3,3,2,12,462,26,0,667,1,12,18,8,17,0,0,0,0,0,0,0,0,0,0,0,0,0,0,0,0,0,0,0,0,0,0,0,0,0,0,0,0,0,0,0,0,0,0,0,0
2015-12-22 00:25:44.172, data, MQL,0,0,549,0,0,249,12,0,1,0,0,718,0,995,0,717,0,1,0,996,12,0,988,0,343,0,6,0,5,0,0,443,0,8,0,989,0,5,0,908,0,0,988,0,996,0,996,0,996,0,0,0,0,8,0,3,0,1,0,71,8,0,98,0,757,0,0,0,13,0,0,7,0,0,0,0,0,0,0,0,0,0,0,0,0,0,0,0,0,0,0,0,0,0,0,0,0,0,0,0,0,0,0,0,0,0,0,0,0,0
2015-12-22 00:25:45.173, data, MQL,0,18,78,37,41,234,192,35,5,0,204,42,234,75,75,71,234,205,57,72,205,198,183,192,158,198,39,65,226,198,198,226,198,64,198,64,199,66,93,46,44,199,43,205,85,219,226,204,205,59,215,161,36,65,78,185,191,160,192,160,111,79,52,205,57,185,192,39,69,199,48,160,54,63,36,40,199,205,0,0,0,0,0,0,0,0,0,0,0,0,0,0,0,0,0,0,0,0,0,0,0,0,0,0,0,0,0,0,0,0
2015-12-22 00:25:46.174, data, MQL,0,0,596,594,695,18,76,9,41,0,30,176,820,717,734,718,833,833,23,168,833,694,695,817,591,26,179,22,695,24,804,162,19,160,802,692,30,614,28,151,802,17,692,18,833,833,166,719,716,814,20,591,593,45,709,689,28,145,829,592,716,23,829,25,153,368,188,385,719,74,718,144,19,178,17,827,17,155,25,694,719,10,0,0,0,0,0,0,0,0,0,0,0,0,0,0,0,0,0,0,0,0,0,0,0,0,0,0,0,0
2015-12-22 00:25:47.172, data, MQL,0,0,848,68,643,0,635,0,37,0,0,658,0,658,0,360,0,355,0,658,968,0,643,0,299,0,643,0,644,0,0,643,0,344,0,335,0,334,0,643,345,0,344,0,362,100,345,0,657,0,635,573,0,330,982,298,0,835,0,573,289,0,636,0,306,0,635,0,657,0,0,299,0,1000,0,343,0,365,0,643,340,0,356,932,643,0,0,0,0,0,0,0,0,0,0,0,0,0,0,0,0,0,0,0,0,0,0,0,0,0
2015-12-22 00:25:48.172, data, MQL,0,0,568,0,0,620,0,0,0,0,0,1,0,0,0,0,0,0,0,0,621,0,0,0,0,672,1,0,0,0,0,0,0,0,0,0,0,0,0,0,0,0,465,0,1,0,0,615,0,0,0,0,0,314,0,0,0,0,676,580,0,0,0,0,0,1,0,0,1,0,0,0,0,0,0,0,0,0,0,0,0,0,0,0,0,0,0,0,0,0,0,0,0,0,0,0,0,0,0,0,0,0,0,0,0,0,0,0,0,0
2015-12-22 00:25:49.174, data, MQL,0,0,302,0,0,0,0,0,0,0,0,0,0,170,0,331,0,0,0,0,162,0,31,0,0,0,0,0,0,0,0,59,0,0,0,617,0,63,0,56,34,0,0,0,0,0,44,0,283,0,0,0,0,50,0,0,0,266,0,49,170,0,0,0,153,0,0,0,0,0,0,0,0,0,0,160,0,67,0,167,0,0,0,0,0,0,0,0,45,0,0,0,0,0,0,0,0,0,0,0,0,0,0,0,0,0,0,0,0,0
2015-12-22 00:25:50.177, data, MQL,0,14,477,72,251,323,204,308,45,0,501,502,63,317,80,501,490,257,63,224,359,105,528,441,403,86,386,74,245,85,84,530,69,242,83,241,83,517,70,376,198,534,237,74,184,347,487,501,502,68,311,402,69,186,67,403,452,179,446,404,483,462,374,485,484,485,452,308,502,524,490,478,472,506,472,395,524,487,529,444,413,309,415,449,526,529,496,503,441,67,112,338,0,0,0,0,0,0,0,0,0,0,0,0,0,0,0,0,0,0
2015-12-22 00:25:51.173, data, MQL,0,143,0,219,543,230,0,0,0,1,870,0,257,0,225,0,223,0,223,0,0,262,0,240,0,262,0,229,0,231,232,0,230,0,232,0,0,0,228,0,0,229,0,0,0,223,0,887,0,225,208,0,219,0,207,80,919,889,211,0,0,213,0,0,0,255,0,131,0,0,224,0,223,0,218,0,230,0,230,0,0,158,0,240,0,227,0,225,0,240,225,0,1000,0,0,0,0,0,0,0,0,0,0,0,0,0,0,0,0,0
2015-12-22 00:25:52.174, data, MQL,0,0,3,5,0,0,0,0,0,0,0,1,1,1,49,311,0,0,0,0,0,4,0,0,1,3,0,1,0,0,4,0,0,0,0,0,0,0,0,0,0,2,0,2,4,0,0,2,0,0,48,1,0,0,0,277,0,0,0,0,0,178,0,0,0,49,1,0,0,0,0,2,0,0,0,0,0,0,4,0,0,0,0,0,0,0,0,2,2,0,0,0,0,0,0,0,0,0,0,0,0,0,0,0,0,0,0,0,0,0
2015-12-22 00:25:53.173, data, MQL,0,0,0,0,0,0,0,0,0,0,0,0,2,1,0,0,0,0,0,0,1,0,0,0,0,0,0,0,0,0,0,0,2,0,0,0,0,0,0,0,0,0,1,0,0,3,0,1,0,0,0,0,3,0,1,2,0,2,0,0,0,0,1,0,0,1,0,0,0,0,0,0,0,2,0,0,1,2,0,0,0,0,2,2,0,0,1,0,0,0,3,0,0,0,0,2,0,0,0,0,0,0,0,0,0,0,0,0,0,0
2015-12-22 00:25:54.173, data, MQL,0,0,170,1,0,0,0,0,0,0,0,0,0,0,0,0,0,0,2,0,0,1,0,36,0,1,0,0,0,1,0,0,0,0,0,0,1,0,0,0,0,0,0,0,176,41,0,0,0,0,0,0,0,0,0,0,0,172,0,2,0,0,0,0,0,0,0,0,0,0,0,0,0,0,0,2,0,0,0,0,0,0,0,0,0,0,0,0,0,0,3,0,0,0,2,0,0,0,0,0,0,0,0,0,0,0,0,0,0,0
2015-12-22 00:25:55.172, data, MQL,0,105,11,424,12,207,11,517,1,1,323,602,217,89,601,603,191,14,602,14,14,583,764,182,620,218,12,217,1,221,763,12,763,1,132,14,764,12,762,13,13,698,13,241,15,195,603,601,601,601,749,16,224,11,748,15,749,15,217,15,15,233,11,198,619,240,12,402,15,584,602,15,245,14,137,12,584,15,224,14,15,145,15,210,766,220,15,197,12,208,219,14,218,14,765,14,200,0,0,0,0,0,0,0,0,0,0,0,0,0
2015-12-22 00:25:56.173, data, MQL,0,33,246,510,222,12,511,18,43,0,770,306,545,547,545,545,545,251,545,250,546,492,493,725,228,21,226,33,492,493,493,226,38,225,30,454,600,224,493,224,225,493,226,538,251,544,545,544,543,252,511,227,16,343,511,512,724,228,511,510,245,150,509,544,511,41,511,365,542,495,544,510,509,328,26,236,24,250,21,225,142,365,250,11,225,491,249,545,235,56,35,545,137,276,492,493,545,18,510,137,0,0,0,0,0,0,0,0,0,0
2015-12-22 00:25:57.175, data, MQL,0,5,414,437,556,146,42,20,4,0,293,591,486,591,130,591,64,67,34,31,59,34,39,281,524,557,556,176,36,33,265,33,38,35,35,124,35,33,558,34,267,131,266,29,65,591,34,33,39,466,35,65,34,281,281,136,56,33,462,34,282,24,578,67,254,254,576,20,589,149,33,32,32,31,39,37,266,43,267,558,33,20,65,37,33,35,152,282,42,37,34,49,33,36,34,31,33,120,58,68,34,204,526,0,0,0,0,0,0,0
2015-12-22 00:25:58.173, data, MQL,0,0,9,346,0,185,16,1,0,0,190,24,0,116,224,1,23,18,1,10,1,21,4,216,153,22,8,0,1,1,18,0,20,12,0,22,0,1,21,0,23,0,13,9,2,377,116,15,25,22,10,0,1,21,24,0,3,7,14,28,31,6,0,16,153,19,163,13,29,1,23,11,12,2,12,23,22,0,24,1,28,139,194,23,2,1,0,0,9,0,22,21,8,12,0,32,1,14,7,19,0,0,14,0,0,0,0,0,0,0
2015-12-22 00:25:59.173, data, MQL,0,0,2,535,1,44,62,3,0,1,56,0,69,0,550,0,554,3,553,1,0,64,0,576,504,551,0,47,0,84,48,0,60,2,551,0,552,0,552,0,0,57,0,554,47,554,0,71,554,545,59,0,535,0,576,2,576,1,472,0,0,38,0,553,536,536,1,370,1,550,545,0,44,0,67,0,48,0,65,0,0,50,0,82,0,47,0,60,0,575,553,1,94,0,91,0,554,0,535,1,56,2,60,519,44,0,0,0,0,0
2015-12-22 00:26:00.174, data, MQL,0,0,10,17,4,0,1,14,2,0,13,11,15,15,2,1,0,16,0,18,1,17,2,0,18,0,18,10,2,9,0,6,18,2,0,16,9,4,0,1,0,0,1,0,2,19,16,18,18,18,5,0,0,11,0,12,1,17,19,15,21,0,21,18,15,0,18,16,6,15,0,6,19,19,15,2,15,1,0,10,14,8,0,20,0,0,0,0,1,1,11,3,0,0,18,19,0,17,11,3,18,0,20,12,0,14,0,0,0,0
2015-12-22 00:26:01.174, data, MQL,0,25,243,286,214,276,331,151,25,1,210,0,282,3,210,884,210,3,231,4,318,215,327,339,289,216,99,215,0,214,215,3,237,3,215,0,215,0,215,0,3,217,328,212,318,271,318,211,287,211,219,4,288,3,886,689,219,217,339,6,3,159,0,210,5,334,338,150,5,335,211,0,274,331,218,6,215,6,250,336,6,177,320,234,3,261,6,210,332,219,277,1,215,4,215,0,211,4,218,1,210,189,217,0,210,0,210,0,0,0
2015-12-22 00:26:02.174, data, MQL,0,11,0,52,51,49,3,29,0,0,52,49,28,49,41,4,24,3,28,3,5,51,52,43,79,33,3,54,3,33,49,4,51,3,29,4,39,55,23,52,5,47,2,53,4,32,26,49,0,53,19,19,35,0,67,3,45,3,44,52,3,16,3,31,56,35,154,18,49,48,22,3,29,2,57,5,49,18,30,4,4,19,3,26,4,29,0,32,4,30,27,2,52,18,29,53,28,55,34,5,54,3,33,49,37,3,45,4,0,0
2015-12-22 00:26:03.173, data, MQL,0,0,12,30,34,0,35,0,4,0,0,34,32,36,4,22,0,30,310,0,20,346,17,0,161,31,19,0,0,0,0,0,0,0,0,151,0,0,12,0,0,0,0,30,12,311,9,0,30,327,0,0,0,0,316,0,22,0,349,1,36,22,8,11,0,17,33,240,0,0,0,0,0,23,0,0,343,0,317,28,0,0,0,0,28,29,0,0,37,0,0,0,0,167,0,0,0,0,0,0,0,0,333,38,0,0,0,0,0,0
2015-12-22 00:26:04.197, data, MQL,0,0,2,219,155,0,3,1,3,0,0,59,0,1,0,0,0,0,5,0,0,4,0,0,6,229,0,0,1,225,5,0,0,4,225,6,0,4,226,1,4,227,0,2,0,5,54,3,5,217,202,4,5,3,200,4,205,59,202,59,0,0,0,214,59,0,0,0,52,0,0,0,0,2,216,9,226,5,0,0,0,0,0,202,0,5,0,215,3,201,5,4,226,59,0,0,0,55,216,0,213,2,0,0,216,0,0,0,0,0
2015-12-22 00:26:05.174, data, MQL,0,0,4,239,2,272,0,2,0,0,3,4,0,8,0,3,0,3,0,3,1,0,1,7,3,271,0,0,3,0,4,0,0,3,3,3,4,0,2,2,3,0,0,0,2,3,0,0,0,1,0,1,0,0,3,0,4,4,235,4,0,0,0,4,4,4,0,1,4,0,7,0,0,3,0,4,0,0,3,0,0,0,3,4,7,0,8,0,4,0,3,0,3,0,0,0,8,3,4,0,1,0,4,3,3,1,0,0,0,1
2015-12-22 00:26:05.605, field, AgentID,R#0000,R#0001,R#0002,R#0003,R#0004,R#0005,R#0006,R#0007,R#0008,R#0009,R#0010,R#0011,R#0012,R#0013,R#0014,R#0015,R#0016,R#0017,R#0018,R#0019,R#0020,R#0021,R#0022,R#0023,R#0024,R#0025,R#0026,R#0027,R#0028,R#0029,R#0030,R#0031,R#0032,R#0033,R#0034,R#0035,R#0036,R#0037,R#0038,R#0039,R#0040,R#0041,R#0042,R#0043,R#0044,R#0045,R#0046,R#0047,R#0048,R#0049,R#0050,R#0051,R#0052,R#0053,R#0054,R#0055,R#0056,R#0057,R#0058,R#0059,R#0060,R#0061,R#0062,R#0063,R#0064,R#0065,R#0066,R#0067,R#0068,R#0069,R#0070,R#0071,R#0072,R#0073,R#0074,R#0075,R#0076,R#0077,R#0078,R#0079,R#0080,R#0081,R#0082,R#0083,R#0084,R#0085,R#0086,R#0087,R#0088,R#0089,R#0090,R#0091,R#0092,R#0093,R#0094,R#0095,R#0096,R#0097,R#0098,R#0099,R#0100,R#0101,R#0102,R#0103,R#0104,R#0105,R#0106,R#0107,R#0108,R#0109,R#0110
2015-12-22 00:26:05.997, field, AgentID,R#0000,R#0001,R#0002,R#0003,R#0004,R#0005,R#0006,R#0007,R#0008,R#0009,R#0010,R#0011,R#0012,R#0013,R#0014,R#0015,R#0016,R#0017,R#0018,R#0019,R#0020,R#0021,R#0022,R#0023,R#0024,R#0025,R#0026,R#0027,R#0028,R#0029,R#0030,R#0031,R#0032,R#0033,R#0034,R#0035,R#0036,R#0037,R#0038,R#0039,R#0040,R#0041,R#0042,R#0043,R#0044,R#0045,R#0046,R#0047,R#0048,R#0049,R#0050,R#0051,R#0052,R#0053,R#0054,R#0055,R#0056,R#0057,R#0058,R#0059,R#0060,R#0061,R#0062,R#0063,R#0064,R#0065,R#0066,R#0067,R#0068,R#0069,R#0070,R#0071,R#0072,R#0073,R#0074,R#0075,R#0076,R#0077,R#0078,R#0079,R#0080,R#0081,R#0082,R#0083,R#0084,R#0085,R#0086,R#0087,R#0088,R#0089,R#0090,R#0091,R#0092,R#0093,R#0094,R#0095,R#0096,R#0097,R#0098,R#0099,R#0100,R#0101,R#0102,R#0103,R#0104,R#0105,R#0106,R#0107,R#0108,R#0109,R#0110,R#0111
2015-12-22 00:26:06.176, data, MQL,0,53,178,267,343,26,235,13,39,0,28,314,243,243,303,243,8,243,8,3,4,110,330,12,320,343,1,14,26,32,13,2,8,34,26,8,59,32,7,3,40,13,245,15,328,26,7,3,3,303,32,6,4,3,314,3,235,41,2,12,325,9,36,3,315,314,2,243,35,344,10,35,1,245,19,10,7,323,344,6,321,14,7,7,14,14,35,332,15,31,18,29,7,239,15,9,33,214,232,29,5,23,327,6,3,5,42,108,39,33,29,338
2015-12-22 00:26:06.443, field, AgentID,R#0000,R#0001,R#0002,R#0003,R#0004,R#0005,R#0006,R#0007,R#0008,R#0009,R#0010,R#0011,R#0012,R#0013,R#0014,R#0015,R#0016,R#0017,R#0018,R#0019,R#0020,R#0021,R#0022,R#0023,R#0024,R#0025,R#0026,R#0027,R#0028,R#0029,R#0030,R#0031,R#0032,R#0033,R#0034,R#0035,R#0036,R#0037,R#0038,R#0039,R#0040,R#0041,R#0042,R#0043,R#0044,R#0045,R#0046,R#0047,R#0048,R#0049,R#0050,R#0051,R#0052,R#0053,R#0054,R#0055,R#0056,R#0057,R#0058,R#0059,R#0060,R#0061,R#0062,R#0063,R#0064,R#0065,R#0066,R#0067,R#0068,R#0069,R#0070,R#0071,R#0072,R#0073,R#0074,R#0075,R#0076,R#0077,R#0078,R#0079,R#0080,R#0081,R#0082,R#0083,R#0084,R#0085,R#0086,R#0087,R#0088,R#0089,R#0090,R#0091,R#0092,R#0093,R#0094,R#0095,R#0096,R#0097,R#0098,R#0099,R#0100,R#0101,R#0102,R#0103,R#0104,R#0105,R#0106,R#0107,R#0108,R#0109,R#0110,R#0111,R#0112
2015-12-22 00:26:06.853, field, AgentID,R#0000,R#0001,R#0002,R#0003,R#0004,R#0005,R#0006,R#0007,R#0008,R#0009,R#0010,R#0011,R#0012,R#0013,R#0014,R#0015,R#0016,R#0017,R#0018,R#0019,R#0020,R#0021,R#0022,R#0023,R#0024,R#0025,R#0026,R#0027,R#0028,R#0029,R#0030,R#0031,R#0032,R#0033,R#0034,R#0035,R#0036,R#0037,R#0038,R#0039,R#0040,R#0041,R#0042,R#0043,R#0044,R#0045,R#0046,R#0047,R#0048,R#0049,R#0050,R#0051,R#0052,R#0053,R#0054,R#0055,R#0056,R#0057,R#0058,R#0059,R#0060,R#0061,R#0062,R#0063,R#0064,R#0065,R#0066,R#0067,R#0068,R#0069,R#0070,R#0071,R#0072,R#0073,R#0074,R#0075,R#0076,R#0077,R#0078,R#0079,R#0080,R#0081,R#0082,R#0083,R#0084,R#0085,R#0086,R#0087,R#0088,R#0089,R#0090,R#0091,R#0092,R#0093,R#0094,R#0095,R#0096,R#0097,R#0098,R#0099,R#0100,R#0101,R#0102,R#0103,R#0104,R#0105,R#0106,R#0107,R#0108,R#0109,R#0110,R#0111,R#0112,R#0113
2015-12-22 00:26:07.173, data, MQL,0,187,402,976,1000,994,21,798,2,0,994,28,994,994,994,994,994,23,994,24,23,1000,35,978,28,1000,21,1000,509,1000,1000,33,1000,37,1000,861,1000,33,1000,23,509,1000,32,994,30,993,23,994,32,981,991,20,977,25,991,748,991,30,991,29,34,804,23,994,493,976,500,797,498,1000,980,976,976,777,976,22,1000,500,1000,26,24,797,502,990,121,1000,31,994,23,991,947,117,1000,21,1000,361,993,27,976,25,993,13,976,31,993,23,993,845,1000,26,23,993,770,502
2015-12-22 00:26:07.175, field, AgentID,R#0000,R#0001,R#0002,R#0003,R#0004,R#0005,R#0006,R#0007,R#0008,R#0009,R#0010,R#0011,R#0012,R#0013,R#0014,R#0015,R#0016,R#0017,R#0018,R#0019,R#0020,R#0021,R#0022,R#0023,R#0024,R#0025,R#0026,R#0027,R#0028,R#0029,R#0030,R#0031,R#0032,R#0033,R#0034,R#0035,R#0036,R#0037,R#0038,R#0039,R#0040,R#0041,R#0042,R#0043,R#0044,R#0045,R#0046,R#0047,R#0048,R#0049,R#0050,R#0051,R#0052,R#0053,R#0054,R#0055,R#0056,R#0057,R#0058,R#0059,R#0060,R#0061,R#0062,R#0063,R#0064,R#0065,R#0066,R#0067,R#0068,R#0069,R#0070,R#0071,R#0072,R#0073,R#0074,R#0075,R#0076,R#0077,R#0078,R#0079,R#0080,R#0081,R#0082,R#0083,R#0084,R#0085,R#0086,R#0087,R#0088,R#0089,R#0090,R#0091,R#0092,R#0093,R#0094,R#0095,R#0096,R#0097,R#0098,R#0099,R#0100,R#0101,R#0102,R#0103,R#0104,R#0105,R#0106,R#0107,R#0108,R#0109,R#0110,R#0111,R#0112,R#0113,R#0114
2015-12-22 00:26:07.676, field, AgentID,R#0000,R#0001,R#0002,R#0003,R#0004,R#0005,R#0006,R#0007,R#0008,R#0009,R#0010,R#0011,R#0012,R#0013,R#0014,R#0015,R#0016,R#0017,R#0018,R#0019,R#0020,R#0021,R#0022,R#0023,R#0024,R#0025,R#0026,R#0027,R#0028,R#0029,R#0030,R#0031,R#0032,R#0033,R#0034,R#0035,R#0036,R#0037,R#0038,R#0039,R#0040,R#0041,R#0042,R#0043,R#0044,R#0045,R#0046,R#0047,R#0048,R#0049,R#0050,R#0051,R#0052,R#0053,R#0054,R#0055,R#0056,R#0057,R#0058,R#0059,R#0060,R#0061,R#0062,R#0063,R#0064,R#0065,R#0066,R#0067,R#0068,R#0069,R#0070,R#0071,R#0072,R#0073,R#0074,R#0075,R#0076,R#0077,R#0078,R#0079,R#0080,R#0081,R#0082,R#0083,R#0084,R#0085,R#0086,R#0087,R#0088,R#0089,R#0090,R#0091,R#0092,R#0093,R#0094,R#0095,R#0096,R#0097,R#0098,R#0099,R#0100,R#0101,R#0102,R#0103,R#0104,R#0105,R#0106,R#0107,R#0108,R#0109,R#0110,R#0111,R#0112,R#0113,R#0114,R#0115
2015-12-22 00:26:08.173, data, MQL,0,19,88,36,112,114,27,21,12,0,122,122,314,110,93,22,35,110,27,51,407,119,103,301,368,117,34,108,112,103,37,26,96,27,93,119,118,40,31,30,28,83,106,35,108,119,97,115,114,119,35,36,107,45,43,38,34,768,111,419,110,78,38,35,89,22,46,27,33,906,93,30,97,115,98,25,385,123,105,23,28,83,37,41,23,65,97,25,397,109,87,41,97,34,100,48,109,94,98,42,31,87,97,31,110,103,24,108,32,25,104,122,118,31,118,98
2015-12-22 00:26:08.210, field, AgentID,R#0000,R#0001,R#0002,R#0003,R#0004,R#0005,R#0006,R#0007,R#0008,R#0009,R#0010,R#0011,R#0012,R#0013,R#0014,R#0015,R#0016,R#0017,R#0018,R#0019,R#0020,R#0021,R#0022,R#0023,R#0024,R#0025,R#0026,R#0027,R#0028,R#0029,R#0030,R#0031,R#0032,R#0033,R#0034,R#0035,R#0036,R#0037,R#0038,R#0039,R#0040,R#0041,R#0042,R#0043,R#0044,R#0045,R#0046,R#0047,R#0048,R#0049,R#0050,R#0051,R#0052,R#0053,R#0054,R#0055,R#0056,R#0057,R#0058,R#0059,R#0060,R#0061,R#0062,R#0063,R#0064,R#0065,R#0066,R#0067,R#0068,R#0069,R#0070,R#0071,R#0072,R#0073,R#0074,R#0075,R#0076,R#0077,R#0078,R#0079,R#0080,R#0081,R#0082,R#0083,R#0084,R#0085,R#0086,R#0087,R#0088,R#0089,R#0090,R#0091,R#0092,R#0093,R#0094,R#0095,R#0096,R#0097,R#0098,R#0099,R#0100,R#0101,R#0102,R#0103,R#0104,R#0105,R#0106,R#0107,R#0108,R#0109,R#0110,R#0111,R#0112,R#0113,R#0114,R#0115,R#0116
2015-12-22 00:26:09.173, data, MQL,0,0,7,0,0,1,0,0,0,0,0,0,0,0,0,0,0,0,0,0,0,0,0,0,0,0,0,2,0,0,0,0,0,2,14,1,0,0,0,0,0,0,0,0,0,0,0,0,0,0,0,0,0,0,0,0,0,0,0,1,0,0,0,0,0,0,0,0,1,1,0,0,0,1,0,0,0,2,0,0,0,0,0,1,0,0,0,0,9,0,0,0,12,0,14,0,0,0,0,0,0,0,0,0,0,0,0,1,0,0,0,8,5,0,0,1,0
2015-12-22 00:26:09.484, field, AgentID,R#0000,R#0001,R#0002,R#0003,R#0004,R#0005,R#0006,R#0007,R#0008,R#0009,R#0010,R#0011,R#0012,R#0013,R#0014,R#0015,R#0016,R#0017,R#0018,R#0019,R#0020,R#0021,R#0022,R#0023,R#0024,R#0025,R#0026,R#0027,R#0028,R#0029,R#0030,R#0031,R#0032,R#0033,R#0034,R#0035,R#0036,R#0037,R#0038,R#0039,R#0040,R#0041,R#0042,R#0043,R#0044,R#0045,R#0046,R#0047,R#0048,R#0049,R#0050,R#0051,R#0052,R#0053,R#0054,R#0055,R#0056,R#0057,R#0058,R#0059,R#0060,R#0061,R#0062,R#0063,R#0064,R#0065,R#0066,R#0067,R#0068,R#0069,R#0070,R#0071,R#0072,R#0073,R#0074,R#0075,R#0076,R#0077,R#0078,R#0079,R#0080,R#0081,R#0082,R#0083,R#0084,R#0085,R#0086,R#0087,R#0088,R#0089,R#0090,R#0091,R#0092,R#0093,R#0094,R#0095,R#0096,R#0097,R#0098,R#0099,R#0100,R#0101,R#0102,R#0103,R#0104,R#0105,R#0106,R#0107,R#0108,R#0109,R#0110,R#0111,R#0112,R#0113,R#0114,R#0115,R#0116,R#0117
2015-12-22 00:26:10.174, data, MQL,0,0,308,57,4,0,0,0,0,0,59,2,277,50,14,47,0,0,0,49,0,0,15,13,610,14,0,56,4,0,0,13,42,1,56,0,0,47,0,0,0,0,0,14,0,5,1,0,0,16,14,8,0,0,5,350,14,49,59,350,0,0,0,60,2,48,381,46,3,15,0,0,0,14,0,0,57,0,1,371,0,0,58,49,0,0,4,0,0,0,1,1,0,0,0,0,59,0,0,0,0,0,0,1,0,0,56,60,57,0,89,55,0,4,0,0,1,658
2015-12-22 00:26:10.374, field, AgentID,R#0000,R#0001,R#0002,R#0003,R#0004,R#0005,R#0006,R#0007,R#0008,R#0009,R#0010,R#0011,R#0012,R#0013,R#0014,R#0015,R#0016,R#0017,R#0018,R#0019,R#0020,R#0021,R#0022,R#0023,R#0024,R#0025,R#0026,R#0027,R#0028,R#0029,R#0030,R#0031,R#0032,R#0033,R#0034,R#0035,R#0036,R#0037,R#0038,R#0039,R#0040,R#0041,R#0042,R#0043,R#0044,R#0045,R#0046,R#0047,R#0048,R#0049,R#0050,R#0051,R#0052,R#0053,R#0054,R#0055,R#0056,R#0057,R#0058,R#0059,R#0060,R#0061,R#0062,R#0063,R#0064,R#0065,R#0066,R#0067,R#0068,R#0069,R#0070,R#0071,R#0072,R#0073,R#0074,R#0075,R#0076,R#0077,R#0078,R#0079,R#0080,R#0081,R#0082,R#0083,R#0084,R#0085,R#0086,R#0087,R#0088,R#0089,R#0090,R#0091,R#0092,R#0093,R#0094,R#0095,R#0096,R#0097,R#0098,R#0099,R#0100,R#0101,R#0102,R#0103,R#0104,R#0105,R#0106,R#0107,R#0108,R#0109,R#0110,R#0111,R#0112,R#0113,R#0114,R#0115,R#0116,R#0117,R#0118
2015-12-22 00:26:11.173, data, MQL,0,6,0,29,21,11,9,0,0,0,12,1,0,9,0,0,1,2,8,1,1,12,12,11,8,11,0,1,1,10,10,9,1,2,1,1,0,8,0,7,0,0,1,1,2,2,13,1,0,1,1,1,1,1,1,670,11,4,12,0,12,1,1,1,10,1,0,12,1,0,1,0,1,0,1,1,10,12,1,12,0,2,0,0,0,0,0,9,1,1,9,0,9,0,1,0,9,0,1,0,1,18,1,1,0,21,9,0,10,0,10,10,1,9,9,10,1,9,676
2015-12-22 00:26:11.319, field, AgentID,R#0000,R#0001,R#0002,R#0003,R#0004,R#0005,R#0006,R#0007,R#0008,R#0009,R#0010,R#0011,R#0012,R#0013,R#0014,R#0015,R#0016,R#0017,R#0018,R#0019,R#0020,R#0021,R#0022,R#0023,R#0024,R#0025,R#0026,R#0027,R#0028,R#0029,R#0030,R#0031,R#0032,R#0033,R#0034,R#0035,R#0036,R#0037,R#0038,R#0039,R#0040,R#0041,R#0042,R#0043,R#0044,R#0045,R#0046,R#0047,R#0048,R#0049,R#0050,R#0051,R#0052,R#0053,R#0054,R#0055,R#0056,R#0057,R#0058,R#0059,R#0060,R#0061,R#0062,R#0063,R#0064,R#0065,R#0066,R#0067,R#0068,R#0069,R#0070,R#0071,R#0072,R#0073,R#0074,R#0075,R#0076,R#0077,R#0078,R#0079,R#0080,R#0081,R#0082,R#0083,R#0084,R#0085,R#0086,R#0087,R#0088,R#0089,R#0090,R#0091,R#0092,R#0093,R#0094,R#0095,R#0096,R#0097,R#0098,R#0099,R#0100,R#0101,R#0102,R#0103,R#0104,R#0105,R#0106,R#0107,R#0108,R#0109,R#0110,R#0111,R#0112,R#0113,R#0114,R#0115,R#0116,R#0117,R#0118,R#0119
2015-12-22 00:26:11.636, field, AgentID,R#0000,R#0001,R#0002,R#0003,R#0004,R#0005,R#0006,R#0007,R#0008,R#0009,R#0010,R#0011,R#0012,R#0013,R#0014,R#0015,R#0016,R#0017,R#0018,R#0019,R#0020,R#0021,R#0022,R#0023,R#0024,R#0025,R#0026,R#0027,R#0028,R#0029,R#0030,R#0031,R#0032,R#0033,R#0034,R#0035,R#0036,R#0037,R#0038,R#0039,R#0040,R#0041,R#0042,R#0043,R#0044,R#0045,R#0046,R#0047,R#0048,R#0049,R#0050,R#0051,R#0052,R#0053,R#0054,R#0055,R#0056,R#0057,R#0058,R#0059,R#0060,R#0061,R#0062,R#0063,R#0064,R#0065,R#0066,R#0067,R#0068,R#0069,R#0070,R#0071,R#0072,R#0073,R#0074,R#0075,R#0076,R#0077,R#0078,R#0079,R#0080,R#0081,R#0082,R#0083,R#0084,R#0085,R#0086,R#0087,R#0088,R#0089,R#0090,R#0091,R#0092,R#0093,R#0094,R#0095,R#0096,R#0097,R#0098,R#0099,R#0100,R#0101,R#0102,R#0103,R#0104,R#0105,R#0106,R#0107,R#0108,R#0109,R#0110,R#0111,R#0112,R#0113,R#0114,R#0115,R#0116,R#0117,R#0118,R#0119,R#0120
2015-12-22 00:26:12.037, field, AgentID,R#0000,R#0001,R#0002,R#0003,R#0004,R#0005,R#0006,R#0007,R#0008,R#0009,R#0010,R#0011,R#0012,R#0013,R#0014,R#0015,R#0016,R#0017,R#0018,R#0019,R#0020,R#0021,R#0022,R#0023,R#0024,R#0025,R#0026,R#0027,R#0028,R#0029,R#0030,R#0031,R#0032,R#0033,R#0034,R#0035,R#0036,R#0037,R#0038,R#0039,R#0040,R#0041,R#0042,R#0043,R#0044,R#0045,R#0046,R#0047,R#0048,R#0049,R#0050,R#0051,R#0052,R#0053,R#0054,R#0055,R#0056,R#0057,R#0058,R#0059,R#0060,R#0061,R#0062,R#0063,R#0064,R#0065,R#0066,R#0067,R#0068,R#0069,R#0070,R#0071,R#0072,R#0073,R#0074,R#0075,R#0076,R#0077,R#0078,R#0079,R#0080,R#0081,R#0082,R#0083,R#0084,R#0085,R#0086,R#0087,R#0088,R#0089,R#0090,R#0091,R#0092,R#0093,R#0094,R#0095,R#0096,R#0097,R#0098,R#0099,R#0100,R#0101,R#0102,R#0103,R#0104,R#0105,R#0106,R#0107,R#0108,R#0109,R#0110,R#0111,R#0112,R#0113,R#0114,R#0115,R#0116,R#0117,R#0118,R#0119,R#0120,R#0121
2015-12-22 00:26:12.175, data, MQL,0,34,37,165,163,160,54,27,24,0,152,151,160,152,160,44,160,63,59,32,26,34,144,158,165,163,164,35,164,29,122,61,163,59,47,164,43,164,50,60,162,26,164,60,62,41,161,161,161,160,27,165,59,159,40,52,159,34,57,165,161,149,37,160,162,162,125,54,55,164,161,43,35,44,47,34,164,55,164,52,34,59,161,58,54,55,52,35,159,35,39,52,51,164,38,48,38,164,58,164,124,147,162,161,28,27,37,42,68,26,164,161,164,161,50,41,38,45,47,31,158,164
2015-12-22 00:26:12.418, field, AgentID,R#0000,R#0001,R#0002,R#0003,R#0004,R#0005,R#0006,R#0007,R#0008,R#0009,R#0010,R#0011,R#0012,R#0013,R#0014,R#0015,R#0016,R#0017,R#0018,R#0019,R#0020,R#0021,R#0022,R#0023,R#0024,R#0025,R#0026,R#0027,R#0028,R#0029,R#0030,R#0031,R#0032,R#0033,R#0034,R#0035,R#0036,R#0037,R#0038,R#0039,R#0040,R#0041,R#0042,R#0043,R#0044,R#0045,R#0046,R#0047,R#0048,R#0049,R#0050,R#0051,R#0052,R#0053,R#0054,R#0055,R#0056,R#0057,R#0058,R#0059,R#0060,R#0061,R#0062,R#0063,R#0064,R#0065,R#0066,R#0067,R#0068,R#0069,R#0070,R#0071,R#0072,R#0073,R#0074,R#0075,R#0076,R#0077,R#0078,R#0079,R#0080,R#0081,R#0082,R#0083,R#0084,R#0085,R#0086,R#0087,R#0088,R#0089,R#0090,R#0091,R#0092,R#0093,R#0094,R#0095,R#0096,R#0097,R#0098,R#0099,R#0100,R#0101,R#0102,R#0103,R#0104,R#0105,R#0106,R#0107,R#0108,R#0109,R#0110,R#0111,R#0112,R#0113,R#0114,R#0115,R#0116,R#0117,R#0118,R#0119,R#0120,R#0121,R#0122
2015-12-22 00:26:13.173, data, MQL,0,79,372,453,369,445,432,370,80,0,445,806,36,374,23,805,36,447,27,418,445,43,789,427,453,439,445,39,439,45,33,440,43,371,438,362,147,359,149,428,359,148,364,408,447,156,368,138,445,419,46,670,31,358,144,459,800,759,431,457,447,33,353,444,398,455,348,31,370,26,809,449,26,367,403,357,42,426,795,438,374,43,449,431,444,27,370,45,432,29,26,370,22,362,438,359,34,362,442,360,35,318,455,434,445,355,445,355,35,386,437,26,363,25,557,29,362,38,370,31,970,362,437
2015-12-22 00:26:13.180, field, AgentID,R#0000,R#0001,R#0002,R#0003,R#0004,R#0005,R#0006,R#0007,R#0008,R#0009,R#0010,R#0011,R#0012,R#0013,R#0014,R#0015,R#0016,R#0017,R#0018,R#0019,R#0020,R#0021,R#0022,R#0023,R#0024,R#0025,R#0026,R#0027,R#0028,R#0029,R#0030,R#0031,R#0032,R#0033,R#0034,R#0035,R#0036,R#0037,R#0038,R#0039,R#0040,R#0041,R#0042,R#0043,R#0044,R#0045,R#0046,R#0047,R#0048,R#0049,R#0050,R#0051,R#0052,R#0053,R#0054,R#0055,R#0056,R#0057,R#0058,R#0059,R#0060,R#0061,R#0062,R#0063,R#0064,R#0065,R#0066,R#0067,R#0068,R#0069,R#0070,R#0071,R#0072,R#0073,R#0074,R#0075,R#0076,R#0077,R#0078,R#0079,R#0080,R#0081,R#0082,R#0083,R#0084,R#0085,R#0086,R#0087,R#0088,R#0089,R#0090,R#0091,R#0092,R#0093,R#0094,R#0095,R#0096,R#0097,R#0098,R#0099,R#0100,R#0101,R#0102,R#0103,R#0104,R#0105,R#0106,R#0107,R#0108,R#0109,R#0110,R#0111,R#0112,R#0113,R#0114,R#0115,R#0116,R#0117,R#0118,R#0119,R#0120,R#0121,R#0122,R#0123
2015-12-22 00:26:14.100, field, AgentID,R#0000,R#0001,R#0002,R#0003,R#0004,R#0005,R#0006,R#0007,R#0008,R#0009,R#0010,R#0011,R#0012,R#0013,R#0014,R#0015,R#0016,R#0017,R#0018,R#0019,R#0020,R#0021,R#0022,R#0023,R#0024,R#0025,R#0026,R#0027,R#0028,R#0029,R#0030,R#0031,R#0032,R#0033,R#0034,R#0035,R#0036,R#0037,R#0038,R#0039,R#0040,R#0041,R#0042,R#0043,R#0044,R#0045,R#0046,R#0047,R#0048,R#0049,R#0050,R#0051,R#0052,R#0053,R#0054,R#0055,R#0056,R#0057,R#0058,R#0059,R#0060,R#0061,R#0062,R#0063,R#0064,R#0065,R#0066,R#0067,R#0068,R#0069,R#0070,R#0071,R#0072,R#0073,R#0074,R#0075,R#0076,R#0077,R#0078,R#0079,R#0080,R#0081,R#0082,R#0083,R#0084,R#0085,R#0086,R#0087,R#0088,R#0089,R#0090,R#0091,R#0092,R#0093,R#0094,R#0095,R#0096,R#0097,R#0098,R#0099,R#0100,R#0101,R#0102,R#0103,R#0104,R#0105,R#0106,R#0107,R#0108,R#0109,R#0110,R#0111,R#0112,R#0113,R#0114,R#0115,R#0116,R#0117,R#0118,R#0119,R#0120,R#0121,R#0122,R#0123,R#0124
2015-12-22 00:26:14.172, data, MQL,0,0,0,0,0,0,0,0,0,0,0,0,0,0,0,0,0,0,0,0,0,0,0,0,0,0,0,0,0,0,0,0,0,0,0,0,0,0,0,0,0,0,0,0,0,0,0,0,0,0,0,0,0,0,0,0,0,0,0,0,0,0,0,0,0,0,0,0,0,0,0,0,0,0,0,0,0,0,0,0,0,0,0,0,0,0,0,0,0,0,0,0,0,0,0,0,0,0,0,0,0,0,0,0,0,0,0,0,0,0,0,0,0,0,0,0,0,0,0,0,0,0,0,0,0
2015-12-22 00:26:14.628, field, AgentID,R#0000,R#0001,R#0002,R#0003,R#0004,R#0005,R#0006,R#0007,R#0008,R#0009,R#0010,R#0011,R#0012,R#0013,R#0014,R#0015,R#0016,R#0017,R#0018,R#0019,R#0020,R#0021,R#0022,R#0023,R#0024,R#0025,R#0026,R#0027,R#0028,R#0029,R#0030,R#0031,R#0032,R#0033,R#0034,R#0035,R#0036,R#0037,R#0038,R#0039,R#0040,R#0041,R#0042,R#0043,R#0044,R#0045,R#0046,R#0047,R#0048,R#0049,R#0050,R#0051,R#0052,R#0053,R#0054,R#0055,R#0056,R#0057,R#0058,R#0059,R#0060,R#0061,R#0062,R#0063,R#0064,R#0065,R#0066,R#0067,R#0068,R#0069,R#0070,R#0071,R#0072,R#0073,R#0074,R#0075,R#0076,R#0077,R#0078,R#0079,R#0080,R#0081,R#0082,R#0083,R#0084,R#0085,R#0086,R#0087,R#0088,R#0089,R#0090,R#0091,R#0092,R#0093,R#0094,R#0095,R#0096,R#0097,R#0098,R#0099,R#0100,R#0101,R#0102,R#0103,R#0104,R#0105,R#0106,R#0107,R#0108,R#0109,R#0110,R#0111,R#0112,R#0113,R#0114,R#0115,R#0116,R#0117,R#0118,R#0119,R#0120,R#0121,R#0122,R#0123,R#0124,R#0125
2015-12-22 00:26:15.174, data, MQL,0,12,8,31,0,0,0,0,0,0,61,484,0,480,0,473,8,0,0,0,18,481,0,0,0,30,0,12,10,0,0,8,0,13,32,18,0,0,0,0,0,0,3,79,0,8,479,469,19,31,9,0,0,0,0,0,76,1,29,0,0,14,0,0,13,0,20,23,473,0,0,0,0,0,30,0,18,18,32,0,0,9,0,18,0,0,1,27,0,17,0,0,0,0,0,13,5,0,82,0,3,0,0,18,10,0,3,0,0,3,12,0,484,0,0,0,18,0,0,60,0,499,27,0,0,486
2015-12-22 00:26:15.408, field, AgentID,R#0000,R#0001,R#0002,R#0003,R#0004,R#0005,R#0006,R#0007,R#0008,R#0009,R#0010,R#0011,R#0012,R#0013,R#0014,R#0015,R#0016,R#0017,R#0018,R#0019,R#0020,R#0021,R#0022,R#0023,R#0024,R#0025,R#0026,R#0027,R#0028,R#0029,R#0030,R#0031,R#0032,R#0033,R#0034,R#0035,R#0036,R#0037,R#0038,R#0039,R#0040,R#0041,R#0042,R#0043,R#0044,R#0045,R#0046,R#0047,R#0048,R#0049,R#0050,R#0051,R#0052,R#0053,R#0054,R#0055,R#0056,R#0057,R#0058,R#0059,R#0060,R#0061,R#0062,R#0063,R#0064,R#0065,R#0066,R#0067,R#0068,R#0069,R#0070,R#0071,R#0072,R#0073,R#0074,R#0075,R#0076,R#0077,R#0078,R#0079,R#0080,R#0081,R#0082,R#0083,R#0084,R#0085,R#0086,R#0087,R#0088,R#0089,R#0090,R#0091,R#0092,R#0093,R#0094,R#0095,R#0096,R#0097,R#0098,R#0099,R#0100,R#0101,R#0102,R#0103,R#0104,R#0105,R#0106,R#0107,R#0108,R#0109,R#0110,R#0111,R#0112,R#0113,R#0114,R#0115,R#0116,R#0117,R#0118,R#0119,R#0120,R#0121,R#0122,R#0123,R#0124,R#0125,R#0126
2015-12-22 00:26:16.173, data, MQL,0,0,0,0,27,0,0,0,0,0,0,24,0,0,26,0,0,0,0,2,0,0,0,0,0,0,0,0,0,0,0,0,0,0,0,0,0,0,0,0,0,0,0,0,0,0,4,0,0,20,25,0,0,0,1,0,0,18,0,21,0,0,0,0,1,0,20,0,0,0,1,2,0,0,0,0,0,0,0,0,0,0,0,0,0,2,0,0,0,0,0,27,27,0,0,0,0,0,0,0,0,0,0,0,0,0,0,0,0,0,0,0,0,1,0,0,0,0,0,0,0,0,26,0,0,0,0
2015-12-22 00:26:17.172, data, MQL,0,9,392,47,482,0,5,1,0,0,43,0,6,40,2,2,0,0,0,0,460,99,0,0,45,0,0,4,10,0,4,0,2,0,7,0,0,4,9,0,0,0,0,7,0,0,0,12,10,9,0,0,0,0,0,40,44,10,40,46,7,0,0,0,0,10,46,41,0,0,2,0,0,0,0,0,9,0,47,0,0,0,0,0,5,0,0,40,448,40,0,0,0,0,5,0,0,0,0,0,0,0,0,0,0,0,0,0,13,0,481,1,41,0,0,0,9,0,0,0,0,0,0,0,0,0,0
2015-12-22 00:26:18.173, data, MQL,0,54,363,315,103,303,55,286,8,0,410,557,303,90,304,102,304,58,102,59,388,310,97,291,99,584,60,310,59,310,310,60,310,52,311,104,311,34,313,62,58,311,98,304,304,306,44,410,304,410,291,46,316,56,291,62,294,403,551,69,374,279,95,303,62,423,375,552,379,311,303,46,315,99,315,60,311,58,311,584,60,287,96,291,61,311,60,594,63,392,303,35,311,59,414,59,303,60,315,99,303,56,315,58,303,55,303,55,310,61,398,573,62,303,58,315,61,303,60,562,291,398,583,93,303,97,310
2015-12-22 00:26:18.585, field, AgentID,R#0000,R#0001,R#0002,R#0003,R#0004,R#0005,R#0006,R#0007,R#0008,R#0009,R#0010,R#0011,R#0012,R#0013,R#0014,R#0015,R#0016,R#0017,R#0018,R#0019,R#0020,R#0021,R#0022,R#0023,R#0024,R#0025,R#0026,R#0027,R#0028,R#0029,R#0030,R#0031,R#0032,R#0033,R#0034,R#0035,R#0036,R#0037,R#0038,R#0039,R#0040,R#0041,R#0042,R#0043,R#0044,R#0045,R#0046,R#0047,R#0048,R#0049,R#0050,R#0051,R#0052,R#0053,R#0054,R#0055,R#0056,R#0057,R#0058,R#0059,R#0060,R#0061,R#0062,R#0063,R#0064,R#0065,R#0066,R#0067,R#0068,R#0069,R#0070,R#0071,R#0072,R#0073,R#0074,R#0075,R#0076,R#0077,R#0078,R#0079,R#0080,R#0081,R#0082,R#0083,R#0084,R#0085,R#0086,R#0087,R#0088,R#0089,R#0090,R#0091,R#0092,R#0093,R#0094,R#0095,R#0096,R#0097,R#0098,R#0099,R#0100,R#0101,R#0102,R#0103,R#0104,R#0105,R#0106,R#0107,R#0108,R#0109,R#0110,R#0111,R#0112,R#0113,R#0114,R#0115,R#0116,R#0117,R#0118,R#0119,R#0120,R#0121,R#0122,R#0123,R#0124,R#0125,R#0126,R#0127
2015-12-22 00:26:18.595, field, AgentID,R#0000,R#0001,R#0002,R#0003,R#0004,R#0005,R#0006,R#0007,R#0008,R#0009,R#0010,R#0011,R#0012,R#0013,R#0014,R#0015,R#0016,R#0017,R#0018,R#0019,R#0020,R#0021,R#0022,R#0023,R#0024,R#0025,R#0026,R#0027,R#0028,R#0029,R#0030,R#0031,R#0032,R#0033,R#0034,R#0035,R#0036,R#0037,R#0038,R#0039,R#0040,R#0041,R#0042,R#0043,R#0044,R#0045,R#0046,R#0047,R#0048,R#0049,R#0050,R#0051,R#0052,R#0053,R#0054,R#0055,R#0056,R#0057,R#0058,R#0059,R#0060,R#0061,R#0062,R#0063,R#0064,R#0065,R#0066,R#0067,R#0068,R#0069,R#0070,R#0071,R#0072,R#0073,R#0074,R#0075,R#0076,R#0077,R#0078,R#0079,R#0080,R#0081,R#0082,R#0083,R#0084,R#0085,R#0086,R#0087,R#0088,R#0089,R#0090,R#0091,R#0092,R#0093,R#0094,R#0095,R#0096,R#0097,R#0098,R#0099,R#0100,R#0101,R#0102,R#0103,R#0104,R#0105,R#0106,R#0107,R#0108,R#0109,R#0110,R#0111,R#0112,R#0113,R#0114,R#0115,R#0116,R#0117,R#0118,R#0119,R#0120,R#0121,R#0122,R#0123,R#0124,R#0125,R#0126,R#0127,R#0128
