2016-04-27 00:57:20.217, field, MessageQueue,R#0000,R#0001,R#0002,R#0003,R#0004,R#0005,R#0006,R#0007,R#0008,R#0009
2016-04-27 00:57:20.217, data, MessageQueue,0,0,0,0,0,0,0,0,0,0
2016-04-27 00:57:20.244, field, AgentTransaction,R#0000,R#0002,R#0001,R#0004,R#0003,R#0006,R#0005,R#0008,R#0007,R#0009,Total
2016-04-27 00:57:20.244, data, AgentTransaction,0,0,0,0,0,0,0,0,0,0,0
2016-04-27 00:57:20.245, field, MessageLatency,R#0004
2016-04-27 00:57:20.245, data, MessageLatency,0
2016-04-27 00:57:21.195, field, MessageQueue,R#0000,R#0001,R#0002,R#0003,R#0004,R#0005,R#0006,R#0007,R#0008,R#0009
2016-04-27 00:57:21.195, data, MessageQueue,0,0,0,0,0,0,0,0,0,0
2016-04-27 00:57:21.210, field, AgentTransaction,R#0000,R#0002,R#0001,R#0004,R#0003,R#0006,R#0005,R#0008,R#0007,R#0009,Total
2016-04-27 00:57:21.210, data, AgentTransaction,0,0,0,0,0,0,0,0,0,0,0
2016-04-27 00:57:21.211, field, MessageLatency,R#0004
2016-04-27 00:57:21.212, data, MessageLatency,0
2016-04-27 00:57:22.195, field, MessageQueue,R#0000,R#0001,R#0002,R#0003,R#0004,R#0005,R#0006,R#0007,R#0008,R#0009
2016-04-27 00:57:22.195, data, MessageQueue,0,0,0,0,0,0,0,0,0,0
2016-04-27 00:57:22.239, field, AgentTransaction,R#0000,R#0002,R#0001,R#0004,R#0003,R#0006,R#0005,R#0008,R#0007,R#0009,Total
2016-04-27 00:57:22.239, data, AgentTransaction,0,300,0,3911,1800,1200,4000,0,400,0,11611
2016-04-27 00:57:22.240, field, MessageLatency,R#0002,R#0004,R#0003,R#0006,R#0005,R#0007
2016-04-27 00:57:22.240, data, MessageLatency,4,31,34,20,34,6
2016-04-27 00:57:23.195, field, MessageQueue,R#0000,R#0001,R#0002,R#0003,R#0004,R#0005,R#0006,R#0007,R#0008,R#0009
2016-04-27 00:57:23.195, data, MessageQueue,0,0,0,0,1,1,0,0,0,0
2016-04-27 00:57:23.216, field, AgentTransaction,R#0000,R#0002,R#0001,R#0004,R#0003,R#0006,R#0005,R#0008,R#0007,R#0009,Total
2016-04-27 00:57:23.216, data, AgentTransaction,0,700,0,11111,4900,3535,10100,0,500,0,30846
2016-04-27 00:57:23.217, field, MessageLatency,R#0002,R#0004,R#0003,R#0006,R#0005,R#0007
2016-04-27 00:57:23.217, data, MessageLatency,4,12,12,12,14,145
2016-04-27 00:57:24.195, field, MessageQueue,R#0000,R#0001,R#0002,R#0003,R#0004,R#0005,R#0006,R#0007,R#0008,R#0009
2016-04-27 00:57:24.195, data, MessageQueue,0,0,0,0,0,0,0,0,0,0
2016-04-27 00:57:24.212, field, AgentTransaction,R#0000,R#0002,R#0001,R#0004,R#0003,R#0006,R#0005,R#0008,R#0007,R#0009,Total
2016-04-27 00:57:24.213, data, AgentTransaction,0,1600,100,21736,9600,7235,19700,0,1000,0,60971
2016-04-27 00:57:24.214, field, MessageLatency,R#0002,R#0001,R#0004,R#0003,R#0006,R#0005,R#0007
2016-04-27 00:57:24.214, data, MessageLatency,466,794,11,7,3,11,4
2016-04-27 00:57:25.195, field, MessageQueue,R#0000,R#0001,R#0002,R#0003,R#0004,R#0005,R#0006,R#0007,R#0008,R#0009
2016-04-27 00:57:25.195, data, MessageQueue,0,0,0,0,1,1,0,0,0,0
2016-04-27 00:57:25.262, field, AgentTransaction,R#0000,R#0002,R#0001,R#0004,R#0003,R#0006,R#0005,R#0008,R#0007,R#0009,Total
2016-04-27 00:57:25.262, data, AgentTransaction,0,2700,200,36036,16500,12320,33400,0,1800,0,102956
2016-04-27 00:57:25.263, field, MessageLatency,R#0002,R#0001,R#0004,R#0003,R#0006,R#0005,R#0008,R#0007
2016-04-27 00:57:25.263, data, MessageLatency,5,1006,48,31,10,34,1787,3
2016-04-27 00:57:26.194, field, MessageQueue,R#0000,R#0001,R#0002,R#0003,R#0004,R#0005,R#0006,R#0007,R#0008,R#0009
2016-04-27 00:57:26.194, data, MessageQueue,0,0,1,0,0,0,0,0,0,0
2016-04-27 00:57:26.211, field, AgentTransaction,R#0000,R#0002,R#0001,R#0004,R#0003,R#0006,R#0005,R#0008,R#0007,R#0009,Total
2016-04-27 00:57:26.211, data, AgentTransaction,0,3900,200,53536,23800,18020,48994,100,2600,0,151150
2016-04-27 00:57:26.211, field, MessageLatency,R#0002,R#0001,R#0004,R#0003,R#0006,R#0005,R#0008,R#0007
2016-04-27 00:57:26.211, data, MessageLatency,8,1006,12,6,1,11,1787,544
2016-04-27 00:57:27.195, field, MessageQueue,R#0000,R#0001,R#0002,R#0003,R#0004,R#0005,R#0006,R#0007,R#0008,R#0009
2016-04-27 00:57:27.195, data, MessageQueue,0,0,0,0,0,0,0,0,0,0
2016-04-27 00:57:27.210, field, AgentTransaction,R#0000,R#0002,R#0001,R#0004,R#0003,R#0006,R#0005,R#0008,R#0007,R#0009,Total
2016-04-27 00:57:27.210, data, AgentTransaction,0,5500,400,74436,33200,24620,68594,100,3600,0,210450
2016-04-27 00:57:27.211, field, MessageLatency,R#0002,R#0001,R#0004,R#0003,R#0006,R#0005,R#0008,R#0007
2016-04-27 00:57:27.211, data, MessageLatency,660,933,11,5,29,11,1787,4
2016-04-27 00:57:28.195, field, MessageQueue,R#0000,R#0001,R#0002,R#0003,R#0004,R#0005,R#0006,R#0007,R#0008,R#0009
2016-04-27 00:57:28.195, data, MessageQueue,0,0,0,0,0,0,0,0,0,0
2016-04-27 00:57:28.212, field, AgentTransaction,R#0000,R#0002,R#0001,R#0004,R#0003,R#0006,R#0005,R#0008,R#0007,R#0009,Total
2016-04-27 00:57:28.212, data, AgentTransaction,0,7300,500,99236,44587,33120,91494,200,4800,0,281237
2016-04-27 00:57:28.213, field, MessageLatency,R#0002,R#0001,R#0004,R#0003,R#0006,R#0005,R#0008,R#0007
2016-04-27 00:57:28.213, data, MessageLatency,5,30,10,5,3,10,1051,4
2016-04-27 00:57:29.195, field, MessageQueue,R#0000,R#0001,R#0002,R#0003,R#0004,R#0005,R#0006,R#0007,R#0008,R#0009
2016-04-27 00:57:29.195, data, MessageQueue,0,0,0,0,1,0,0,0,0,0
2016-04-27 00:57:29.213, field, AgentTransaction,R#0000,R#0002,R#0001,R#0004,R#0003,R#0006,R#0005,R#0008,R#0007,R#0009,Total
2016-04-27 00:57:29.213, data, AgentTransaction,0,9400,600,127636,57087,42408,117494,300,6300,0,361225
2016-04-27 00:57:29.214, field, MessageLatency,R#0002,R#0001,R#0004,R#0003,R#0006,R#0005,R#0008,R#0007
2016-04-27 00:57:29.214, data, MessageLatency,418,308,14,7,8,11,304,88
2016-04-27 00:57:30.194, field, MessageQueue,R#0000,R#0001,R#0002,R#0003,R#0004,R#0005,R#0006,R#0007,R#0008,R#0009
2016-04-27 00:57:30.194, data, MessageQueue,0,0,0,0,0,0,0,0,0,0
2016-04-27 00:57:30.211, field, AgentTransaction,R#0000,R#0002,R#0001,R#0004,R#0003,R#0006,R#0005,R#0008,R#0007,R#0009,Total
2016-04-27 00:57:30.211, data, AgentTransaction,0,11900,800,159496,70887,53008,146694,300,7800,0,450885
2016-04-27 00:57:30.212, field, MessageLatency,R#0002,R#0001,R#0004,R#0003,R#0006,R#0005,R#0008,R#0007
2016-04-27 00:57:30.212, data, MessageLatency,3,39,11,11,10,12,304,4
2016-04-27 00:57:31.195, field, MessageQueue,R#0000,R#0001,R#0002,R#0003,R#0004,R#0005,R#0006,R#0007,R#0008,R#0009
2016-04-27 00:57:31.195, data, MessageQueue,0,0,0,0,0,0,0,0,0,0
2016-04-27 00:57:31.213, field, AgentTransaction,R#0000,R#0002,R#0001,R#0004,R#0003,R#0006,R#0005,R#0008,R#0007,R#0009,Total
2016-04-27 00:57:31.213, data, AgentTransaction,0,14300,1000,195579,86787,64708,179294,400,9500,0,551568
2016-04-27 00:57:31.214, field, MessageLatency,R#0002,R#0001,R#0004,R#0003,R#0006,R#0005,R#0008,R#0007
2016-04-27 00:57:31.214, data, MessageLatency,8,35,5,7,8,13,742,476
2016-04-27 00:57:32.195, field, MessageQueue,R#0000,R#0001,R#0002,R#0003,R#0004,R#0005,R#0006,R#0007,R#0008,R#0009
2016-04-27 00:57:32.195, data, MessageQueue,0,0,0,2,3,3,0,1,0,0
2016-04-27 00:57:32.211, field, AgentTransaction,R#0000,R#0002,R#0001,R#0004,R#0003,R#0006,R#0005,R#0008,R#0007,R#0009,Total
2016-04-27 00:57:32.212, data, AgentTransaction,0,17100,1200,233739,104087,77408,214994,500,11300,0,660328
2016-04-27 00:57:32.212, field, MessageLatency,R#0002,R#0001,R#0004,R#0003,R#0006,R#0005,R#0008,R#0007
2016-04-27 00:57:32.213, data, MessageLatency,2,49,16,14,13,14,667,9
2016-04-27 00:57:33.195, field, MessageQueue,R#0000,R#0001,R#0002,R#0003,R#0004,R#0005,R#0006,R#0007,R#0008,R#0009
2016-04-27 00:57:33.195, data, MessageQueue,0,0,0,1,0,1,0,0,0,0
2016-04-27 00:57:33.231, field, AgentTransaction,R#0000,R#0002,R#0001,R#0004,R#0003,R#0006,R#0005,R#0008,R#0007,R#0009,Total
2016-04-27 00:57:33.232, data, AgentTransaction,0,20600,1400,276863,123387,92408,254694,600,13600,0,783552
2016-04-27 00:57:33.233, field, MessageLatency,R#0002,R#0001,R#0004,R#0003,R#0006,R#0005,R#0008,R#0007
2016-04-27 00:57:33.233, data, MessageLatency,5,743,30,25,19,30,435,9
2016-04-27 00:57:34.195, field, MessageQueue,R#0000,R#0001,R#0002,R#0003,R#0004,R#0005,R#0006,R#0007,R#0008,R#0009
2016-04-27 00:57:34.195, data, MessageQueue,0,0,0,0,1,2,0,0,0,0
2016-04-27 00:57:34.211, field, AgentTransaction,R#0000,R#0002,R#0001,R#0004,R#0003,R#0006,R#0005,R#0008,R#0007,R#0009,Total
2016-04-27 00:57:34.211, data, AgentTransaction,0,23700,1700,322163,143209,106908,296594,700,15700,0,910674
2016-04-27 00:57:34.212, field, MessageLatency,R#0002,R#0001,R#0004,R#0003,R#0006,R#0005,R#0008,R#0007
2016-04-27 00:57:34.212, data, MessageLatency,562,40,14,11,6,8,374,763
2016-04-27 00:57:35.194, field, MessageQueue,R#0000,R#0001,R#0002,R#0003,R#0004,R#0005,R#0006,R#0007,R#0008,R#0009
2016-04-27 00:57:35.195, data, MessageQueue,0,0,0,0,1,0,0,0,0,0
2016-04-27 00:57:35.216, field, AgentTransaction,R#0000,R#0002,R#0001,R#0004,R#0003,R#0006,R#0005,R#0008,R#0007,R#0009,Total
2016-04-27 00:57:35.216, data, AgentTransaction,0,27400,2000,372363,165309,123608,342487,800,18100,0,1052067
2016-04-27 00:57:35.217, field, MessageLatency,R#0002,R#0001,R#0004,R#0003,R#0006,R#0005,R#0008,R#0007
2016-04-27 00:57:35.217, data, MessageLatency,5,824,16,17,11,13,482,621
2016-04-27 00:57:36.194, field, MessageQueue,R#0000,R#0001,R#0002,R#0003,R#0004,R#0005,R#0006,R#0007,R#0008,R#0009
2016-04-27 00:57:36.195, data, MessageQueue,0,0,1,1,2,2,1,1,0,0
2016-04-27 00:57:36.233, field, AgentTransaction,R#0000,R#0002,R#0001,R#0004,R#0003,R#0006,R#0005,R#0008,R#0007,R#0009,Total
2016-04-27 00:57:36.233, data, AgentTransaction,0,31100,2300,424863,188758,140908,391387,900,21300,0,1201516
2016-04-27 00:57:36.233, field, MessageLatency,R#0002,R#0001,R#0004,R#0003,R#0006,R#0005,R#0008,R#0007
2016-04-27 00:57:36.234, data, MessageLatency,8,683,33,72,31,37,751,4
2016-04-27 00:57:37.194, field, MessageQueue,R#0000,R#0001,R#0002,R#0003,R#0004,R#0005,R#0006,R#0007,R#0008,R#0009
2016-04-27 00:57:37.194, data, MessageQueue,0,0,0,1,38,2,1,0,0,0
2016-04-27 00:57:37.211, field, AgentTransaction,R#0000,R#0002,R#0001,R#0004,R#0003,R#0006,R#0005,R#0008,R#0007,R#0009,Total
2016-04-27 00:57:37.211, data, AgentTransaction,0,35500,2600,477963,214158,159408,443088,1100,23600,0,1357417
2016-04-27 00:57:37.212, field, MessageLatency,R#0002,R#0001,R#0004,R#0003,R#0006,R#0005,R#0008,R#0007
2016-04-27 00:57:37.212, data, MessageLatency,10,680,814,12,156,17,73,5
2016-04-27 00:57:38.194, field, MessageQueue,R#0000,R#0001,R#0002,R#0003,R#0004,R#0005,R#0006,R#0007,R#0008,R#0009
2016-04-27 00:57:38.194, data, MessageQueue,0,0,0,0,71,0,0,0,0,0
2016-04-27 00:57:38.219, field, AgentTransaction,R#0000,R#0002,R#0001,R#0004,R#0003,R#0006,R#0005,R#0008,R#0007,R#0009,Total
2016-04-27 00:57:38.219, data, AgentTransaction,0,39900,2900,534763,241058,179536,498588,1200,26500,0,1524445
2016-04-27 00:57:38.219, field, MessageLatency,R#0002,R#0001,R#0004,R#0003,R#0006,R#0005,R#0008,R#0007
2016-04-27 00:57:38.220, data, MessageLatency,5,22,896,16,15,20,217,8
2016-04-27 00:57:39.194, field, MessageQueue,R#0000,R#0001,R#0002,R#0003,R#0004,R#0005,R#0006,R#0007,R#0008,R#0009
2016-04-27 00:57:39.194, data, MessageQueue,0,0,0,0,0,0,0,0,0,0
2016-04-27 00:57:39.210, field, AgentTransaction,R#0000,R#0002,R#0001,R#0004,R#0003,R#0006,R#0005,R#0008,R#0007,R#0009,Total
2016-04-27 00:57:39.210, data, AgentTransaction,0,44500,3200,605224,269058,200636,556988,1400,29500,0,1710506
2016-04-27 00:57:39.210, field, MessageLatency,R#0002,R#0001,R#0004,R#0003,R#0006,R#0005,R#0008,R#0007
2016-04-27 00:57:39.210, data, MessageLatency,494,22,13,8,8,10,53,5
2016-04-27 00:57:40.194, field, MessageQueue,R#0000,R#0001,R#0002,R#0003,R#0004,R#0005,R#0006,R#0007,R#0008,R#0009
2016-04-27 00:57:40.195, data, MessageQueue,0,0,0,0,5,1,0,0,0,0
2016-04-27 00:57:40.211, field, AgentTransaction,R#0000,R#0002,R#0001,R#0004,R#0003,R#0006,R#0005,R#0008,R#0007,R#0009,Total
2016-04-27 00:57:40.211, data, AgentTransaction,0,49500,3600,672281,299458,223036,619188,1500,32900,0,1901463
2016-04-27 00:57:40.212, field, MessageLatency,R#0002,R#0001,R#0004,R#0003,R#0006,R#0005,R#0008,R#0007
2016-04-27 00:57:40.212, data, MessageLatency,8,22,15,10,10,14,83,5
2016-04-27 00:57:41.195, field, MessageQueue,R#0000,R#0001,R#0002,R#0003,R#0004,R#0005,R#0006,R#0007,R#0008,R#0009
2016-04-27 00:57:41.195, data, MessageQueue,0,0,0,1,26,0,0,0,0,0
2016-04-27 00:57:41.237, field, AgentTransaction,R#0000,R#0002,R#0001,R#0004,R#0003,R#0006,R#0005,R#0008,R#0007,R#0009,Total
2016-04-27 00:57:41.238, data, AgentTransaction,100,55600,4000,742981,330558,247736,684387,1700,36300,0,2103362
2016-04-27 00:57:41.238, field, MessageLatency,R#0000,R#0002,R#0001,R#0004,R#0003,R#0006,R#0005,R#0008,R#0007
2016-04-27 00:57:41.238, data, MessageLatency,6599,2,777,591,30,22,32,51,15
2016-04-27 00:57:42.195, field, MessageQueue,R#0000,R#0001,R#0002,R#0003,R#0004,R#0005,R#0006,R#0007,R#0008,R#0009
2016-04-27 00:57:42.195, data, MessageQueue,0,0,0,1,125,63,0,0,0,0
2016-04-27 00:57:42.221, field, AgentTransaction,R#0000,R#0002,R#0001,R#0004,R#0003,R#0006,R#0005,R#0008,R#0007,R#0009,Total
2016-04-27 00:57:42.221, data, AgentTransaction,100,60300,4400,804981,363658,271272,746487,1900,39900,0,2292998
2016-04-27 00:57:42.222, field, MessageLatency,R#0000,R#0002,R#0001,R#0004,R#0003,R#0006,R#0005,R#0008,R#0007
2016-04-27 00:57:42.222, data, MessageLatency,6599,4,761,856,14,15,866,848,5
2016-04-27 00:57:43.195, field, MessageQueue,R#0000,R#0001,R#0002,R#0003,R#0004,R#0005,R#0006,R#0007,R#0008,R#0009
2016-04-27 00:57:43.195, data, MessageQueue,0,0,1,1,4,125,1,0,0,0
2016-04-27 00:57:43.283, field, AgentTransaction,R#0000,R#0002,R#0001,R#0004,R#0003,R#0006,R#0005,R#0008,R#0007,R#0009,Total
2016-04-27 00:57:43.283, data, AgentTransaction,100,66000,4800,895259,398358,296972,812087,2000,43800,0,2519376
2016-04-27 00:57:43.284, field, MessageLatency,R#0000,R#0002,R#0001,R#0004,R#0003,R#0006,R#0005,R#0008,R#0007
2016-04-27 00:57:43.284, data, MessageLatency,6599,80,23,16,14,85,919,49,6
2016-04-27 00:57:44.194, field, MessageQueue,R#0000,R#0001,R#0002,R#0003,R#0004,R#0005,R#0006,R#0007,R#0008,R#0009
2016-04-27 00:57:44.195, data, MessageQueue,0,0,0,0,181,230,0,0,0,0
2016-04-27 00:57:44.211, field, AgentTransaction,R#0000,R#0002,R#0001,R#0004,R#0003,R#0006,R#0005,R#0008,R#0007,R#0009,Total
2016-04-27 00:57:44.211, data, AgentTransaction,100,71800,5200,959059,434358,323672,876287,2200,47700,0,2720376
2016-04-27 00:57:44.213, field, MessageLatency,R#0000,R#0002,R#0001,R#0004,R#0003,R#0006,R#0005,R#0008,R#0007
2016-04-27 00:57:44.213, data, MessageLatency,6599,5,20,790,12,11,810,53,6
2016-04-27 00:57:45.195, field, MessageQueue,R#0000,R#0001,R#0002,R#0003,R#0004,R#0005,R#0006,R#0007,R#0008,R#0009
2016-04-27 00:57:45.195, data, MessageQueue,0,0,0,0,351,326,1,0,0,0
2016-04-27 00:57:45.212, field, AgentTransaction,R#0000,R#0002,R#0001,R#0004,R#0003,R#0006,R#0005,R#0008,R#0007,R#0009,Total
2016-04-27 00:57:45.213, data, AgentTransaction,100,77900,5700,1027086,472058,352072,944787,2400,51700,0,2933803
2016-04-27 00:57:45.213, field, MessageLatency,R#0000,R#0002,R#0001,R#0004,R#0003,R#0006,R#0005,R#0008,R#0007
2016-04-27 00:57:45.213, data, MessageLatency,6599,3,22,868,12,8,868,50,153
2016-04-27 00:57:46.194, field, MessageQueue,R#0000,R#0001,R#0002,R#0003,R#0004,R#0005,R#0006,R#0007,R#0008,R#0009
2016-04-27 00:57:46.194, data, MessageQueue,0,0,0,0,70,410,1,0,0,0
2016-04-27 00:57:46.216, field, AgentTransaction,R#0000,R#0002,R#0001,R#0004,R#0003,R#0006,R#0005,R#0008,R#0007,R#0009,Total
2016-04-27 00:57:46.216, data, AgentTransaction,100,84700,6100,1144993,511658,381672,1017987,2600,56100,0,3205910
2016-04-27 00:57:46.217, field, MessageLatency,R#0000,R#0002,R#0001,R#0004,R#0003,R#0006,R#0005,R#0008,R#0007
2016-04-27 00:57:46.217, data, MessageLatency,6599,5,611,812,10,6,900,49,7
2016-04-27 00:57:47.195, field, MessageQueue,R#0000,R#0001,R#0002,R#0003,R#0004,R#0005,R#0006,R#0007,R#0008,R#0009
2016-04-27 00:57:47.195, data, MessageQueue,0,0,0,0,190,520,1,0,0,0
2016-04-27 00:57:47.210, field, AgentTransaction,R#0000,R#0002,R#0001,R#0004,R#0003,R#0006,R#0005,R#0008,R#0007,R#0009,Total
2016-04-27 00:57:47.210, data, AgentTransaction,100,91300,6600,1223123,552458,411672,1091887,2800,60600,0,3440540
2016-04-27 00:57:47.211, field, MessageLatency,R#0000,R#0002,R#0001,R#0004,R#0003,R#0006,R#0005,R#0008,R#0007
2016-04-27 00:57:47.211, data, MessageLatency,6599,7,28,783,10,10,892,57,114
2016-04-27 00:57:48.195, field, MessageQueue,R#0000,R#0001,R#0002,R#0003,R#0004,R#0005,R#0006,R#0007,R#0008,R#0009
2016-04-27 00:57:48.195, data, MessageQueue,0,0,0,0,539,769,0,0,0,0
2016-04-27 00:57:48.287, field, AgentTransaction,R#0000,R#0002,R#0001,R#0004,R#0003,R#0006,R#0005,R#0008,R#0007,R#0009,Total
2016-04-27 00:57:48.287, data, AgentTransaction,100,99200,7300,1285923,601058,444945,1159270,3100,66600,0,3667496
2016-04-27 00:57:48.287, field, MessageLatency,R#0000,R#0002,R#0001,R#0004,R#0003,R#0006,R#0005,R#0008,R#0007
2016-04-27 00:57:48.288, data, MessageLatency,6599,2,25,965,41,39,1029,675,3
2016-04-27 00:57:49.194, field, MessageQueue,R#0000,R#0001,R#0002,R#0003,R#0004,R#0005,R#0006,R#0007,R#0008,R#0009
2016-04-27 00:57:49.194, data, MessageQueue,0,0,0,0,774,1001,0,0,0,0
2016-04-27 00:57:49.209, field, AgentTransaction,R#0000,R#0002,R#0001,R#0004,R#0003,R#0006,R#0005,R#0008,R#0007,R#0009,Total
2016-04-27 00:57:49.209, data, AgentTransaction,200,105400,7700,1358223,638058,475345,1220770,3300,69900,0,3878896
2016-04-27 00:57:49.209, field, MessageLatency,R#0000,R#0002,R#0001,R#0004,R#0003,R#0006,R#0005,R#0008,R#0007
2016-04-27 00:57:49.210, data, MessageLatency,4045,13,172,948,3,6,1532,291,15
2016-04-27 00:57:50.194, field, MessageQueue,R#0000,R#0001,R#0002,R#0003,R#0004,R#0005,R#0006,R#0007,R#0008,R#0009,R#0010
2016-04-27 00:57:50.194, data, MessageQueue,0,0,0,0,900,1000,0,0,0,0,2
2016-04-27 00:57:50.214, field, AgentTransaction,R#0000,R#0010,R#0002,R#0001,R#0004,R#0003,R#0006,R#0005,R#0008,R#0007,R#0009,Total
2016-04-27 00:57:50.214, data, AgentTransaction,200,9900,110900,8100,1419723,671558,500245,1280170,3500,73600,0,4077896
2016-04-27 00:57:50.215, field, MessageLatency,R#0000,R#0010,R#0002,R#0001,R#0004,R#0003,R#0006,R#0005,R#0008,R#0007
2016-04-27 00:57:50.215, data, MessageLatency,4045,1,11,60,1274,1,10,1682,201,6
2016-04-27 00:57:51.196, field, MessageQueue,R#0000,R#0001,R#0002,R#0003,R#0004,R#0005,R#0006,R#0007,R#0008,R#0009,R#0010
2016-04-27 00:57:51.196, data, MessageQueue,0,0,0,0,1001,746,0,0,0,0,0
2016-04-27 00:57:51.209, field, AgentTransaction,R#0000,R#0010,R#0002,R#0001,R#0004,R#0003,R#0006,R#0005,R#0008,R#0007,R#0009,Total
2016-04-27 00:57:51.210, data, AgentTransaction,200,47400,116700,8500,1489563,706658,526545,1341270,3600,77400,0,4317836
2016-04-27 00:57:51.210, field, MessageLatency,R#0000,R#0010,R#0002,R#0001,R#0004,R#0003,R#0006,R#0005,R#0008,R#0007
2016-04-27 00:57:51.211, data, MessageLatency,4045,3,13,133,1150,4,6,1669,333,22
2016-04-27 00:57:52.194, field, MessageQueue,R#0000,R#0001,R#0002,R#0003,R#0004,R#0005,R#0006,R#0007,R#0008,R#0009,R#0010
2016-04-27 00:57:52.194, data, MessageQueue,0,0,0,0,1001,427,0,0,0,0,0
2016-04-27 00:57:52.209, field, AgentTransaction,R#0000,R#0010,R#0002,R#0001,R#0004,R#0003,R#0006,R#0005,R#0008,R#0007,R#0009,Total
2016-04-27 00:57:52.209, data, AgentTransaction,200,73100,120800,8800,1545038,731258,544945,1398570,3800,80100,0,4506611
2016-04-27 00:57:52.210, field, MessageLatency,R#0000,R#0010,R#0002,R#0001,R#0004,R#0003,R#0006,R#0005,R#0008,R#0007
2016-04-27 00:57:52.210, data, MessageLatency,4045,4,14,172,1545,4,6,1481,377,20
2016-04-27 00:57:53.194, field, MessageQueue,R#0000,R#0001,R#0002,R#0003,R#0004,R#0005,R#0006,R#0007,R#0008,R#0009,R#0010
2016-04-27 00:57:53.194, data, MessageQueue,0,0,0,0,1001,124,0,0,0,0,0
2016-04-27 00:57:53.209, field, AgentTransaction,R#0000,R#0010,R#0002,R#0001,R#0004,R#0003,R#0006,R#0005,R#0008,R#0007,R#0009,Total
2016-04-27 00:57:53.209, data, AgentTransaction,200,100200,124900,9100,1600938,756258,563445,1453160,3900,82800,0,4694901
2016-04-27 00:57:53.210, field, MessageLatency,R#0000,R#0010,R#0002,R#0001,R#0004,R#0003,R#0006,R#0005,R#0008,R#0007
2016-04-27 00:57:53.211, data, MessageLatency,4045,1,13,174,1798,2,3,519,352,21
2016-04-27 00:57:54.195, field, MessageQueue,R#0000,R#0001,R#0002,R#0003,R#0004,R#0005,R#0006,R#0007,R#0008,R#0009,R#0010
2016-04-27 00:57:54.195, data, MessageQueue,0,0,0,0,1001,0,0,0,0,0,0
2016-04-27 00:57:54.217, field, AgentTransaction,R#0000,R#0010,R#0002,R#0001,R#0004,R#0003,R#0006,R#0005,R#0008,R#0007,R#0009,Total
2016-04-27 00:57:54.217, data, AgentTransaction,200,123200,128800,9400,1654138,779858,581045,1491160,4000,85400,0,4857201
2016-04-27 00:57:54.218, field, MessageLatency,R#0000,R#0010,R#0002,R#0001,R#0004,R#0003,R#0006,R#0005,R#0008,R#0007
2016-04-27 00:57:54.218, data, MessageLatency,4045,3,13,168,1873,7,11,8,457,14
2016-04-27 00:57:55.195, field, MessageQueue,R#0000,R#0001,R#0002,R#0003,R#0004,R#0005,R#0006,R#0007,R#0008,R#0009,R#0010
2016-04-27 00:57:55.195, data, MessageQueue,0,0,0,0,1000,0,0,0,0,0,0
2016-04-27 00:57:55.209, field, AgentTransaction,R#0000,R#0010,R#0002,R#0001,R#0004,R#0003,R#0006,R#0005,R#0008,R#0007,R#0009,Total
2016-04-27 00:57:55.210, data, AgentTransaction,200,151003,133400,9700,1716238,807458,601545,1520660,4200,88500,0,5032904
2016-04-27 00:57:55.210, field, MessageLatency,R#0000,R#0010,R#0002,R#0001,R#0004,R#0003,R#0006,R#0005,R#0008,R#0007
2016-04-27 00:57:55.210, data, MessageLatency,4045,2,10,165,1731,5,4,4,370,19
2016-04-27 00:57:56.194, field, MessageQueue,R#0000,R#0001,R#0002,R#0003,R#0004,R#0005,R#0006,R#0007,R#0008,R#0009,R#0010
2016-04-27 00:57:56.194, data, MessageQueue,0,0,0,0,1001,0,0,0,0,0,0
2016-04-27 00:57:56.211, field, AgentTransaction,R#0000,R#0010,R#0002,R#0001,R#0004,R#0003,R#0006,R#0005,R#0008,R#0007,R#0009,Total
2016-04-27 00:57:56.212, data, AgentTransaction,200,173903,137500,10000,1771838,832058,620045,1548660,4300,91100,0,5189604
2016-04-27 00:57:56.212, field, MessageLatency,R#0000,R#0010,R#0002,R#0001,R#0004,R#0003,R#0006,R#0005,R#0008,R#0007
2016-04-27 00:57:56.213, data, MessageLatency,4045,3,20,157,1798,5,3,2,361,31
2016-04-27 00:57:57.195, field, MessageQueue,R#0000,R#0001,R#0002,R#0003,R#0004,R#0005,R#0006,R#0007,R#0008,R#0009,R#0010
2016-04-27 00:57:57.195, data, MessageQueue,0,0,0,0,1001,0,0,0,0,0,0
2016-04-27 00:57:57.208, field, AgentTransaction,R#0000,R#0010,R#0002,R#0001,R#0004,R#0003,R#0006,R#0005,R#0008,R#0007,R#0009,Total
2016-04-27 00:57:57.208, data, AgentTransaction,200,200703,141800,10300,1831838,858758,639845,1577260,4400,94100,0,5359204
2016-04-27 00:57:57.209, field, MessageLatency,R#0000,R#0010,R#0002,R#0001,R#0004,R#0003,R#0006,R#0005,R#0008,R#0007
2016-04-27 00:57:57.209, data, MessageLatency,4045,1,16,161,1703,4,5,2,325,17
2016-04-27 00:57:58.194, field, MessageQueue,R#0000,R#0001,R#0002,R#0003,R#0004,R#0005,R#0006,R#0007,R#0008,R#0009,R#0010
2016-04-27 00:57:58.194, data, MessageQueue,0,0,0,0,1001,0,0,0,0,0,0
2016-04-27 00:57:58.219, field, AgentTransaction,R#0000,R#0010,R#0002,R#0001,R#0004,R#0003,R#0006,R#0005,R#0008,R#0007,R#0009,Total
2016-04-27 00:57:58.219, data, AgentTransaction,200,226603,145900,10600,1886701,883058,658145,1601654,4600,96700,0,5514161
2016-04-27 00:57:58.220, field, MessageLatency,R#0000,R#0010,R#0002,R#0001,R#0004,R#0003,R#0006,R#0005,R#0008,R#0007
2016-04-27 00:57:58.220, data, MessageLatency,4045,2,17,184,1822,4,4,4,393,29
2016-04-27 00:57:59.194, field, MessageQueue,R#0000,R#0001,R#0002,R#0003,R#0004,R#0005,R#0006,R#0007,R#0008,R#0009,R#0010
2016-04-27 00:57:59.195, data, MessageQueue,0,0,0,0,1001,0,0,0,0,0,0
2016-04-27 00:57:59.207, field, AgentTransaction,R#0000,R#0010,R#0002,R#0001,R#0004,R#0003,R#0006,R#0005,R#0008,R#0007,R#0009,Total
2016-04-27 00:57:59.208, data, AgentTransaction,200,252903,149900,10900,1941501,907558,676245,1625954,4700,99400,0,5669261
2016-04-27 00:57:59.208, field, MessageLatency,R#0000,R#0010,R#0002,R#0001,R#0004,R#0003,R#0006,R#0005,R#0008,R#0007
2016-04-27 00:57:59.209, data, MessageLatency,4045,3,11,151,1817,4,4,3,372,19
2016-04-27 00:58:00.194, field, MessageQueue,R#0000,R#0001,R#0002,R#0003,R#0004,R#0005,R#0006,R#0007,R#0008,R#0009,R#0010
2016-04-27 00:58:00.194, data, MessageQueue,0,0,0,0,1001,0,0,0,0,0,0
2016-04-27 00:58:00.209, field, AgentTransaction,R#0000,R#0010,R#0002,R#0001,R#0004,R#0003,R#0006,R#0005,R#0008,R#0007,R#0009,Total
2016-04-27 00:58:00.209, data, AgentTransaction,200,277303,153900,11200,1996401,931758,694445,1652054,4800,102100,0,5824161
2016-04-27 00:58:00.210, field, MessageLatency,R#0000,R#0010,R#0002,R#0001,R#0004,R#0003,R#0006,R#0005,R#0008,R#0007
2016-04-27 00:58:00.210, data, MessageLatency,4045,2,14,160,1823,4,4,4,365,23
2016-04-27 00:58:01.195, field, MessageQueue,R#0000,R#0001,R#0002,R#0003,R#0004,R#0005,R#0006,R#0007,R#0008,R#0009,R#0010
2016-04-27 00:58:01.196, data, MessageQueue,0,0,0,0,1001,0,0,0,0,0,0
2016-04-27 00:58:01.218, field, AgentTransaction,R#0000,R#0010,R#0002,R#0001,R#0004,R#0003,R#0006,R#0005,R#0008,R#0007,R#0009,Total
2016-04-27 00:58:01.218, data, AgentTransaction,300,305203,158600,11600,2060001,960258,715545,1682754,5000,105200,0,6004461
2016-04-27 00:58:01.219, field, MessageLatency,R#0000,R#0010,R#0002,R#0001,R#0004,R#0003,R#0006,R#0005,R#0008,R#0007
2016-04-27 00:58:01.219, data, MessageLatency,6048,4,12,170,1670,3,3,2,350,17
2016-04-27 00:58:02.194, field, MessageQueue,R#0000,R#0001,R#0002,R#0003,R#0004,R#0005,R#0006,R#0007,R#0008,R#0009,R#0010,R#0011
2016-04-27 00:58:02.194, data, MessageQueue,0,0,0,20,1000,17,0,0,0,0,14,134
2016-04-27 00:58:02.211, field, AgentTransaction,R#0000,R#0011,R#0010,R#0002,R#0001,R#0004,R#0003,R#0006,R#0005,R#0008,R#0007,R#0009,Total
2016-04-27 00:58:02.211, data, AgentTransaction,300,59100,371603,169400,12300,2134764,1023558,764159,1748954,5300,112400,0,6401838
2016-04-27 00:58:02.212, field, MessageLatency,R#0000,R#0011,R#0010,R#0002,R#0001,R#0004,R#0003,R#0006,R#0005,R#0008,R#0007
2016-04-27 00:58:02.212, data, MessageLatency,6048,125,21,4,47,1396,33,4,32,111,10
2016-04-27 00:58:03.194, field, MessageQueue,R#0000,R#0001,R#0002,R#0003,R#0004,R#0005,R#0006,R#0007,R#0008,R#0009,R#0010,R#0011
2016-04-27 00:58:03.194, data, MessageQueue,0,0,0,3,1001,1,0,0,0,0,3,4
2016-04-27 00:58:03.204, field, AgentTransaction,R#0000,R#0011,R#0010,R#0002,R#0001,R#0004,R#0003,R#0006,R#0005,R#0008,R#0007,R#0009,Total
2016-04-27 00:58:03.204, data, AgentTransaction,300,153555,449803,181600,13200,2219264,1099158,819159,1826054,5700,120400,0,6888193
2016-04-27 00:58:03.204, field, MessageLatency,R#0000,R#0011,R#0010,R#0002,R#0001,R#0004,R#0003,R#0006,R#0005,R#0008,R#0007
2016-04-27 00:58:03.204, data, MessageLatency,6048,5,3,4,53,1191,3,2,1,119,9
2016-04-27 00:58:04.194, field, MessageQueue,R#0000,R#0001,R#0002,R#0003,R#0004,R#0005,R#0006,R#0007,R#0008,R#0009,R#0010,R#0011
2016-04-27 00:58:04.194, data, MessageQueue,0,0,0,10,1001,4,2,0,0,0,12,11
2016-04-27 00:58:04.216, field, AgentTransaction,R#0000,R#0011,R#0010,R#0002,R#0001,R#0004,R#0003,R#0006,R#0005,R#0008,R#0007,R#0009,Total
2016-04-27 00:58:04.216, data, AgentTransaction,300,237155,527189,194100,14100,2305764,1173558,875629,1902854,6100,128700,0,7365449
2016-04-27 00:58:04.217, field, MessageLatency,R#0000,R#0011,R#0010,R#0002,R#0001,R#0004,R#0003,R#0006,R#0005,R#0008,R#0007
2016-04-27 00:58:04.217, data, MessageLatency,6048,7,10,5,52,1173,14,1,6,111,5
2016-04-27 00:58:05.195, field, MessageQueue,R#0000,R#0001,R#0002,R#0003,R#0004,R#0005,R#0006,R#0007,R#0008,R#0009,R#0010,R#0011
2016-04-27 00:58:05.195, data, MessageQueue,0,0,0,0,1001,2,0,0,0,0,0,0
2016-04-27 00:58:05.206, field, AgentTransaction,R#0000,R#0011,R#0010,R#0002,R#0001,R#0004,R#0003,R#0006,R#0005,R#0008,R#0007,R#0009,Total
2016-04-27 00:58:05.206, data, AgentTransaction,300,312755,603189,205700,15000,2387864,1245058,927657,1974354,6400,136400,0,7814677
2016-04-27 00:58:05.207, field, MessageLatency,R#0000,R#0011,R#0010,R#0002,R#0001,R#0004,R#0003,R#0006,R#0005,R#0008,R#0007
2016-04-27 00:58:05.207, data, MessageLatency,6048,2,4,10,64,1196,2,2,1,145,10
2016-04-27 00:58:06.194, field, MessageQueue,R#0000,R#0001,R#0002,R#0003,R#0004,R#0005,R#0006,R#0007,R#0008,R#0009,R#0010,R#0011
2016-04-27 00:58:06.194, data, MessageQueue,0,0,0,2,1000,1,0,0,0,0,19,11
2016-04-27 00:58:06.232, field, AgentTransaction,R#0000,R#0011,R#0010,R#0002,R#0001,R#0004,R#0003,R#0006,R#0005,R#0008,R#0007,R#0009,Total
2016-04-27 00:58:06.232, data, AgentTransaction,400,394047,677589,217900,15900,2471264,1318558,982557,2050054,6800,144500,0,8279569
2016-04-27 00:58:06.233, field, MessageLatency,R#0000,R#0011,R#0010,R#0002,R#0001,R#0004,R#0003,R#0006,R#0005,R#0008,R#0007
2016-04-27 00:58:06.233, data, MessageLatency,2137,18,26,6,57,1204,2,12,31,135,9
2016-04-27 00:58:07.195, field, MessageQueue,R#0000,R#0001,R#0002,R#0003,R#0004,R#0005,R#0006,R#0007,R#0008,R#0009,R#0010,R#0011
2016-04-27 00:58:07.196, data, MessageQueue,0,0,0,1,1000,4,0,0,0,0,1,1
2016-04-27 00:58:07.216, field, AgentTransaction,R#0000,R#0011,R#0010,R#0002,R#0001,R#0004,R#0003,R#0006,R#0005,R#0008,R#0007,R#0009,Total
2016-04-27 00:58:07.216, data, AgentTransaction,400,477747,756483,230200,16800,2557064,1393258,1038457,2128054,7200,152700,0,8758363
2016-04-27 00:58:07.217, field, MessageLatency,R#0000,R#0011,R#0010,R#0002,R#0001,R#0004,R#0003,R#0006,R#0005,R#0008,R#0007
2016-04-27 00:58:07.217, data, MessageLatency,2137,5,5,9,61,1187,3,4,0,128,11
2016-04-27 00:58:08.194, field, MessageQueue,R#0000,R#0001,R#0002,R#0003,R#0004,R#0005,R#0006,R#0007,R#0008,R#0009,R#0010,R#0011
2016-04-27 00:58:08.194, data, MessageQueue,0,0,0,0,1001,0,0,0,0,0,0,0
2016-04-27 00:58:08.205, field, AgentTransaction,R#0000,R#0011,R#0010,R#0002,R#0001,R#0004,R#0003,R#0006,R#0005,R#0008,R#0007,R#0009,Total
2016-04-27 00:58:08.206, data, AgentTransaction,400,558047,832083,242100,17700,2638464,1465458,1092057,2201982,7600,160600,0,9216491
2016-04-27 00:58:08.206, field, MessageLatency,R#0000,R#0011,R#0010,R#0002,R#0001,R#0004,R#0003,R#0006,R#0005,R#0008,R#0007
2016-04-27 00:58:08.206, data, MessageLatency,2137,7,3,7,57,1224,1,3,2,117,8
2016-04-27 00:58:09.194, field, MessageQueue,R#0000,R#0001,R#0002,R#0003,R#0004,R#0005,R#0006,R#0007,R#0008,R#0009,R#0010,R#0011
2016-04-27 00:58:09.194, data, MessageQueue,0,0,0,5,1001,17,2,0,0,0,3,44
2016-04-27 00:58:09.233, field, AgentTransaction,R#0000,R#0011,R#0010,R#0002,R#0001,R#0004,R#0003,R#0006,R#0005,R#0008,R#0007,R#0009,Total
2016-04-27 00:58:09.233, data, AgentTransaction,400,640547,909283,254900,18600,2725364,1540658,1148957,2278950,8000,168800,0,9694459
2016-04-27 00:58:09.233, field, MessageLatency,R#0000,R#0011,R#0010,R#0002,R#0001,R#0004,R#0003,R#0006,R#0005,R#0008,R#0007
2016-04-27 00:58:09.233, data, MessageLatency,2137,45,2,4,49,1169,1,7,11,117,6
2016-04-27 00:58:10.194, field, MessageQueue,R#0000,R#0001,R#0002,R#0003,R#0004,R#0005,R#0006,R#0007,R#0008,R#0009,R#0010,R#0011
2016-04-27 00:58:10.194, data, MessageQueue,0,0,0,2,1001,3,1,0,0,0,2,4
2016-04-27 00:58:10.207, field, AgentTransaction,R#0000,R#0011,R#0010,R#0002,R#0001,R#0004,R#0003,R#0006,R#0005,R#0008,R#0007,R#0009,Total
2016-04-27 00:58:10.207, data, AgentTransaction,500,725647,986483,267000,19500,2809664,1616258,1204057,2359050,8400,177100,100,10173759
2016-04-27 00:58:10.208, field, MessageLatency,R#0000,R#0011,R#0010,R#0002,R#0001,R#0004,R#0003,R#0006,R#0005,R#0008,R#0007,R#0009
2016-04-27 00:58:10.208, data, MessageLatency,2058,2,2,4,57,1171,1,2,7,117,4,16736
2016-04-27 00:58:11.194, field, MessageQueue,R#0000,R#0001,R#0002,R#0003,R#0004,R#0005,R#0006,R#0007,R#0008,R#0009,R#0010,R#0011
2016-04-27 00:58:11.194, data, MessageQueue,0,0,0,1,1001,4,0,0,0,0,0,9
2016-04-27 00:58:11.207, field, AgentTransaction,R#0000,R#0011,R#0010,R#0002,R#0001,R#0004,R#0003,R#0006,R#0005,R#0008,R#0007,R#0009,Total
2016-04-27 00:58:11.207, data, AgentTransaction,500,812947,1065883,279700,20400,2894364,1692824,1261257,2438350,8800,185500,100,10660625
2016-04-27 00:58:11.207, field, MessageLatency,R#0000,R#0011,R#0010,R#0002,R#0001,R#0004,R#0003,R#0006,R#0005,R#0008,R#0007,R#0009
2016-04-27 00:58:11.207, data, MessageLatency,2058,8,3,3,46,1181,2,3,7,118,6,16736
2016-04-27 00:58:12.194, field, MessageQueue,R#0000,R#0001,R#0002,R#0003,R#0004,R#0005,R#0006,R#0007,R#0008,R#0009,R#0010,R#0011
2016-04-27 00:58:12.194, data, MessageQueue,0,0,0,0,1000,0,0,0,0,0,2,12
2016-04-27 00:58:12.205, field, AgentTransaction,R#0000,R#0011,R#0010,R#0002,R#0001,R#0004,R#0003,R#0006,R#0005,R#0008,R#0007,R#0009,Total
2016-04-27 00:58:12.206, data, AgentTransaction,500,901547,1144335,292600,21300,2981064,1770924,1319457,2521950,9200,194000,100,11156977
2016-04-27 00:58:12.206, field, MessageLatency,R#0000,R#0011,R#0010,R#0002,R#0001,R#0004,R#0003,R#0006,R#0005,R#0008,R#0007,R#0009
2016-04-27 00:58:12.206, data, MessageLatency,2058,20,5,8,46,1166,2,2,2,113,11,16736
2016-04-27 00:58:13.194, field, MessageQueue,R#0000,R#0001,R#0002,R#0003,R#0004,R#0005,R#0006,R#0007,R#0008,R#0009,R#0010,R#0011
2016-04-27 00:58:13.195, data, MessageQueue,0,0,0,0,1001,5,0,0,0,0,6,21
2016-04-27 00:58:13.228, field, AgentTransaction,R#0000,R#0011,R#0010,R#0002,R#0001,R#0004,R#0003,R#0006,R#0005,R#0008,R#0007,R#0009,Total
2016-04-27 00:58:13.228, data, AgentTransaction,500,984147,1228435,305400,22300,3071164,1848024,1377057,2597765,9600,202500,100,11646992
2016-04-27 00:58:13.228, field, MessageLatency,R#0000,R#0011,R#0010,R#0002,R#0001,R#0004,R#0003,R#0006,R#0005,R#0008,R#0007,R#0009
2016-04-27 00:58:13.228, data, MessageLatency,2058,28,1,5,46,1135,10,1,14,124,8,16736
2016-04-27 00:58:14.194, field, MessageQueue,R#0000,R#0001,R#0002,R#0003,R#0004,R#0005,R#0006,R#0007,R#0008,R#0009,R#0010,R#0011
2016-04-27 00:58:14.194, data, MessageQueue,0,0,0,2,1001,0,1,0,0,0,12,17
2016-04-27 00:58:14.210, field, AgentTransaction,R#0000,R#0011,R#0010,R#0002,R#0001,R#0004,R#0003,R#0006,R#0005,R#0008,R#0007,R#0009,Total
2016-04-27 00:58:14.210, data, AgentTransaction,600,1066647,1305535,317600,23200,3156664,1922224,1432290,2673265,10000,210700,100,12118825
2016-04-27 00:58:14.210, field, MessageLatency,R#0000,R#0011,R#0010,R#0002,R#0001,R#0004,R#0003,R#0006,R#0005,R#0008,R#0007,R#0009
2016-04-27 00:58:14.210, data, MessageLatency,2046,15,14,4,52,1145,6,4,2,133,7,16736
2016-04-27 00:58:15.194, field, MessageQueue,R#0000,R#0001,R#0002,R#0003,R#0004,R#0005,R#0006,R#0007,R#0008,R#0009,R#0010,R#0011
2016-04-27 00:58:15.194, data, MessageQueue,0,0,0,1,1001,2,0,0,0,0,2,75
2016-04-27 00:58:15.214, field, AgentTransaction,R#0000,R#0011,R#0010,R#0002,R#0001,R#0004,R#0003,R#0006,R#0005,R#0008,R#0007,R#0009,Total
2016-04-27 00:58:15.214, data, AgentTransaction,600,1155047,1392735,331100,24200,3245364,2003924,1493090,2756165,10400,219600,100,12632325
2016-04-27 00:58:15.214, field, MessageLatency,R#0000,R#0011,R#0010,R#0002,R#0001,R#0004,R#0003,R#0006,R#0005,R#0008,R#0007,R#0009
2016-04-27 00:58:15.214, data, MessageLatency,2046,85,1,6,45,1136,3,2,1,132,14,16736
2016-04-27 00:58:16.194, field, MessageQueue,R#0000,R#0001,R#0002,R#0003,R#0004,R#0005,R#0006,R#0007,R#0008,R#0009,R#0010,R#0011
2016-04-27 00:58:16.194, data, MessageQueue,0,0,0,3,1001,11,0,0,0,0,0,11
2016-04-27 00:58:16.205, field, AgentTransaction,R#0000,R#0011,R#0010,R#0002,R#0001,R#0004,R#0003,R#0006,R#0005,R#0008,R#0007,R#0009,Total
2016-04-27 00:58:16.205, data, AgentTransaction,600,1245147,1469235,343500,25100,3330547,2078524,1549090,2833565,10800,227800,100,13114008
2016-04-27 00:58:16.205, field, MessageLatency,R#0000,R#0011,R#0010,R#0002,R#0001,R#0004,R#0003,R#0006,R#0005,R#0008,R#0007,R#0009
2016-04-27 00:58:16.205, data, MessageLatency,2046,20,1,7,56,1171,6,3,14,109,7,16736
2016-04-27 00:58:17.194, field, MessageQueue,R#0000,R#0001,R#0002,R#0003,R#0004,R#0005,R#0006,R#0007,R#0008,R#0009,R#0010,R#0011
2016-04-27 00:58:17.194, data, MessageQueue,0,0,0,0,1001,5,0,0,0,0,0,14
2016-04-27 00:58:17.205, field, AgentTransaction,R#0000,R#0011,R#0010,R#0002,R#0001,R#0004,R#0003,R#0006,R#0005,R#0008,R#0007,R#0009,Total
2016-04-27 00:58:17.205, data, AgentTransaction,600,1330447,1548035,356000,26000,3416062,2155083,1605690,2913565,11200,236200,100,13598982
2016-04-27 00:58:17.206, field, MessageLatency,R#0000,R#0011,R#0010,R#0002,R#0001,R#0004,R#0003,R#0006,R#0005,R#0008,R#0007,R#0009
2016-04-27 00:58:17.206, data, MessageLatency,2046,19,1,7,60,1159,2,2,4,118,7,16736
2016-04-27 00:58:18.194, field, MessageQueue,R#0000,R#0001,R#0002,R#0003,R#0004,R#0005,R#0006,R#0007,R#0008,R#0009,R#0010,R#0011
2016-04-27 00:58:18.194, data, MessageQueue,0,0,0,11,1001,2,0,0,0,0,4,16
2016-04-27 00:58:18.208, field, AgentTransaction,R#0000,R#0011,R#0010,R#0002,R#0001,R#0004,R#0003,R#0006,R#0005,R#0008,R#0007,R#0009,Total
2016-04-27 00:58:18.208, data, AgentTransaction,700,1416647,1625535,368600,26900,3500662,2230383,1662343,2993265,11600,244500,100,14081235
2016-04-27 00:58:18.209, field, MessageLatency,R#0000,R#0011,R#0010,R#0002,R#0001,R#0004,R#0003,R#0006,R#0005,R#0008,R#0007,R#0009
2016-04-27 00:58:18.209, data, MessageLatency,1999,36,6,12,63,1207,16,3,1,128,11,16736
2016-04-27 00:58:19.194, field, MessageQueue,R#0000,R#0001,R#0002,R#0003,R#0004,R#0005,R#0006,R#0007,R#0008,R#0009,R#0010,R#0011
2016-04-27 00:58:19.194, data, MessageQueue,0,0,0,0,1001,2,0,0,0,0,0,7
2016-04-27 00:58:19.207, field, AgentTransaction,R#0000,R#0011,R#0010,R#0002,R#0001,R#0004,R#0003,R#0006,R#0005,R#0008,R#0007,R#0009,Total
2016-04-27 00:58:19.208, data, AgentTransaction,700,1505247,1706035,381500,27800,3589462,2309483,1720743,3075158,12000,253100,100,14581328
2016-04-27 00:58:19.208, field, MessageLatency,R#0000,R#0011,R#0010,R#0002,R#0001,R#0004,R#0003,R#0006,R#0005,R#0008,R#0007,R#0009
2016-04-27 00:58:19.208, data, MessageLatency,1999,7,0,4,46,1148,2,3,3,109,10,16736
2016-04-27 00:58:20.194, field, MessageQueue,R#0000,R#0001,R#0002,R#0003,R#0004,R#0005,R#0006,R#0007,R#0008,R#0009,R#0010,R#0011
2016-04-27 00:58:20.194, data, MessageQueue,0,0,0,1,1000,0,0,0,0,0,13,149
2016-04-27 00:58:20.209, field, AgentTransaction,R#0000,R#0011,R#0010,R#0002,R#0001,R#0004,R#0003,R#0006,R#0005,R#0008,R#0007,R#0009,Total
2016-04-27 00:58:20.209, data, AgentTransaction,700,1582747,1785935,394800,28800,3677062,2389483,1780443,3159558,12400,261800,100,15073828
2016-04-27 00:58:20.209, field, MessageLatency,R#0000,R#0011,R#0010,R#0002,R#0001,R#0004,R#0003,R#0006,R#0005,R#0008,R#0007,R#0009
2016-04-27 00:58:20.209, data, MessageLatency,1999,172,19,3,47,1131,8,1,9,108,9,16736
2016-04-27 00:58:21.194, field, MessageQueue,R#0000,R#0001,R#0002,R#0003,R#0004,R#0005,R#0006,R#0007,R#0008,R#0009,R#0010,R#0011
2016-04-27 00:58:21.194, data, MessageQueue,0,0,0,2,1000,0,2,0,0,0,6,284
2016-04-27 00:58:21.203, field, AgentTransaction,R#0000,R#0011,R#0010,R#0002,R#0001,R#0004,R#0003,R#0006,R#0005,R#0008,R#0007,R#0009,Total
2016-04-27 00:58:21.203, data, AgentTransaction,700,1666784,1871935,408700,29800,3769107,2473383,1843043,3248558,12900,271000,100,15596010
2016-04-27 00:58:21.204, field, MessageLatency,R#0000,R#0011,R#0010,R#0002,R#0001,R#0004,R#0003,R#0006,R#0005,R#0008,R#0007,R#0009
2016-04-27 00:58:21.204, data, MessageLatency,1999,265,8,6,45,1093,2,3,2,102,8,16736
2016-04-27 00:58:22.194, field, MessageQueue,R#0000,R#0001,R#0002,R#0003,R#0004,R#0005,R#0006,R#0007,R#0008,R#0009,R#0010,R#0011
2016-04-27 00:58:22.194, data, MessageQueue,0,0,0,40,1001,44,1,0,0,0,5,369
2016-04-27 00:58:22.232, field, AgentTransaction,R#0000,R#0011,R#0010,R#0002,R#0001,R#0004,R#0003,R#0006,R#0005,R#0008,R#0007,R#0009,Total
2016-04-27 00:58:22.232, data, AgentTransaction,800,1753884,1953635,422200,30800,3858707,2550192,1903943,3329258,13300,279900,100,16096719
2016-04-27 00:58:22.232, field, MessageLatency,R#0000,R#0011,R#0010,R#0002,R#0001,R#0004,R#0003,R#0006,R#0005,R#0008,R#0007,R#0009
2016-04-27 00:58:22.232, data, MessageLatency,1907,358,5,9,44,1144,44,7,52,102,8,16736
2016-04-27 00:58:23.194, field, MessageQueue,R#0000,R#0001,R#0002,R#0003,R#0004,R#0005,R#0006,R#0007,R#0008,R#0009,R#0010,R#0011
2016-04-27 00:58:23.194, data, MessageQueue,0,0,0,4,1001,16,0,0,0,0,2,248
2016-04-27 00:58:23.211, field, AgentTransaction,R#0000,R#0011,R#0010,R#0002,R#0001,R#0004,R#0003,R#0006,R#0005,R#0008,R#0007,R#0009,Total
2016-04-27 00:58:23.211, data, AgentTransaction,800,1841084,2031635,434000,31700,3943907,2627292,1957443,3406777,13600,287900,100,16576238
2016-04-27 00:58:23.211, field, MessageLatency,R#0000,R#0011,R#0010,R#0002,R#0001,R#0004,R#0003,R#0006,R#0005,R#0008,R#0007,R#0009
2016-04-27 00:58:23.212, data, MessageLatency,1907,312,3,6,54,1150,1,3,23,151,6,16736
2016-04-27 00:58:24.194, field, MessageQueue,R#0000,R#0001,R#0002,R#0003,R#0004,R#0005,R#0006,R#0007,R#0008,R#0009,R#0010,R#0011
2016-04-27 00:58:24.194, data, MessageQueue,0,0,0,1,1000,0,0,0,0,0,0,141
2016-04-27 00:58:24.214, field, AgentTransaction,R#0000,R#0011,R#0010,R#0002,R#0001,R#0004,R#0003,R#0006,R#0005,R#0008,R#0007,R#0009,Total
2016-04-27 00:58:24.214, data, AgentTransaction,800,1932684,2110335,446400,32600,4030607,2701992,2013043,3483308,14000,296100,100,17061969
2016-04-27 00:58:24.215, field, MessageLatency,R#0000,R#0011,R#0010,R#0002,R#0001,R#0004,R#0003,R#0006,R#0005,R#0008,R#0007,R#0009
2016-04-27 00:58:24.215, data, MessageLatency,1907,168,11,2,63,1158,11,1,13,132,5,16736
2016-04-27 00:58:25.195, field, MessageQueue,R#0000,R#0001,R#0002,R#0003,R#0004,R#0005,R#0006,R#0007,R#0008,R#0009,R#0010,R#0011,R#0012
2016-04-27 00:58:25.195, data, MessageQueue,0,0,0,48,988,39,11,0,0,0,42,166,47
2016-04-27 00:58:25.237, field, AgentTransaction,R#0000,R#0011,R#0010,R#0002,R#0001,R#0012,R#0004,R#0003,R#0006,R#0005,R#0008,R#0007,R#0009,Total
2016-04-27 00:58:25.238, data, AgentTransaction,800,2019084,2188935,459600,33500,200,4115007,2774992,2070643,3559008,14500,304800,100,17541169
2016-04-27 00:58:25.238, field, MessageLatency,R#0000,R#0011,R#0010,R#0002,R#0001,R#0012,R#0004,R#0003,R#0006,R#0005,R#0008,R#0007,R#0009
2016-04-27 00:58:25.238, data, MessageLatency,1907,181,47,2,30,50,1214,52,33,45,101,8,16736
2016-04-27 00:58:26.194, field, MessageQueue,R#0000,R#0001,R#0002,R#0003,R#0004,R#0005,R#0006,R#0007,R#0008,R#0009,R#0010,R#0011,R#0012
2016-04-27 00:58:26.194, data, MessageQueue,0,0,0,455,985,443,120,0,0,0,378,209,293
2016-04-27 00:58:26.257, field, AgentTransaction,R#0000,R#0011,R#0010,R#0002,R#0001,R#0012,R#0004,R#0003,R#0006,R#0005,R#0008,R#0007,R#0009,Total
2016-04-27 00:58:26.257, data, AgentTransaction,900,2106084,2281135,480100,35100,73800,4207307,2859092,2153536,3650108,15100,318500,100,18180862
2016-04-27 00:58:26.257, field, MessageLatency,R#0000,R#0011,R#0010,R#0002,R#0001,R#0012,R#0004,R#0003,R#0006,R#0005,R#0008,R#0007,R#0009
2016-04-27 00:58:26.257, data, MessageLatency,1787,247,306,2,36,292,1087,393,125,361,76,5,16736
2016-04-27 00:58:27.194, field, MessageQueue,R#0000,R#0001,R#0002,R#0003,R#0004,R#0005,R#0006,R#0007,R#0008,R#0009,R#0010,R#0011,R#0012
2016-04-27 00:58:27.194, data, MessageQueue,0,0,0,805,999,857,105,0,0,0,696,241,269
2016-04-27 00:58:27.211, field, AgentTransaction,R#0000,R#0011,R#0010,R#0002,R#0001,R#0012,R#0004,R#0003,R#0006,R#0005,R#0008,R#0007,R#0009,Total
2016-04-27 00:58:27.212, data, AgentTransaction,900,2185084,2361168,497800,36300,153000,4289107,2931892,2234694,3720508,15700,330200,100,18756453
2016-04-27 00:58:27.212, field, MessageLatency,R#0000,R#0011,R#0010,R#0002,R#0001,R#0012,R#0004,R#0003,R#0006,R#0005,R#0008,R#0007,R#0009
2016-04-27 00:58:27.212, data, MessageLatency,1787,352,648,1,36,375,1159,763,149,782,100,2,16736
2016-04-27 00:58:28.194, field, MessageQueue,R#0000,R#0001,R#0002,R#0003,R#0004,R#0005,R#0006,R#0007,R#0008,R#0009,R#0010,R#0011,R#0012
2016-04-27 00:58:28.194, data, MessageQueue,0,0,0,931,867,1001,0,0,0,0,718,92,40
2016-04-27 00:58:28.205, field, AgentTransaction,R#0000,R#0011,R#0010,R#0002,R#0001,R#0012,R#0004,R#0003,R#0006,R#0005,R#0008,R#0007,R#0009,Total
2016-04-27 00:58:28.206, data, AgentTransaction,900,2269684,2452768,513000,37500,241300,4375607,3012392,2313594,3804908,16100,340300,100,19378153
2016-04-27 00:58:28.206, field, MessageLatency,R#0000,R#0011,R#0010,R#0002,R#0001,R#0012,R#0004,R#0003,R#0006,R#0005,R#0008,R#0007,R#0009
2016-04-27 00:58:28.206, data, MessageLatency,1787,149,796,9,45,92,1168,1002,1,1015,112,7,16736
2016-04-27 00:58:29.194, field, MessageQueue,R#0000,R#0001,R#0002,R#0003,R#0004,R#0005,R#0006,R#0007,R#0008,R#0009,R#0010,R#0011,R#0012
2016-04-27 00:58:29.194, data, MessageQueue,0,0,0,768,518,1000,2,0,0,0,628,2,1
2016-04-27 00:58:29.206, field, AgentTransaction,R#0000,R#0011,R#0010,R#0002,R#0001,R#0012,R#0004,R#0003,R#0006,R#0005,R#0008,R#0007,R#0009,Total
2016-04-27 00:58:29.206, data, AgentTransaction,1000,2334584,2540568,525500,38400,302800,4466707,3104692,2370094,3882621,16500,348600,200,19932266
2016-04-27 00:58:29.206, field, MessageLatency,R#0000,R#0011,R#0010,R#0002,R#0001,R#0012,R#0004,R#0003,R#0006,R#0005,R#0008,R#0007,R#0009
2016-04-27 00:58:29.206, data, MessageLatency,1663,4,764,2,63,1,864,1016,3,1273,122,5,9004
2016-04-27 00:58:30.194, field, MessageQueue,R#0000,R#0001,R#0002,R#0003,R#0004,R#0005,R#0006,R#0007,R#0008,R#0009,R#0010,R#0011,R#0012
2016-04-27 00:58:30.194, data, MessageQueue,0,0,0,614,165,1001,0,0,0,0,537,4,1
2016-04-27 00:58:30.211, field, AgentTransaction,R#0000,R#0011,R#0010,R#0002,R#0001,R#0012,R#0004,R#0003,R#0006,R#0005,R#0008,R#0007,R#0009,Total
2016-04-27 00:58:30.211, data, AgentTransaction,1000,2392984,2628868,538100,39300,359500,4556607,3195652,2426494,3960321,16900,356900,200,20472826
2016-04-27 00:58:30.211, field, MessageLatency,R#0000,R#0011,R#0010,R#0002,R#0001,R#0012,R#0004,R#0003,R#0006,R#0005,R#0008,R#0007,R#0009
2016-04-27 00:58:30.211, data, MessageLatency,1663,5,669,3,55,7,296,821,4,1297,130,6,9004
2016-04-27 00:58:31.194, field, MessageQueue,R#0000,R#0001,R#0002,R#0003,R#0004,R#0005,R#0006,R#0007,R#0008,R#0009,R#0010,R#0011,R#0012
2016-04-27 00:58:31.194, data, MessageQueue,0,0,0,447,1,1001,1,0,0,0,345,1,2
2016-04-27 00:58:31.207, field, AgentTransaction,R#0000,R#0011,R#0010,R#0002,R#0001,R#0012,R#0004,R#0003,R#0006,R#0005,R#0008,R#0007,R#0009,Total
2016-04-27 00:58:31.207, data, AgentTransaction,1000,2445784,2719668,549900,40200,414900,4626507,3283932,2479994,4037521,17300,364800,200,20981706
2016-04-27 00:58:31.208, field, MessageLatency,R#0000,R#0011,R#0010,R#0002,R#0001,R#0012,R#0004,R#0003,R#0006,R#0005,R#0008,R#0007,R#0009
2016-04-27 00:58:31.208, data, MessageLatency,1663,2,503,6,60,3,4,620,3,1295,144,7,9004
2016-04-27 00:58:32.194, field, MessageQueue,R#0000,R#0001,R#0002,R#0003,R#0004,R#0005,R#0006,R#0007,R#0008,R#0009,R#0010,R#0011,R#0012
2016-04-27 00:58:32.194, data, MessageQueue,0,0,0,302,0,1000,1,1,0,0,223,4,2
2016-04-27 00:58:32.207, field, AgentTransaction,R#0000,R#0011,R#0010,R#0002,R#0001,R#0012,R#0004,R#0003,R#0006,R#0005,R#0008,R#0007,R#0009,Total
2016-04-27 00:58:32.207, data, AgentTransaction,1000,2496684,2806568,562100,41000,469500,4685907,3371832,2534794,4114421,17700,372800,200,21474506
2016-04-27 00:58:32.207, field, MessageLatency,R#0000,R#0011,R#0010,R#0002,R#0001,R#0012,R#0004,R#0003,R#0006,R#0005,R#0008,R#0007,R#0009
2016-04-27 00:58:32.207, data, MessageLatency,1663,3,291,4,77,2,1,397,1,1285,155,6,9004
2016-04-27 00:58:33.194, field, MessageQueue,R#0000,R#0001,R#0002,R#0003,R#0004,R#0005,R#0006,R#0007,R#0008,R#0009,R#0010,R#0011,R#0012
2016-04-27 00:58:33.194, data, MessageQueue,0,0,0,60,4,1001,2,0,0,0,37,3,0
2016-04-27 00:58:33.207, field, AgentTransaction,R#0000,R#0011,R#0010,R#0002,R#0001,R#0012,R#0004,R#0003,R#0006,R#0005,R#0008,R#0007,R#0009,Total
2016-04-27 00:58:33.207, data, AgentTransaction,1100,2550884,2896468,574100,41900,527300,4738307,3469332,2589194,4194377,18100,380800,200,21982062
2016-04-27 00:58:33.207, field, MessageLatency,R#0000,R#0011,R#0010,R#0002,R#0001,R#0012,R#0004,R#0003,R#0006,R#0005,R#0008,R#0007,R#0009
2016-04-27 00:58:33.207, data, MessageLatency,2085,4,49,6,71,2,4,82,3,1282,159,6,9004
2016-04-27 00:58:34.194, field, MessageQueue,R#0000,R#0001,R#0002,R#0003,R#0004,R#0005,R#0006,R#0007,R#0008,R#0009,R#0010,R#0011,R#0012
2016-04-27 00:58:34.194, data, MessageQueue,0,0,0,2,1,1001,0,0,0,0,1,0,3
2016-04-27 00:58:34.204, field, AgentTransaction,R#0000,R#0011,R#0010,R#0002,R#0001,R#0012,R#0004,R#0003,R#0006,R#0005,R#0008,R#0007,R#0009,Total
2016-04-27 00:58:34.205, data, AgentTransaction,1100,2605484,2973068,586400,42800,582700,4795507,3549132,2644394,4274677,18500,388900,200,22462862
2016-04-27 00:58:34.205, field, MessageLatency,R#0000,R#0011,R#0010,R#0002,R#0001,R#0012,R#0004,R#0003,R#0006,R#0005,R#0008,R#0007,R#0009
2016-04-27 00:58:34.205, data, MessageLatency,2085,1,0,5,49,3,1,1,1,1270,115,8,9004
2016-04-27 00:58:35.194, field, MessageQueue,R#0000,R#0001,R#0002,R#0003,R#0004,R#0005,R#0006,R#0007,R#0008,R#0009,R#0010,R#0011,R#0012
2016-04-27 00:58:35.194, data, MessageQueue,0,0,0,4,0,1001,0,0,0,0,7,1,0
2016-04-27 00:58:35.209, field, AgentTransaction,R#0000,R#0011,R#0010,R#0002,R#0001,R#0012,R#0004,R#0003,R#0006,R#0005,R#0008,R#0007,R#0009,Total
2016-04-27 00:58:35.209, data, AgentTransaction,1100,2663128,3054668,599600,43800,643600,4856207,3628832,2703894,4357770,18900,397700,200,22969399
2016-04-27 00:58:35.209, field, MessageLatency,R#0000,R#0011,R#0010,R#0002,R#0001,R#0012,R#0004,R#0003,R#0006,R#0005,R#0008,R#0007,R#0009
2016-04-27 00:58:35.209, data, MessageLatency,2085,6,7,7,54,1,7,5,5,1216,111,5,9004
2016-04-27 00:58:36.194, field, MessageQueue,R#0000,R#0001,R#0002,R#0003,R#0004,R#0005,R#0006,R#0007,R#0008,R#0009,R#0010,R#0011,R#0012
2016-04-27 00:58:36.194, data, MessageQueue,0,0,0,0,0,1001,0,0,0,0,13,0,1
2016-04-27 00:58:36.209, field, AgentTransaction,R#0000,R#0011,R#0010,R#0002,R#0001,R#0012,R#0004,R#0003,R#0006,R#0005,R#0008,R#0007,R#0009,Total
2016-04-27 00:58:36.210, data, AgentTransaction,1100,2727028,3140268,613300,44800,703600,4918807,3711743,2765594,4443270,19300,406800,200,23495810
2016-04-27 00:58:36.210, field, MessageLatency,R#0000,R#0011,R#0010,R#0002,R#0001,R#0012,R#0004,R#0003,R#0006,R#0005,R#0008,R#0007,R#0009
2016-04-27 00:58:36.210, data, MessageLatency,2085,1,22,4,61,1,1,3,2,1181,113,9,9004
2016-04-27 00:58:37.194, field, MessageQueue,R#0000,R#0001,R#0002,R#0003,R#0004,R#0005,R#0006,R#0007,R#0008,R#0009,R#0010,R#0011,R#0012
2016-04-27 00:58:37.194, data, MessageQueue,0,0,0,18,0,1001,0,0,0,0,50,1,1
2016-04-27 00:58:37.208, field, AgentTransaction,R#0000,R#0011,R#0010,R#0002,R#0001,R#0012,R#0004,R#0003,R#0006,R#0005,R#0008,R#0007,R#0009,Total
2016-04-27 00:58:37.208, data, AgentTransaction,1200,2791028,3225368,627300,45800,766200,4982907,3795443,2828694,4530470,19700,416100,200,24030410
2016-04-27 00:58:37.208, field, MessageLatency,R#0000,R#0011,R#0010,R#0002,R#0001,R#0012,R#0004,R#0003,R#0006,R#0005,R#0008,R#0007,R#0009
2016-04-27 00:58:37.208, data, MessageLatency,1896,1,50,5,43,3,1,19,2,1146,108,6,9004
2016-04-27 00:58:38.194, field, MessageQueue,R#0000,R#0001,R#0002,R#0003,R#0004,R#0005,R#0006,R#0007,R#0008,R#0009,R#0010,R#0011,R#0012
2016-04-27 00:58:38.194, data, MessageQueue,0,0,0,17,0,1001,0,0,0,0,50,11,3
2016-04-27 00:58:38.208, field, AgentTransaction,R#0000,R#0011,R#0010,R#0002,R#0001,R#0012,R#0004,R#0003,R#0006,R#0005,R#0008,R#0007,R#0009,Total
2016-04-27 00:58:38.208, data, AgentTransaction,1200,2851328,3312568,640900,46800,826700,5046907,3877243,2890294,4612870,20200,425100,200,24552310
2016-04-27 00:58:38.208, field, MessageLatency,R#0000,R#0011,R#0010,R#0002,R#0001,R#0012,R#0004,R#0003,R#0006,R#0005,R#0008,R#0007,R#0009
2016-04-27 00:58:38.208, data, MessageLatency,1896,11,59,5,41,1,5,22,1,1205,105,5,9004
2016-04-27 00:58:39.194, field, MessageQueue,R#0000,R#0001,R#0002,R#0003,R#0004,R#0005,R#0006,R#0007,R#0008,R#0009,R#0010,R#0011,R#0012
2016-04-27 00:58:39.194, data, MessageQueue,0,0,0,8,1,1000,1,0,0,0,98,8,0
2016-04-27 00:58:39.207, field, AgentTransaction,R#0000,R#0011,R#0010,R#0002,R#0001,R#0012,R#0004,R#0003,R#0006,R#0005,R#0008,R#0007,R#0009,Total
2016-04-27 00:58:39.208, data, AgentTransaction,1200,2914828,3401768,655100,47800,890200,5113027,3964443,2954194,4697061,20600,434500,200,25094921
2016-04-27 00:58:39.208, field, MessageLatency,R#0000,R#0011,R#0010,R#0002,R#0001,R#0012,R#0004,R#0003,R#0006,R#0005,R#0008,R#0007,R#0009
2016-04-27 00:58:39.208, data, MessageLatency,1896,14,92,4,54,1,1,7,2,1202,123,8,9004
2016-04-27 00:58:40.195, field, MessageQueue,R#0000,R#0001,R#0002,R#0003,R#0004,R#0005,R#0006,R#0007,R#0008,R#0009,R#0010,R#0011,R#0012
2016-04-27 00:58:40.195, data, MessageQueue,0,0,0,65,0,1001,1,0,0,0,116,7,1
2016-04-27 00:58:40.206, field, AgentTransaction,R#0000,R#0011,R#0010,R#0002,R#0001,R#0012,R#0004,R#0003,R#0006,R#0005,R#0008,R#0007,R#0009,Total
2016-04-27 00:58:40.207, data, AgentTransaction,1200,2980028,3491589,669300,48900,956100,5175427,4044343,3018294,4783661,21100,443900,200,25634042
2016-04-27 00:58:40.207, field, MessageLatency,R#0000,R#0011,R#0010,R#0002,R#0001,R#0012,R#0004,R#0003,R#0006,R#0005,R#0008,R#0007,R#0009
2016-04-27 00:58:40.207, data, MessageLatency,1896,9,137,3,42,1,3,78,1,1173,105,4,9004
2016-04-27 00:58:41.194, field, MessageQueue,R#0000,R#0001,R#0002,R#0003,R#0004,R#0005,R#0006,R#0007,R#0008,R#0009,R#0010,R#0011,R#0012,R#0013
2016-04-27 00:58:41.194, data, MessageQueue,0,0,0,108,39,1001,32,0,0,0,28,57,16,59
2016-04-27 00:58:41.261, field, AgentTransaction,R#0000,R#0011,R#0010,R#0002,R#0013,R#0001,R#0012,R#0004,R#0003,R#0006,R#0005,R#0008,R#0007,R#0009,Total
2016-04-27 00:58:41.261, data, AgentTransaction,1300,3042228,3582989,684100,7200,50000,1020000,5239727,4127443,3082994,4873561,21500,453700,200,26186942
2016-04-27 00:58:41.261, field, MessageLatency,R#0000,R#0011,R#0010,R#0002,R#0013,R#0001,R#0012,R#0004,R#0003,R#0006,R#0005,R#0008,R#0007,R#0009
2016-04-27 00:58:41.261, data, MessageLatency,1818,77,51,5,78,35,20,56,110,27,1167,135,11,9004
2016-04-27 00:58:42.194, field, MessageQueue,R#0000,R#0001,R#0002,R#0003,R#0004,R#0005,R#0006,R#0007,R#0008,R#0009,R#0010,R#0011,R#0012,R#0013
2016-04-27 00:58:42.194, data, MessageQueue,0,0,1,413,77,999,78,0,0,0,107,103,155,170
2016-04-27 00:58:42.217, field, AgentTransaction,R#0000,R#0011,R#0010,R#0002,R#0013,R#0001,R#0012,R#0004,R#0003,R#0006,R#0005,R#0008,R#0007,R#0009,Total
2016-04-27 00:58:42.218, data, AgentTransaction,1300,3119528,3649889,702100,75500,51300,1090400,5316227,4207743,3158894,4945561,22100,465700,200,26806442
2016-04-27 00:58:42.218, field, MessageLatency,R#0000,R#0011,R#0010,R#0002,R#0013,R#0001,R#0012,R#0004,R#0003,R#0006,R#0005,R#0008,R#0007,R#0009
2016-04-27 00:58:42.218, data, MessageLatency,1818,115,147,9,170,31,168,94,357,94,1308,67,4,9004
2016-04-27 00:58:43.194, field, MessageQueue,R#0000,R#0001,R#0002,R#0003,R#0004,R#0005,R#0006,R#0007,R#0008,R#0009,R#0010,R#0011,R#0012,R#0013
2016-04-27 00:58:43.195, data, MessageQueue,0,0,0,539,2,1000,32,0,0,0,2,82,22,92
2016-04-27 00:58:43.235, field, AgentTransaction,R#0000,R#0011,R#0010,R#0002,R#0013,R#0001,R#0012,R#0004,R#0003,R#0006,R#0005,R#0008,R#0007,R#0009,Total
2016-04-27 00:58:43.235, data, AgentTransaction,1300,3196428,3723989,718200,152000,52500,1176871,5395027,4292743,3236294,5015103,22600,476400,200,27459655
2016-04-27 00:58:43.235, field, MessageLatency,R#0000,R#0011,R#0010,R#0002,R#0013,R#0001,R#0012,R#0004,R#0003,R#0006,R#0005,R#0008,R#0007,R#0009
2016-04-27 00:58:43.235, data, MessageLatency,1818,150,10,6,156,48,29,6,558,50,1399,81,2,9004
2016-04-27 00:58:44.194, field, MessageQueue,R#0000,R#0001,R#0002,R#0003,R#0004,R#0005,R#0006,R#0007,R#0008,R#0009,R#0010,R#0011,R#0012,R#0013
2016-04-27 00:58:44.194, data, MessageQueue,0,0,0,848,4,1001,76,0,0,0,22,56,0,98
2016-04-27 00:58:44.219, field, AgentTransaction,R#0000,R#0011,R#0010,R#0002,R#0013,R#0001,R#0012,R#0004,R#0003,R#0006,R#0005,R#0008,R#0007,R#0009,Total
2016-04-27 00:58:44.219, data, AgentTransaction,1400,3275728,3791198,735300,225300,53700,1255671,5473427,4364843,3309094,5085203,23100,487600,200,28081764
2016-04-27 00:58:44.219, field, MessageLatency,R#0000,R#0011,R#0010,R#0002,R#0013,R#0001,R#0012,R#0004,R#0003,R#0006,R#0005,R#0008,R#0007,R#0009
2016-04-27 00:58:44.219, data, MessageLatency,1424,70,39,6,154,45,8,3,865,111,1432,105,5,9004
2016-04-27 00:58:45.194, field, MessageQueue,R#0000,R#0001,R#0002,R#0003,R#0004,R#0005,R#0006,R#0007,R#0008,R#0009,R#0010,R#0011,R#0012,R#0013,R#0014
2016-04-27 00:58:45.194, data, MessageQueue,0,0,0,1000,4,702,2,0,0,0,3,1,0,0,3
2016-04-27 00:58:45.213, field, AgentTransaction,R#0000,R#0011,R#0010,R#0002,R#0013,R#0001,R#0012,R#0004,R#0003,R#0014,R#0006,R#0005,R#0008,R#0007,R#0009,Total
2016-04-27 00:58:45.213, data, AgentTransaction,1400,3341528,3833998,748900,278799,54700,1319971,5533827,4432643,42700,3377094,5158603,23600,496800,200,28644763
2016-04-27 00:58:45.213, field, MessageLatency,R#0000,R#0011,R#0010,R#0002,R#0013,R#0001,R#0012,R#0004,R#0003,R#0014,R#0006,R#0005,R#0008,R#0007,R#0009
2016-04-27 00:58:45.213, data, MessageLatency,1424,1,5,6,1,57,4,4,1230,2,3,1424,140,7,9004
2016-04-27 00:58:46.194, field, MessageQueue,R#0000,R#0001,R#0002,R#0003,R#0004,R#0005,R#0006,R#0007,R#0008,R#0009,R#0010,R#0011,R#0012,R#0013,R#0014
2016-04-27 00:58:46.194, data, MessageQueue,0,0,0,1001,13,224,0,0,0,0,11,0,5,2,0
2016-04-27 00:58:46.222, field, AgentTransaction,R#0000,R#0011,R#0010,R#0002,R#0013,R#0001,R#0012,R#0004,R#0003,R#0014,R#0006,R#0005,R#0008,R#0007,R#0009,Total
2016-04-27 00:58:46.222, data, AgentTransaction,1400,3398588,3875798,761400,319199,55600,1376671,5590227,4509143,79100,3433594,5245703,24000,505100,200,29175723
2016-04-27 00:58:46.222, field, MessageLatency,R#0000,R#0011,R#0010,R#0002,R#0013,R#0001,R#0012,R#0004,R#0003,R#0014,R#0006,R#0005,R#0008,R#0007,R#0009
2016-04-27 00:58:46.222, data, MessageLatency,1424,3,1,6,2,50,9,9,1323,1,3,585,119,9,9004
2016-04-27 00:58:47.194, field, MessageQueue,R#0000,R#0001,R#0002,R#0003,R#0004,R#0005,R#0006,R#0007,R#0008,R#0009,R#0010,R#0011,R#0012,R#0013,R#0014
2016-04-27 00:58:47.194, data, MessageQueue,0,0,0,1001,1,0,2,0,0,0,0,0,14,1,0
2016-04-27 00:58:47.206, field, AgentTransaction,R#0000,R#0011,R#0010,R#0002,R#0013,R#0001,R#0012,R#0004,R#0003,R#0014,R#0006,R#0005,R#0008,R#0007,R#0009,Total
2016-04-27 00:58:47.206, data, AgentTransaction,1400,3456188,3913798,774100,362399,56500,1433771,5647927,4585243,116100,3490894,5307703,24400,513500,200,29684123
2016-04-27 00:58:47.207, field, MessageLatency,R#0000,R#0011,R#0010,R#0002,R#0013,R#0001,R#0012,R#0004,R#0003,R#0014,R#0006,R#0005,R#0008,R#0007,R#0009
2016-04-27 00:58:47.207, data, MessageLatency,1424,1,1,5,3,44,20,2,1297,1,1,2,106,9,9004
2016-04-27 00:58:48.194, field, MessageQueue,R#0000,R#0001,R#0002,R#0003,R#0004,R#0005,R#0006,R#0007,R#0008,R#0009,R#0010,R#0011,R#0012,R#0013,R#0014
2016-04-27 00:58:48.194, data, MessageQueue,0,0,0,1001,0,0,0,0,0,0,1,3,0,0,0
2016-04-27 00:58:48.206, field, AgentTransaction,R#0000,R#0011,R#0010,R#0002,R#0013,R#0001,R#0012,R#0004,R#0003,R#0014,R#0006,R#0005,R#0008,R#0007,R#0009,Total
2016-04-27 00:58:48.206, data, AgentTransaction,1500,3514688,3954498,787300,403699,57500,1492666,5711227,4665243,157100,3550294,5350403,24800,522200,300,30193418
2016-04-27 00:58:48.207, field, MessageLatency,R#0000,R#0011,R#0010,R#0002,R#0013,R#0001,R#0012,R#0004,R#0003,R#0014,R#0006,R#0005,R#0008,R#0007,R#0009
2016-04-27 00:58:48.207, data, MessageLatency,1979,2,1,6,2,48,2,0,1252,0,1,1,117,6,9019
2016-04-27 00:58:49.194, field, MessageQueue,R#0000,R#0001,R#0002,R#0003,R#0004,R#0005,R#0006,R#0007,R#0008,R#0009,R#0010,R#0011,R#0012,R#0013,R#0014
2016-04-27 00:58:49.194, data, MessageQueue,0,0,0,1001,0,0,1,0,0,0,0,0,1,2,1
2016-04-27 00:58:49.210, field, AgentTransaction,R#0000,R#0011,R#0010,R#0002,R#0013,R#0001,R#0012,R#0004,R#0003,R#0014,R#0006,R#0005,R#0008,R#0007,R#0009,Total
2016-04-27 00:58:49.210, data, AgentTransaction,1500,3575388,3993598,800600,448999,58500,1552766,5771227,4745543,198800,3610094,5390403,25200,531000,300,30703918
2016-04-27 00:58:49.210, field, MessageLatency,R#0000,R#0011,R#0010,R#0002,R#0013,R#0001,R#0012,R#0004,R#0003,R#0014,R#0006,R#0005,R#0008,R#0007,R#0009
2016-04-27 00:58:49.210, data, MessageLatency,1979,1,1,4,1,62,2,1,1255,1,2,1,122,8,9019
2016-04-27 00:58:50.194, field, MessageQueue,R#0000,R#0001,R#0002,R#0003,R#0004,R#0005,R#0006,R#0007,R#0008,R#0009,R#0010,R#0011,R#0012,R#0013,R#0014
2016-04-27 00:58:50.194, data, MessageQueue,0,0,0,1001,3,0,0,0,0,0,0,0,0,0,0
2016-04-27 00:58:50.205, field, AgentTransaction,R#0000,R#0011,R#0010,R#0002,R#0013,R#0001,R#0012,R#0004,R#0003,R#0014,R#0006,R#0005,R#0008,R#0007,R#0009,Total
2016-04-27 00:58:50.205, data, AgentTransaction,1500,3637888,4031798,813800,491199,59400,1612866,5828427,4825443,243577,3669894,5430803,25600,539800,300,31212295
2016-04-27 00:58:50.205, field, MessageLatency,R#0000,R#0011,R#0010,R#0002,R#0013,R#0001,R#0012,R#0004,R#0003,R#0014,R#0006,R#0005,R#0008,R#0007,R#0009
2016-04-27 00:58:50.205, data, MessageLatency,1979,2,2,4,2,49,1,2,1269,3,3,1,120,6,9019
2016-04-27 00:58:51.194, field, MessageQueue,R#0000,R#0001,R#0002,R#0003,R#0004,R#0005,R#0006,R#0007,R#0008,R#0009,R#0010,R#0011,R#0012,R#0013,R#0014
2016-04-27 00:58:51.194, data, MessageQueue,0,0,0,1001,0,0,0,0,0,0,0,1,0,0,1
2016-04-27 00:58:51.204, field, AgentTransaction,R#0000,R#0011,R#0010,R#0002,R#0013,R#0001,R#0012,R#0004,R#0003,R#0014,R#0006,R#0005,R#0008,R#0007,R#0009,Total
2016-04-27 00:58:51.204, data, AgentTransaction,1500,3699688,4074698,828000,538299,60500,1679566,5893589,4911443,289277,3733894,5472903,26100,549200,300,31758957
2016-04-27 00:58:51.204, field, MessageLatency,R#0000,R#0011,R#0010,R#0002,R#0013,R#0001,R#0012,R#0004,R#0003,R#0014,R#0006,R#0005,R#0008,R#0007,R#0009
2016-04-27 00:58:51.204, data, MessageLatency,1979,1,2,4,1,45,3,1,1168,4,1,1,107,6,9019
2016-04-27 00:58:52.194, field, MessageQueue,R#0000,R#0001,R#0002,R#0003,R#0004,R#0005,R#0006,R#0007,R#0008,R#0009,R#0010,R#0011,R#0012,R#0013,R#0014
2016-04-27 00:58:52.194, data, MessageQueue,0,0,0,1001,1,1,0,0,0,0,0,1,0,0,0
2016-04-27 00:58:52.205, field, AgentTransaction,R#0000,R#0011,R#0010,R#0002,R#0013,R#0001,R#0012,R#0004,R#0003,R#0014,R#0006,R#0005,R#0008,R#0007,R#0009,Total
2016-04-27 00:58:52.205, data, AgentTransaction,1600,3760788,4117598,841600,580299,61500,1740766,5956189,4993543,332177,3795194,5515403,26500,558200,300,32281657
2016-04-27 00:58:52.205, field, MessageLatency,R#0000,R#0011,R#0010,R#0002,R#0013,R#0001,R#0012,R#0004,R#0003,R#0014,R#0006,R#0005,R#0008,R#0007,R#0009
2016-04-27 00:58:52.205, data, MessageLatency,1864,1,1,6,1,52,1,1,1210,1,1,1,112,7,9019
2016-04-27 00:58:53.194, field, MessageQueue,R#0000,R#0001,R#0002,R#0003,R#0004,R#0005,R#0006,R#0007,R#0008,R#0009,R#0010,R#0011,R#0012,R#0013,R#0014
2016-04-27 00:58:53.194, data, MessageQueue,0,0,0,1001,0,0,0,0,0,0,2,4,0,0,1
2016-04-27 00:58:53.208, field, AgentTransaction,R#0000,R#0011,R#0010,R#0002,R#0013,R#0001,R#0012,R#0004,R#0003,R#0014,R#0006,R#0005,R#0008,R#0007,R#0009,Total
2016-04-27 00:58:53.208, data, AgentTransaction,1600,3823788,4161898,855400,620999,62500,1801866,6019689,5076843,375177,3857294,5559903,26900,567400,300,32811557
2016-04-27 00:58:53.208, field, MessageLatency,R#0000,R#0011,R#0010,R#0002,R#0013,R#0001,R#0012,R#0004,R#0003,R#0014,R#0006,R#0005,R#0008,R#0007,R#0009
2016-04-27 00:58:53.208, data, MessageLatency,1864,1,1,8,1,46,0,3,1210,2,5,1,121,8,9019
2016-04-27 00:58:54.194, field, MessageQueue,R#0000,R#0001,R#0002,R#0003,R#0004,R#0005,R#0006,R#0007,R#0008,R#0009,R#0010,R#0011,R#0012,R#0013,R#0014
2016-04-27 00:58:54.194, data, MessageQueue,0,0,0,1001,7,0,2,0,0,0,0,2,0,0,2
2016-04-27 00:58:54.204, field, AgentTransaction,R#0000,R#0011,R#0010,R#0002,R#0013,R#0001,R#0012,R#0004,R#0003,R#0014,R#0006,R#0005,R#0008,R#0007,R#0009,Total
2016-04-27 00:58:54.204, data, AgentTransaction,1600,3885888,4205398,869300,661784,63500,1866666,6082189,5161513,421177,3920194,5604703,27400,576600,300,33348212
2016-04-27 00:58:54.204, field, MessageLatency,R#0000,R#0011,R#0010,R#0002,R#0013,R#0001,R#0012,R#0004,R#0003,R#0014,R#0006,R#0005,R#0008,R#0007,R#0009
2016-04-27 00:58:54.204, data, MessageLatency,1864,5,4,5,1,57,1,9,1183,1,3,1,115,5,9019
2016-04-27 00:58:55.194, field, MessageQueue,R#0000,R#0001,R#0002,R#0003,R#0004,R#0005,R#0006,R#0007,R#0008,R#0009,R#0010,R#0011,R#0012,R#0013,R#0014
2016-04-27 00:58:55.194, data, MessageQueue,0,0,0,1000,3,0,0,0,0,0,1,0,1,0,1
2016-04-27 00:58:55.204, field, AgentTransaction,R#0000,R#0011,R#0010,R#0002,R#0013,R#0001,R#0012,R#0004,R#0003,R#0014,R#0006,R#0005,R#0008,R#0007,R#0009,Total
2016-04-27 00:58:55.204, data, AgentTransaction,1700,3950088,4248098,883500,705984,64500,1931766,6146789,5247613,467877,3984394,5649303,27800,586100,300,33895812
2016-04-27 00:58:55.204, field, MessageLatency,R#0000,R#0011,R#0010,R#0002,R#0013,R#0001,R#0012,R#0004,R#0003,R#0014,R#0006,R#0005,R#0008,R#0007,R#0009
2016-04-27 00:58:55.204, data, MessageLatency,1809,4,2,5,1,50,1,6,1172,2,2,0,116,8,9019
2016-04-27 00:58:56.194, field, MessageQueue,R#0000,R#0001,R#0002,R#0003,R#0004,R#0005,R#0006,R#0007,R#0008,R#0009,R#0010,R#0011,R#0012,R#0013,R#0014
2016-04-27 00:58:56.194, data, MessageQueue,0,0,0,1001,2,0,1,0,0,0,0,2,4,2,1
2016-04-27 00:58:56.211, field, AgentTransaction,R#0000,R#0011,R#0010,R#0002,R#0013,R#0001,R#0012,R#0004,R#0003,R#0014,R#0006,R#0005,R#0008,R#0007,R#0009,Total
2016-04-27 00:58:56.211, data, AgentTransaction,1700,4014788,4292198,897900,750784,65600,1999224,6210089,5334213,512277,4049294,5695503,28300,595500,300,34447670
2016-04-27 00:58:56.211, field, MessageLatency,R#0000,R#0011,R#0010,R#0002,R#0013,R#0001,R#0012,R#0004,R#0003,R#0014,R#0006,R#0005,R#0008,R#0007,R#0009
2016-04-27 00:58:56.211, data, MessageLatency,1809,6,6,4,4,44,0,2,1159,3,2,2,112,7,9019
2016-04-27 00:58:57.194, field, MessageQueue,R#0000,R#0001,R#0002,R#0003,R#0004,R#0005,R#0006,R#0007,R#0008,R#0009,R#0010,R#0011,R#0012,R#0013,R#0014
2016-04-27 00:58:57.194, data, MessageQueue,0,0,0,1001,7,0,5,0,0,0,1,5,0,0,0
2016-04-27 00:58:57.205, field, AgentTransaction,R#0000,R#0011,R#0010,R#0002,R#0013,R#0001,R#0012,R#0004,R#0003,R#0014,R#0006,R#0005,R#0008,R#0007,R#0009,Total
2016-04-27 00:58:57.205, data, AgentTransaction,1700,4076717,4337298,911600,790784,66600,2061824,6272389,5417613,557377,4110994,5737903,28700,604700,300,34976499
2016-04-27 00:58:57.205, field, MessageLatency,R#0000,R#0011,R#0010,R#0002,R#0013,R#0001,R#0012,R#0004,R#0003,R#0014,R#0006,R#0005,R#0008,R#0007,R#0009
2016-04-27 00:58:57.205, data, MessageLatency,1809,14,1,6,1,52,2,2,1197,1,4,1,118,5,9019
2016-04-27 00:58:58.194, field, MessageQueue,R#0000,R#0001,R#0002,R#0003,R#0004,R#0005,R#0006,R#0007,R#0008,R#0009,R#0010,R#0011,R#0012,R#0013,R#0014
2016-04-27 00:58:58.194, data, MessageQueue,0,0,0,1000,7,2,0,0,0,0,0,1,0,0,0
2016-04-27 00:58:58.205, field, AgentTransaction,R#0000,R#0011,R#0010,R#0002,R#0013,R#0001,R#0012,R#0004,R#0003,R#0014,R#0006,R#0005,R#0008,R#0007,R#0009,Total
2016-04-27 00:58:58.205, data, AgentTransaction,1700,4139917,4380498,925600,832984,67600,2128324,6333189,5502113,602277,4174194,5782603,29200,614000,300,35514499
2016-04-27 00:58:58.205, field, MessageLatency,R#0000,R#0011,R#0010,R#0002,R#0013,R#0001,R#0012,R#0004,R#0003,R#0014,R#0006,R#0005,R#0008,R#0007,R#0009
2016-04-27 00:58:58.205, data, MessageLatency,1809,1,1,6,3,52,4,13,1178,1,2,1,114,7,9019
2016-04-27 00:58:59.194, field, MessageQueue,R#0000,R#0001,R#0002,R#0003,R#0004,R#0005,R#0006,R#0007,R#0008,R#0009,R#0010,R#0011,R#0012,R#0013,R#0014
2016-04-27 00:58:59.194, data, MessageQueue,0,0,0,1001,2,0,0,0,0,0,0,0,1,0,0
2016-04-27 00:58:59.205, field, AgentTransaction,R#0000,R#0011,R#0010,R#0002,R#0013,R#0001,R#0012,R#0004,R#0003,R#0014,R#0006,R#0005,R#0008,R#0007,R#0009,Total
2016-04-27 00:58:59.205, data, AgentTransaction,1800,4198217,4422798,939400,875874,68600,2191224,6399189,5585113,645477,4236094,5826003,29600,623000,300,36042689
2016-04-27 00:58:59.205, field, MessageLatency,R#0000,R#0011,R#0010,R#0002,R#0013,R#0001,R#0012,R#0004,R#0003,R#0014,R#0006,R#0005,R#0008,R#0007,R#0009
2016-04-27 00:58:59.205, data, MessageLatency,1838,2,1,5,3,46,3,4,1206,1,2,2,125,8,9019
2016-04-27 00:59:00.208, field, MessageQueue,R#0000,R#0001,R#0002,R#0003,R#0004,R#0005,R#0006,R#0007,R#0008,R#0009,R#0010,R#0011,R#0012,R#0013,R#0014
2016-04-27 00:59:00.208, data, MessageQueue,0,0,0,1001,4,0,4,0,0,0,0,2,1,1,0
2016-04-27 00:59:00.219, field, AgentTransaction,R#0000,R#0011,R#0010,R#0002,R#0013,R#0001,R#0012,R#0004,R#0003,R#0014,R#0006,R#0005,R#0008,R#0007,R#0009,Total
2016-04-27 00:59:00.220, data, AgentTransaction,1800,4264217,4467098,953400,923174,69700,2257924,6457989,5671013,690125,4299494,5866203,30000,632400,300,36584837
2016-04-27 00:59:00.220, field, MessageLatency,R#0000,R#0011,R#0010,R#0002,R#0013,R#0001,R#0012,R#0004,R#0003,R#0014,R#0006,R#0005,R#0008,R#0007,R#0009
2016-04-27 00:59:00.220, data, MessageLatency,1838,7,2,8,6,47,3,8,1187,1,10,2,123,4,9019
2016-04-27 00:59:00.226, field, AgentLifeTime,R#0000,R#0011,R#0010,R#0002,R#0013,R#0001,R#0012,R#0004,R#0003,R#0014,R#0006,R#0005,R#0008,R#0007,R#0009
2016-04-27 00:59:00.226, data, AgentLifeTime,98708,100019,100015,100017,100017,100014,100016,100021,100030,100011,100023,100015,99834,100010,87365
